Command line invocation:
    /Applications/Xcode.app/Contents/Developer/usr/bin/xcodebuild -workspace BobCamAgent.xcworkspace -scheme BobCamAgent -configuration Debug -destination id=00008110-0011714C2201801E clean build install

ComputePackagePrebuildTargetDependencyGraph

CreateBuildRequest

SendProjectDescription

CreateBuildOperation

** CLEAN SUCCEEDED **

ComputePackagePrebuildTargetDependencyGraph

Prepare packages

CreateBuildRequest

SendProjectDescription

CreateBuildOperation

ComputeTargetDependencyGraph
note: Building targets in dependency order
note: Target dependency graph (3 targets)
    Target 'BobCamAgent' in project 'BobCamAgent'
        ➜ Implicit dependency on target 'Pods-BobCamAgent' in project 'Pods' via file 'Pods_BobCamAgent.framework' in build phase 'Link Binary'
    Target 'Pods-BobCamAgent' in project 'Pods'
        ➜ Explicit dependency on target 'SwiftLint' in project 'Pods'
    Target 'SwiftLint' in project 'Pods' (no dependencies)

GatherProvisioningInputs

CreateBuildDescription

ExecuteExternalTool /Applications/Xcode.app/Contents/Developer/Toolchains/XcodeDefault.xctoolchain/usr/bin/clang -v -E -dM -arch arm64 -isysroot /Applications/Xcode.app/Contents/Developer/Platforms/iPhoneOS.platform/Developer/SDKs/iPhoneOS18.5.sdk -x c -c /dev/null

ExecuteExternalTool /Applications/Xcode.app/Contents/Developer/Toolchains/XcodeDefault.xctoolchain/usr/bin/clang -v -E -dM -isysroot /Applications/Xcode.app/Contents/Developer/Platforms/iPhoneOS.platform/Developer/SDKs/iPhoneOS18.5.sdk -x c -c /dev/null

ExecuteExternalTool /Applications/Xcode.app/Contents/Developer/Toolchains/XcodeDefault.xctoolchain/usr/bin/swiftc --version

ExecuteExternalTool /Applications/Xcode.app/Contents/Developer/Toolchains/XcodeDefault.xctoolchain/usr/bin/clang -v -E -dM -arch arm64 -isysroot /Applications/Xcode.app/Contents/Developer/Platforms/iPhoneOS.platform/Developer/SDKs/iPhoneOS18.5.sdk -x objective-c -c /dev/null

ExecuteExternalTool /Applications/Xcode.app/Contents/Developer/Toolchains/XcodeDefault.xctoolchain/usr/bin/libtool -V

ExecuteExternalTool /Applications/Xcode.app/Contents/Developer/Toolchains/XcodeDefault.xctoolchain/usr/bin/ld -version_details

Build description signature: 12aab57e344c1be6c5396bd6cb1f2d5e
Build description path: /Users/gunn.kim/Library/Developer/Xcode/DerivedData/BobCamAgent-elvzdrtgzbztmwhjwnkkxvaocirp/Build/Intermediates.noindex/XCBuildData/12aab57e344c1be6c5396bd6cb1f2d5e.xcbuilddata
ClangStatCache /Applications/Xcode.app/Contents/Developer/Toolchains/XcodeDefault.xctoolchain/usr/bin/clang-stat-cache /Applications/Xcode.app/Contents/Developer/Platforms/iPhoneOS.platform/Developer/SDKs/iPhoneOS18.5.sdk /Users/gunn.kim/Library/Developer/Xcode/DerivedData/SDKStatCaches.noindex/iphoneos18.5-22F76-7fa4eea80a99bbfdc046826b63ec4baf.sdkstatcache
    cd /Users/gunn.kim/study/BobCam/BobCam-iOS/BobCamAgent
    /Applications/Xcode.app/Contents/Developer/Toolchains/XcodeDefault.xctoolchain/usr/bin/clang-stat-cache /Applications/Xcode.app/Contents/Developer/Platforms/iPhoneOS.platform/Developer/SDKs/iPhoneOS18.5.sdk -o /Users/gunn.kim/Library/Developer/Xcode/DerivedData/SDKStatCaches.noindex/iphoneos18.5-22F76-7fa4eea80a99bbfdc046826b63ec4baf.sdkstatcache

CreateBuildDirectory /Users/gunn.kim/Library/Developer/Xcode/DerivedData/BobCamAgent-elvzdrtgzbztmwhjwnkkxvaocirp/Build/Products
    cd /Users/gunn.kim/study/BobCam/BobCam-iOS/BobCamAgent
    builtin-create-build-directory /Users/gunn.kim/Library/Developer/Xcode/DerivedData/BobCamAgent-elvzdrtgzbztmwhjwnkkxvaocirp/Build/Products

CreateBuildDirectory /Users/gunn.kim/Library/Developer/Xcode/DerivedData/BobCamAgent-elvzdrtgzbztmwhjwnkkxvaocirp/Build/Intermediates.noindex
    cd /Users/gunn.kim/study/BobCam/BobCam-iOS/BobCamAgent
    builtin-create-build-directory /Users/gunn.kim/Library/Developer/Xcode/DerivedData/BobCamAgent-elvzdrtgzbztmwhjwnkkxvaocirp/Build/Intermediates.noindex

CreateBuildDirectory /Users/gunn.kim/Library/Developer/Xcode/DerivedData/BobCamAgent-elvzdrtgzbztmwhjwnkkxvaocirp/Build/Intermediates.noindex/EagerLinkingTBDs/Debug-iphoneos
    cd /Users/gunn.kim/study/BobCam/BobCam-iOS/BobCamAgent
    builtin-create-build-directory /Users/gunn.kim/Library/Developer/Xcode/DerivedData/BobCamAgent-elvzdrtgzbztmwhjwnkkxvaocirp/Build/Intermediates.noindex/EagerLinkingTBDs/Debug-iphoneos

CreateBuildDirectory /Users/gunn.kim/Library/Developer/Xcode/DerivedData/BobCamAgent-elvzdrtgzbztmwhjwnkkxvaocirp/Build/Products/Debug-iphoneos
    cd /Users/gunn.kim/study/BobCam/BobCam-iOS/BobCamAgent
    builtin-create-build-directory /Users/gunn.kim/Library/Developer/Xcode/DerivedData/BobCamAgent-elvzdrtgzbztmwhjwnkkxvaocirp/Build/Products/Debug-iphoneos

WriteAuxiliaryFile /Users/gunn.kim/Library/Developer/Xcode/DerivedData/BobCamAgent-elvzdrtgzbztmwhjwnkkxvaocirp/Build/Intermediates.noindex/Pods.build/Debug-iphoneos/Pods-8699adb1dd336b26511df848a716bd42-VFS-iphoneos/all-product-headers.yaml
    cd /Users/gunn.kim/study/BobCam/BobCam-iOS/BobCamAgent
    write-file /Users/gunn.kim/Library/Developer/Xcode/DerivedData/BobCamAgent-elvzdrtgzbztmwhjwnkkxvaocirp/Build/Intermediates.noindex/Pods.build/Debug-iphoneos/Pods-8699adb1dd336b26511df848a716bd42-VFS-iphoneos/all-product-headers.yaml

WriteAuxiliaryFile /Users/gunn.kim/Library/Developer/Xcode/DerivedData/BobCamAgent-elvzdrtgzbztmwhjwnkkxvaocirp/Build/Intermediates.noindex/BobCamAgent.build/Debug-iphoneos/BobCamAgent-7bcf04dd287a8a6fc515f927e120d9d2-VFS-iphoneos/all-product-headers.yaml
    cd /Users/gunn.kim/study/BobCam/BobCam-iOS/BobCamAgent
    write-file /Users/gunn.kim/Library/Developer/Xcode/DerivedData/BobCamAgent-elvzdrtgzbztmwhjwnkkxvaocirp/Build/Intermediates.noindex/BobCamAgent.build/Debug-iphoneos/BobCamAgent-7bcf04dd287a8a6fc515f927e120d9d2-VFS-iphoneos/all-product-headers.yaml

CreateBuildDirectory /Users/gunn.kim/Library/Developer/Xcode/DerivedData/BobCamAgent-elvzdrtgzbztmwhjwnkkxvaocirp/Build/Products/Debug-iphoneos/SwiftLint
    cd /Users/gunn.kim/study/BobCam/BobCam-iOS/BobCamAgent
    builtin-create-build-directory /Users/gunn.kim/Library/Developer/Xcode/DerivedData/BobCamAgent-elvzdrtgzbztmwhjwnkkxvaocirp/Build/Products/Debug-iphoneos/SwiftLint

WriteAuxiliaryFile /Users/gunn.kim/Library/Developer/Xcode/DerivedData/BobCamAgent-elvzdrtgzbztmwhjwnkkxvaocirp/Build/Intermediates.noindex/Pods.build/Debug-iphoneos/Pods-BobCamAgent.build/Pods_BobCamAgent-own-target-headers.hmap (in target 'Pods-BobCamAgent' from project 'Pods')
    cd /Users/gunn.kim/study/BobCam/BobCam-iOS/BobCamAgent/Pods
    write-file /Users/gunn.kim/Library/Developer/Xcode/DerivedData/BobCamAgent-elvzdrtgzbztmwhjwnkkxvaocirp/Build/Intermediates.noindex/Pods.build/Debug-iphoneos/Pods-BobCamAgent.build/Pods_BobCamAgent-own-target-headers.hmap

WriteAuxiliaryFile /Users/gunn.kim/Library/Developer/Xcode/DerivedData/BobCamAgent-elvzdrtgzbztmwhjwnkkxvaocirp/Build/Intermediates.noindex/Pods.build/Debug-iphoneos/Pods-BobCamAgent.build/Pods_BobCamAgent.DependencyMetadataFileList (in target 'Pods-BobCamAgent' from project 'Pods')
    cd /Users/gunn.kim/study/BobCam/BobCam-iOS/BobCamAgent/Pods
    write-file /Users/gunn.kim/Library/Developer/Xcode/DerivedData/BobCamAgent-elvzdrtgzbztmwhjwnkkxvaocirp/Build/Intermediates.noindex/Pods.build/Debug-iphoneos/Pods-BobCamAgent.build/Pods_BobCamAgent.DependencyMetadataFileList

WriteAuxiliaryFile /Users/gunn.kim/Library/Developer/Xcode/DerivedData/BobCamAgent-elvzdrtgzbztmwhjwnkkxvaocirp/Build/Intermediates.noindex/Pods.build/Debug-iphoneos/Pods-BobCamAgent.build/Pods_BobCamAgent.hmap (in target 'Pods-BobCamAgent' from project 'Pods')
    cd /Users/gunn.kim/study/BobCam/BobCam-iOS/BobCamAgent/Pods
    write-file /Users/gunn.kim/Library/Developer/Xcode/DerivedData/BobCamAgent-elvzdrtgzbztmwhjwnkkxvaocirp/Build/Intermediates.noindex/Pods.build/Debug-iphoneos/Pods-BobCamAgent.build/Pods_BobCamAgent.hmap

WriteAuxiliaryFile /Users/gunn.kim/Library/Developer/Xcode/DerivedData/BobCamAgent-elvzdrtgzbztmwhjwnkkxvaocirp/Build/Intermediates.noindex/Pods.build/Debug-iphoneos/Pods-BobCamAgent.build/Pods_BobCamAgent-all-target-headers.hmap (in target 'Pods-BobCamAgent' from project 'Pods')
    cd /Users/gunn.kim/study/BobCam/BobCam-iOS/BobCamAgent/Pods
    write-file /Users/gunn.kim/Library/Developer/Xcode/DerivedData/BobCamAgent-elvzdrtgzbztmwhjwnkkxvaocirp/Build/Intermediates.noindex/Pods.build/Debug-iphoneos/Pods-BobCamAgent.build/Pods_BobCamAgent-all-target-headers.hmap

WriteAuxiliaryFile /Users/gunn.kim/Library/Developer/Xcode/DerivedData/BobCamAgent-elvzdrtgzbztmwhjwnkkxvaocirp/Build/Intermediates.noindex/Pods.build/Debug-iphoneos/Pods-BobCamAgent.build/Pods_BobCamAgent-all-non-framework-target-headers.hmap (in target 'Pods-BobCamAgent' from project 'Pods')
    cd /Users/gunn.kim/study/BobCam/BobCam-iOS/BobCamAgent/Pods
    write-file /Users/gunn.kim/Library/Developer/Xcode/DerivedData/BobCamAgent-elvzdrtgzbztmwhjwnkkxvaocirp/Build/Intermediates.noindex/Pods.build/Debug-iphoneos/Pods-BobCamAgent.build/Pods_BobCamAgent-all-non-framework-target-headers.hmap

WriteAuxiliaryFile /Users/gunn.kim/Library/Developer/Xcode/DerivedData/BobCamAgent-elvzdrtgzbztmwhjwnkkxvaocirp/Build/Intermediates.noindex/Pods.build/Debug-iphoneos/Pods-BobCamAgent.build/Pods_BobCamAgent-project-headers.hmap (in target 'Pods-BobCamAgent' from project 'Pods')
    cd /Users/gunn.kim/study/BobCam/BobCam-iOS/BobCamAgent/Pods
    write-file /Users/gunn.kim/Library/Developer/Xcode/DerivedData/BobCamAgent-elvzdrtgzbztmwhjwnkkxvaocirp/Build/Intermediates.noindex/Pods.build/Debug-iphoneos/Pods-BobCamAgent.build/Pods_BobCamAgent-project-headers.hmap

WriteAuxiliaryFile /Users/gunn.kim/Library/Developer/Xcode/DerivedData/BobCamAgent-elvzdrtgzbztmwhjwnkkxvaocirp/Build/Intermediates.noindex/Pods.build/Debug-iphoneos/Pods-BobCamAgent.build/Pods_BobCamAgent.DependencyStaticMetadataFileList (in target 'Pods-BobCamAgent' from project 'Pods')
    cd /Users/gunn.kim/study/BobCam/BobCam-iOS/BobCamAgent/Pods
    write-file /Users/gunn.kim/Library/Developer/Xcode/DerivedData/BobCamAgent-elvzdrtgzbztmwhjwnkkxvaocirp/Build/Intermediates.noindex/Pods.build/Debug-iphoneos/Pods-BobCamAgent.build/Pods_BobCamAgent.DependencyStaticMetadataFileList

WriteAuxiliaryFile /Users/gunn.kim/Library/Developer/Xcode/DerivedData/BobCamAgent-elvzdrtgzbztmwhjwnkkxvaocirp/Build/Intermediates.noindex/Pods.build/Debug-iphoneos/Pods-BobCamAgent.build/Pods_BobCamAgent-generated-files.hmap (in target 'Pods-BobCamAgent' from project 'Pods')
    cd /Users/gunn.kim/study/BobCam/BobCam-iOS/BobCamAgent/Pods
    write-file /Users/gunn.kim/Library/Developer/Xcode/DerivedData/BobCamAgent-elvzdrtgzbztmwhjwnkkxvaocirp/Build/Intermediates.noindex/Pods.build/Debug-iphoneos/Pods-BobCamAgent.build/Pods_BobCamAgent-generated-files.hmap

WriteAuxiliaryFile /Users/gunn.kim/Library/Developer/Xcode/DerivedData/BobCamAgent-elvzdrtgzbztmwhjwnkkxvaocirp/Build/Intermediates.noindex/Pods.build/Debug-iphoneos/Pods-BobCamAgent.build/Objects-normal/arm64/e6072d4f65d7061329687fe24e3d63a7-common-args.resp (in target 'Pods-BobCamAgent' from project 'Pods')
    cd /Users/gunn.kim/study/BobCam/BobCam-iOS/BobCamAgent/Pods
    write-file /Users/gunn.kim/Library/Developer/Xcode/DerivedData/BobCamAgent-elvzdrtgzbztmwhjwnkkxvaocirp/Build/Intermediates.noindex/Pods.build/Debug-iphoneos/Pods-BobCamAgent.build/Objects-normal/arm64/e6072d4f65d7061329687fe24e3d63a7-common-args.resp
-target arm64-apple-ios15.0 '-std=gnu11' -fobjc-arc -fmodules -gmodules '-fmodules-cache-path=/Users/gunn.kim/Library/Developer/Xcode/DerivedData/ModuleCache.noindex' '-fmodule-name=Pods_BobCamAgent' -fpascal-strings -O0 -fno-common '-DPOD_CONFIGURATION_DEBUG=1' '-DDEBUG=1' '-DCOCOAPODS=1' '-DOBJC_OLD_DISPATCH_PROTOTYPES=0' -isysroot /Applications/Xcode.app/Contents/Developer/Platforms/iPhoneOS.platform/Developer/SDKs/iPhoneOS18.5.sdk -g -iquote /Users/gunn.kim/Library/Developer/Xcode/DerivedData/BobCamAgent-elvzdrtgzbztmwhjwnkkxvaocirp/Build/Intermediates.noindex/Pods.build/Debug-iphoneos/Pods-BobCamAgent.build/Pods_BobCamAgent-generated-files.hmap -I/Users/gunn.kim/Library/Developer/Xcode/DerivedData/BobCamAgent-elvzdrtgzbztmwhjwnkkxvaocirp/Build/Intermediates.noindex/Pods.build/Debug-iphoneos/Pods-BobCamAgent.build/Pods_BobCamAgent-own-target-headers.hmap -I/Users/gunn.kim/Library/Developer/Xcode/DerivedData/BobCamAgent-elvzdrtgzbztmwhjwnkkxvaocirp/Build/Intermediates.noindex/Pods.build/Debug-iphoneos/Pods-BobCamAgent.build/Pods_BobCamAgent-all-non-framework-target-headers.hmap -ivfsoverlay /Users/gunn.kim/Library/Developer/Xcode/DerivedData/BobCamAgent-elvzdrtgzbztmwhjwnkkxvaocirp/Build/Intermediates.noindex/Pods.build/Debug-iphoneos/Pods-8699adb1dd336b26511df848a716bd42-VFS-iphoneos/all-product-headers.yaml -iquote /Users/gunn.kim/Library/Developer/Xcode/DerivedData/BobCamAgent-elvzdrtgzbztmwhjwnkkxvaocirp/Build/Intermediates.noindex/Pods.build/Debug-iphoneos/Pods-BobCamAgent.build/Pods_BobCamAgent-project-headers.hmap -I/Users/gunn.kim/Library/Developer/Xcode/DerivedData/BobCamAgent-elvzdrtgzbztmwhjwnkkxvaocirp/Build/Products/Debug-iphoneos/include -I/Users/gunn.kim/Library/Developer/Xcode/DerivedData/BobCamAgent-elvzdrtgzbztmwhjwnkkxvaocirp/Build/Intermediates.noindex/Pods.build/Debug-iphoneos/Pods-BobCamAgent.build/DerivedSources-normal/arm64 -I/Users/gunn.kim/Library/Developer/Xcode/DerivedData/BobCamAgent-elvzdrtgzbztmwhjwnkkxvaocirp/Build/Intermediates.noindex/Pods.build/Debug-iphoneos/Pods-BobCamAgent.build/DerivedSources/arm64 -I/Users/gunn.kim/Library/Developer/Xcode/DerivedData/BobCamAgent-elvzdrtgzbztmwhjwnkkxvaocirp/Build/Intermediates.noindex/Pods.build/Debug-iphoneos/Pods-BobCamAgent.build/DerivedSources -F/Users/gunn.kim/Library/Developer/Xcode/DerivedData/BobCamAgent-elvzdrtgzbztmwhjwnkkxvaocirp/Build/Products/Debug-iphoneos

WriteAuxiliaryFile /Users/gunn.kim/Library/Developer/Xcode/DerivedData/BobCamAgent-elvzdrtgzbztmwhjwnkkxvaocirp/Build/Intermediates.noindex/Pods.build/Debug-iphoneos/Pods-BobCamAgent.build/Objects-normal/arm64/7187679823f38a2a940e0043cdf9d637-common-args.resp (in target 'Pods-BobCamAgent' from project 'Pods')
    cd /Users/gunn.kim/study/BobCam/BobCam-iOS/BobCamAgent/Pods
    write-file /Users/gunn.kim/Library/Developer/Xcode/DerivedData/BobCamAgent-elvzdrtgzbztmwhjwnkkxvaocirp/Build/Intermediates.noindex/Pods.build/Debug-iphoneos/Pods-BobCamAgent.build/Objects-normal/arm64/7187679823f38a2a940e0043cdf9d637-common-args.resp
-target arm64-apple-ios15.0 '-std=gnu11' -fmodules -gmodules '-fmodules-cache-path=/Users/gunn.kim/Library/Developer/Xcode/DerivedData/ModuleCache.noindex' '-fmodule-name=Pods_BobCamAgent' -fpascal-strings -O0 -fno-common '-DPOD_CONFIGURATION_DEBUG=1' '-DDEBUG=1' '-DCOCOAPODS=1' -isysroot /Applications/Xcode.app/Contents/Developer/Platforms/iPhoneOS.platform/Developer/SDKs/iPhoneOS18.5.sdk -g -iquote /Users/gunn.kim/Library/Developer/Xcode/DerivedData/BobCamAgent-elvzdrtgzbztmwhjwnkkxvaocirp/Build/Intermediates.noindex/Pods.build/Debug-iphoneos/Pods-BobCamAgent.build/Pods_BobCamAgent-generated-files.hmap -I/Users/gunn.kim/Library/Developer/Xcode/DerivedData/BobCamAgent-elvzdrtgzbztmwhjwnkkxvaocirp/Build/Intermediates.noindex/Pods.build/Debug-iphoneos/Pods-BobCamAgent.build/Pods_BobCamAgent-own-target-headers.hmap -I/Users/gunn.kim/Library/Developer/Xcode/DerivedData/BobCamAgent-elvzdrtgzbztmwhjwnkkxvaocirp/Build/Intermediates.noindex/Pods.build/Debug-iphoneos/Pods-BobCamAgent.build/Pods_BobCamAgent-all-non-framework-target-headers.hmap -ivfsoverlay /Users/gunn.kim/Library/Developer/Xcode/DerivedData/BobCamAgent-elvzdrtgzbztmwhjwnkkxvaocirp/Build/Intermediates.noindex/Pods.build/Debug-iphoneos/Pods-8699adb1dd336b26511df848a716bd42-VFS-iphoneos/all-product-headers.yaml -iquote /Users/gunn.kim/Library/Developer/Xcode/DerivedData/BobCamAgent-elvzdrtgzbztmwhjwnkkxvaocirp/Build/Intermediates.noindex/Pods.build/Debug-iphoneos/Pods-BobCamAgent.build/Pods_BobCamAgent-project-headers.hmap -I/Users/gunn.kim/Library/Developer/Xcode/DerivedData/BobCamAgent-elvzdrtgzbztmwhjwnkkxvaocirp/Build/Products/Debug-iphoneos/include -I/Users/gunn.kim/Library/Developer/Xcode/DerivedData/BobCamAgent-elvzdrtgzbztmwhjwnkkxvaocirp/Build/Intermediates.noindex/Pods.build/Debug-iphoneos/Pods-BobCamAgent.build/DerivedSources-normal/arm64 -I/Users/gunn.kim/Library/Developer/Xcode/DerivedData/BobCamAgent-elvzdrtgzbztmwhjwnkkxvaocirp/Build/Intermediates.noindex/Pods.build/Debug-iphoneos/Pods-BobCamAgent.build/DerivedSources/arm64 -I/Users/gunn.kim/Library/Developer/Xcode/DerivedData/BobCamAgent-elvzdrtgzbztmwhjwnkkxvaocirp/Build/Intermediates.noindex/Pods.build/Debug-iphoneos/Pods-BobCamAgent.build/DerivedSources -F/Users/gunn.kim/Library/Developer/Xcode/DerivedData/BobCamAgent-elvzdrtgzbztmwhjwnkkxvaocirp/Build/Products/Debug-iphoneos

WriteAuxiliaryFile /Users/gunn.kim/Library/Developer/Xcode/DerivedData/BobCamAgent-elvzdrtgzbztmwhjwnkkxvaocirp/Build/Intermediates.noindex/Pods.build/Debug-iphoneos/Pods-BobCamAgent.build/Objects-normal/arm64/Pods_BobCamAgent.LinkFileList (in target 'Pods-BobCamAgent' from project 'Pods')
    cd /Users/gunn.kim/study/BobCam/BobCam-iOS/BobCamAgent/Pods
    write-file /Users/gunn.kim/Library/Developer/Xcode/DerivedData/BobCamAgent-elvzdrtgzbztmwhjwnkkxvaocirp/Build/Intermediates.noindex/Pods.build/Debug-iphoneos/Pods-BobCamAgent.build/Objects-normal/arm64/Pods_BobCamAgent.LinkFileList

WriteAuxiliaryFile /Users/gunn.kim/Library/Developer/Xcode/DerivedData/BobCamAgent-elvzdrtgzbztmwhjwnkkxvaocirp/Build/Intermediates.noindex/Pods.build/Debug-iphoneos/Pods-BobCamAgent.build/DerivedSources/Pods_BobCamAgent_vers.c (in target 'Pods-BobCamAgent' from project 'Pods')
    cd /Users/gunn.kim/study/BobCam/BobCam-iOS/BobCamAgent/Pods
    write-file /Users/gunn.kim/Library/Developer/Xcode/DerivedData/BobCamAgent-elvzdrtgzbztmwhjwnkkxvaocirp/Build/Intermediates.noindex/Pods.build/Debug-iphoneos/Pods-BobCamAgent.build/DerivedSources/Pods_BobCamAgent_vers.c

Copy /Users/gunn.kim/Library/Developer/Xcode/DerivedData/BobCamAgent-elvzdrtgzbztmwhjwnkkxvaocirp/Build/Intermediates.noindex/Pods.build/Debug-iphoneos/Pods-BobCamAgent.build/module.modulemap /Users/gunn.kim/study/BobCam/BobCam-iOS/BobCamAgent/Pods/Target\ Support\ Files/Pods-BobCamAgent/Pods-BobCamAgent.modulemap (in target 'Pods-BobCamAgent' from project 'Pods')
    cd /Users/gunn.kim/study/BobCam/BobCam-iOS/BobCamAgent/Pods
    builtin-copy -exclude .DS_Store -exclude CVS -exclude .svn -exclude .git -exclude .hg -resolve-src-symlinks -rename /Users/gunn.kim/study/BobCam/BobCam-iOS/BobCamAgent/Pods/Target\ Support\ Files/Pods-BobCamAgent/Pods-BobCamAgent.modulemap /Users/gunn.kim/Library/Developer/Xcode/DerivedData/BobCamAgent-elvzdrtgzbztmwhjwnkkxvaocirp/Build/Intermediates.noindex/Pods.build/Debug-iphoneos/Pods-BobCamAgent.build/module.modulemap

WriteAuxiliaryFile /Users/gunn.kim/Library/Developer/Xcode/DerivedData/BobCamAgent-elvzdrtgzbztmwhjwnkkxvaocirp/Build/Intermediates.noindex/BobCamAgent.build/Debug-iphoneos/BobCamAgent.build/b0f3c7090bb066f4b4cdeb637d2e7dc3.sb (in target 'BobCamAgent' from project 'BobCamAgent')
    cd /Users/gunn.kim/study/BobCam/BobCam-iOS/BobCamAgent
    write-file /Users/gunn.kim/Library/Developer/Xcode/DerivedData/BobCamAgent-elvzdrtgzbztmwhjwnkkxvaocirp/Build/Intermediates.noindex/BobCamAgent.build/Debug-iphoneos/BobCamAgent.build/b0f3c7090bb066f4b4cdeb637d2e7dc3.sb

WriteAuxiliaryFile /Users/gunn.kim/Library/Developer/Xcode/DerivedData/BobCamAgent-elvzdrtgzbztmwhjwnkkxvaocirp/Build/Intermediates.noindex/BobCamAgent.build/Debug-iphoneos/BobCamAgent.build/Script-15EAECB89F70FD456E8DD2B0.sh (in target 'BobCamAgent' from project 'BobCamAgent')
    cd /Users/gunn.kim/study/BobCam/BobCam-iOS/BobCamAgent
    write-file /Users/gunn.kim/Library/Developer/Xcode/DerivedData/BobCamAgent-elvzdrtgzbztmwhjwnkkxvaocirp/Build/Intermediates.noindex/BobCamAgent.build/Debug-iphoneos/BobCamAgent.build/Script-15EAECB89F70FD456E8DD2B0.sh

CpHeader /Users/gunn.kim/Library/Developer/Xcode/DerivedData/BobCamAgent-elvzdrtgzbztmwhjwnkkxvaocirp/Build/Products/Debug-iphoneos/Pods_BobCamAgent.framework/Headers/Pods-BobCamAgent-umbrella.h /Users/gunn.kim/study/BobCam/BobCam-iOS/BobCamAgent/Pods/Target\ Support\ Files/Pods-BobCamAgent/Pods-BobCamAgent-umbrella.h (in target 'Pods-BobCamAgent' from project 'Pods')
    cd /Users/gunn.kim/study/BobCam/BobCam-iOS/BobCamAgent/Pods
    builtin-copy -exclude .DS_Store -exclude CVS -exclude .svn -exclude .git -exclude .hg -resolve-src-symlinks /Users/gunn.kim/study/BobCam/BobCam-iOS/BobCamAgent/Pods/Target\ Support\ Files/Pods-BobCamAgent/Pods-BobCamAgent-umbrella.h /Users/gunn.kim/Library/Developer/Xcode/DerivedData/BobCamAgent-elvzdrtgzbztmwhjwnkkxvaocirp/Build/Products/Debug-iphoneos/Pods_BobCamAgent.framework/Headers

WriteAuxiliaryFile /Users/gunn.kim/Library/Developer/Xcode/DerivedData/BobCamAgent-elvzdrtgzbztmwhjwnkkxvaocirp/Build/Intermediates.noindex/BobCamAgent.build/Debug-iphoneos/BobCamAgent.build/Objects-normal/arm64/BobCamAgent.SwiftFileList (in target 'BobCamAgent' from project 'BobCamAgent')
    cd /Users/gunn.kim/study/BobCam/BobCam-iOS/BobCamAgent
    write-file /Users/gunn.kim/Library/Developer/Xcode/DerivedData/BobCamAgent-elvzdrtgzbztmwhjwnkkxvaocirp/Build/Intermediates.noindex/BobCamAgent.build/Debug-iphoneos/BobCamAgent.build/Objects-normal/arm64/BobCamAgent.SwiftFileList

WriteAuxiliaryFile /Users/gunn.kim/Library/Developer/Xcode/DerivedData/BobCamAgent-elvzdrtgzbztmwhjwnkkxvaocirp/Build/Intermediates.noindex/BobCamAgent.build/Debug-iphoneos/BobCamAgent.build/Objects-normal/arm64/BobCamAgent_const_extract_protocols.json (in target 'BobCamAgent' from project 'BobCamAgent')
    cd /Users/gunn.kim/study/BobCam/BobCam-iOS/BobCamAgent
    write-file /Users/gunn.kim/Library/Developer/Xcode/DerivedData/BobCamAgent-elvzdrtgzbztmwhjwnkkxvaocirp/Build/Intermediates.noindex/BobCamAgent.build/Debug-iphoneos/BobCamAgent.build/Objects-normal/arm64/BobCamAgent_const_extract_protocols.json

WriteAuxiliaryFile /Users/gunn.kim/Library/Developer/Xcode/DerivedData/BobCamAgent-elvzdrtgzbztmwhjwnkkxvaocirp/Build/Intermediates.noindex/BobCamAgent.build/Debug-iphoneos/BobCamAgent.build/Objects-normal/arm64/BobCamAgent.SwiftConstValuesFileList (in target 'BobCamAgent' from project 'BobCamAgent')
    cd /Users/gunn.kim/study/BobCam/BobCam-iOS/BobCamAgent
    write-file /Users/gunn.kim/Library/Developer/Xcode/DerivedData/BobCamAgent-elvzdrtgzbztmwhjwnkkxvaocirp/Build/Intermediates.noindex/BobCamAgent.build/Debug-iphoneos/BobCamAgent.build/Objects-normal/arm64/BobCamAgent.SwiftConstValuesFileList

WriteAuxiliaryFile /Users/gunn.kim/Library/Developer/Xcode/DerivedData/BobCamAgent-elvzdrtgzbztmwhjwnkkxvaocirp/Build/Intermediates.noindex/BobCamAgent.build/Debug-iphoneos/BobCamAgent.build/Objects-normal/arm64/BobCamAgent.LinkFileList (in target 'BobCamAgent' from project 'BobCamAgent')
    cd /Users/gunn.kim/study/BobCam/BobCam-iOS/BobCamAgent
    write-file /Users/gunn.kim/Library/Developer/Xcode/DerivedData/BobCamAgent-elvzdrtgzbztmwhjwnkkxvaocirp/Build/Intermediates.noindex/BobCamAgent.build/Debug-iphoneos/BobCamAgent.build/Objects-normal/arm64/BobCamAgent.LinkFileList

WriteAuxiliaryFile /Users/gunn.kim/Library/Developer/Xcode/DerivedData/BobCamAgent-elvzdrtgzbztmwhjwnkkxvaocirp/Build/Intermediates.noindex/BobCamAgent.build/Debug-iphoneos/BobCamAgent.build/Objects-normal/arm64/BobCamAgent-OutputFileMap.json (in target 'BobCamAgent' from project 'BobCamAgent')
    cd /Users/gunn.kim/study/BobCam/BobCam-iOS/BobCamAgent
    write-file /Users/gunn.kim/Library/Developer/Xcode/DerivedData/BobCamAgent-elvzdrtgzbztmwhjwnkkxvaocirp/Build/Intermediates.noindex/BobCamAgent.build/Debug-iphoneos/BobCamAgent.build/Objects-normal/arm64/BobCamAgent-OutputFileMap.json

WriteAuxiliaryFile /Users/gunn.kim/Library/Developer/Xcode/DerivedData/BobCamAgent-elvzdrtgzbztmwhjwnkkxvaocirp/Build/Intermediates.noindex/BobCamAgent.build/Debug-iphoneos/BobCamAgent.build/DerivedSources/Entitlements.plist (in target 'BobCamAgent' from project 'BobCamAgent')
    cd /Users/gunn.kim/study/BobCam/BobCam-iOS/BobCamAgent
    write-file /Users/gunn.kim/Library/Developer/Xcode/DerivedData/BobCamAgent-elvzdrtgzbztmwhjwnkkxvaocirp/Build/Intermediates.noindex/BobCamAgent.build/Debug-iphoneos/BobCamAgent.build/DerivedSources/Entitlements.plist

WriteAuxiliaryFile /Users/gunn.kim/Library/Developer/Xcode/DerivedData/BobCamAgent-elvzdrtgzbztmwhjwnkkxvaocirp/Build/Intermediates.noindex/BobCamAgent.build/Debug-iphoneos/BobCamAgent.build/BobCamAgent.hmap (in target 'BobCamAgent' from project 'BobCamAgent')
    cd /Users/gunn.kim/study/BobCam/BobCam-iOS/BobCamAgent
    write-file /Users/gunn.kim/Library/Developer/Xcode/DerivedData/BobCamAgent-elvzdrtgzbztmwhjwnkkxvaocirp/Build/Intermediates.noindex/BobCamAgent.build/Debug-iphoneos/BobCamAgent.build/BobCamAgent.hmap

WriteAuxiliaryFile /Users/gunn.kim/Library/Developer/Xcode/DerivedData/BobCamAgent-elvzdrtgzbztmwhjwnkkxvaocirp/Build/Intermediates.noindex/BobCamAgent.build/Debug-iphoneos/BobCamAgent.build/BobCamAgent.DependencyStaticMetadataFileList (in target 'BobCamAgent' from project 'BobCamAgent')
    cd /Users/gunn.kim/study/BobCam/BobCam-iOS/BobCamAgent
    write-file /Users/gunn.kim/Library/Developer/Xcode/DerivedData/BobCamAgent-elvzdrtgzbztmwhjwnkkxvaocirp/Build/Intermediates.noindex/BobCamAgent.build/Debug-iphoneos/BobCamAgent.build/BobCamAgent.DependencyStaticMetadataFileList

WriteAuxiliaryFile /Users/gunn.kim/Library/Developer/Xcode/DerivedData/BobCamAgent-elvzdrtgzbztmwhjwnkkxvaocirp/Build/Intermediates.noindex/BobCamAgent.build/Debug-iphoneos/BobCamAgent.build/BobCamAgent.DependencyMetadataFileList (in target 'BobCamAgent' from project 'BobCamAgent')
    cd /Users/gunn.kim/study/BobCam/BobCam-iOS/BobCamAgent
    write-file /Users/gunn.kim/Library/Developer/Xcode/DerivedData/BobCamAgent-elvzdrtgzbztmwhjwnkkxvaocirp/Build/Intermediates.noindex/BobCamAgent.build/Debug-iphoneos/BobCamAgent.build/BobCamAgent.DependencyMetadataFileList

WriteAuxiliaryFile /Users/gunn.kim/Library/Developer/Xcode/DerivedData/BobCamAgent-elvzdrtgzbztmwhjwnkkxvaocirp/Build/Intermediates.noindex/BobCamAgent.build/Debug-iphoneos/BobCamAgent.build/BobCamAgent-project-headers.hmap (in target 'BobCamAgent' from project 'BobCamAgent')
    cd /Users/gunn.kim/study/BobCam/BobCam-iOS/BobCamAgent
    write-file /Users/gunn.kim/Library/Developer/Xcode/DerivedData/BobCamAgent-elvzdrtgzbztmwhjwnkkxvaocirp/Build/Intermediates.noindex/BobCamAgent.build/Debug-iphoneos/BobCamAgent.build/BobCamAgent-project-headers.hmap

WriteAuxiliaryFile /Users/gunn.kim/Library/Developer/Xcode/DerivedData/BobCamAgent-elvzdrtgzbztmwhjwnkkxvaocirp/Build/Intermediates.noindex/BobCamAgent.build/Debug-iphoneos/BobCamAgent.build/BobCamAgent-own-target-headers.hmap (in target 'BobCamAgent' from project 'BobCamAgent')
    cd /Users/gunn.kim/study/BobCam/BobCam-iOS/BobCamAgent
    write-file /Users/gunn.kim/Library/Developer/Xcode/DerivedData/BobCamAgent-elvzdrtgzbztmwhjwnkkxvaocirp/Build/Intermediates.noindex/BobCamAgent.build/Debug-iphoneos/BobCamAgent.build/BobCamAgent-own-target-headers.hmap

WriteAuxiliaryFile /Users/gunn.kim/Library/Developer/Xcode/DerivedData/BobCamAgent-elvzdrtgzbztmwhjwnkkxvaocirp/Build/Intermediates.noindex/BobCamAgent.build/Debug-iphoneos/BobCamAgent.build/BobCamAgent-generated-files.hmap (in target 'BobCamAgent' from project 'BobCamAgent')
    cd /Users/gunn.kim/study/BobCam/BobCam-iOS/BobCamAgent
    write-file /Users/gunn.kim/Library/Developer/Xcode/DerivedData/BobCamAgent-elvzdrtgzbztmwhjwnkkxvaocirp/Build/Intermediates.noindex/BobCamAgent.build/Debug-iphoneos/BobCamAgent.build/BobCamAgent-generated-files.hmap

WriteAuxiliaryFile /Users/gunn.kim/Library/Developer/Xcode/DerivedData/BobCamAgent-elvzdrtgzbztmwhjwnkkxvaocirp/Build/Intermediates.noindex/BobCamAgent.build/Debug-iphoneos/BobCamAgent.build/BobCamAgent-all-target-headers.hmap (in target 'BobCamAgent' from project 'BobCamAgent')
    cd /Users/gunn.kim/study/BobCam/BobCam-iOS/BobCamAgent
    write-file /Users/gunn.kim/Library/Developer/Xcode/DerivedData/BobCamAgent-elvzdrtgzbztmwhjwnkkxvaocirp/Build/Intermediates.noindex/BobCamAgent.build/Debug-iphoneos/BobCamAgent.build/BobCamAgent-all-target-headers.hmap

WriteAuxiliaryFile /Users/gunn.kim/Library/Developer/Xcode/DerivedData/BobCamAgent-elvzdrtgzbztmwhjwnkkxvaocirp/Build/Intermediates.noindex/BobCamAgent.build/Debug-iphoneos/BobCamAgent.build/BobCamAgent-all-non-framework-target-headers.hmap (in target 'BobCamAgent' from project 'BobCamAgent')
    cd /Users/gunn.kim/study/BobCam/BobCam-iOS/BobCamAgent
    write-file /Users/gunn.kim/Library/Developer/Xcode/DerivedData/BobCamAgent-elvzdrtgzbztmwhjwnkkxvaocirp/Build/Intermediates.noindex/BobCamAgent.build/Debug-iphoneos/BobCamAgent.build/BobCamAgent-all-non-framework-target-headers.hmap

WriteAuxiliaryFile /Users/gunn.kim/Library/Developer/Xcode/DerivedData/BobCamAgent-elvzdrtgzbztmwhjwnkkxvaocirp/Build/Intermediates.noindex/BobCamAgent.build/Debug-iphoneos/BobCamAgent.build/BobCamAgent-DebugDylibPath-normal-arm64.txt (in target 'BobCamAgent' from project 'BobCamAgent')
    cd /Users/gunn.kim/study/BobCam/BobCam-iOS/BobCamAgent
    write-file /Users/gunn.kim/Library/Developer/Xcode/DerivedData/BobCamAgent-elvzdrtgzbztmwhjwnkkxvaocirp/Build/Intermediates.noindex/BobCamAgent.build/Debug-iphoneos/BobCamAgent.build/BobCamAgent-DebugDylibPath-normal-arm64.txt

Copy /Users/gunn.kim/Library/Developer/Xcode/DerivedData/BobCamAgent-elvzdrtgzbztmwhjwnkkxvaocirp/Build/Products/Debug-iphoneos/Pods_BobCamAgent.framework/Modules/module.modulemap /Users/gunn.kim/Library/Developer/Xcode/DerivedData/BobCamAgent-elvzdrtgzbztmwhjwnkkxvaocirp/Build/Intermediates.noindex/Pods.build/Debug-iphoneos/Pods-BobCamAgent.build/module.modulemap (in target 'Pods-BobCamAgent' from project 'Pods')
    cd /Users/gunn.kim/study/BobCam/BobCam-iOS/BobCamAgent/Pods
    builtin-copy -exclude .DS_Store -exclude CVS -exclude .svn -exclude .git -exclude .hg -resolve-src-symlinks /Users/gunn.kim/Library/Developer/Xcode/DerivedData/BobCamAgent-elvzdrtgzbztmwhjwnkkxvaocirp/Build/Intermediates.noindex/Pods.build/Debug-iphoneos/Pods-BobCamAgent.build/module.modulemap /Users/gunn.kim/Library/Developer/Xcode/DerivedData/BobCamAgent-elvzdrtgzbztmwhjwnkkxvaocirp/Build/Products/Debug-iphoneos/Pods_BobCamAgent.framework/Modules

WriteAuxiliaryFile /Users/gunn.kim/Library/Developer/Xcode/DerivedData/BobCamAgent-elvzdrtgzbztmwhjwnkkxvaocirp/Build/Intermediates.noindex/BobCamAgent.build/Debug-iphoneos/BobCamAgent.build/BobCamAgent-DebugDylibInstallName-normal-arm64.txt (in target 'BobCamAgent' from project 'BobCamAgent')
    cd /Users/gunn.kim/study/BobCam/BobCam-iOS/BobCamAgent
    write-file /Users/gunn.kim/Library/Developer/Xcode/DerivedData/BobCamAgent-elvzdrtgzbztmwhjwnkkxvaocirp/Build/Intermediates.noindex/BobCamAgent.build/Debug-iphoneos/BobCamAgent.build/BobCamAgent-DebugDylibInstallName-normal-arm64.txt

MkDir /Users/gunn.kim/Library/Developer/Xcode/DerivedData/BobCamAgent-elvzdrtgzbztmwhjwnkkxvaocirp/Build/Products/Debug-iphoneos/Pods_BobCamAgent.framework/Headers (in target 'Pods-BobCamAgent' from project 'Pods')
    cd /Users/gunn.kim/study/BobCam/BobCam-iOS/BobCamAgent/Pods
    /bin/mkdir -p /Users/gunn.kim/Library/Developer/Xcode/DerivedData/BobCamAgent-elvzdrtgzbztmwhjwnkkxvaocirp/Build/Products/Debug-iphoneos/Pods_BobCamAgent.framework/Headers

MkDir /Users/gunn.kim/Library/Developer/Xcode/DerivedData/BobCamAgent-elvzdrtgzbztmwhjwnkkxvaocirp/Build/Products/Debug-iphoneos/Pods_BobCamAgent.framework (in target 'Pods-BobCamAgent' from project 'Pods')
    cd /Users/gunn.kim/study/BobCam/BobCam-iOS/BobCamAgent/Pods
    /bin/mkdir -p /Users/gunn.kim/Library/Developer/Xcode/DerivedData/BobCamAgent-elvzdrtgzbztmwhjwnkkxvaocirp/Build/Products/Debug-iphoneos/Pods_BobCamAgent.framework

MkDir /Users/gunn.kim/Library/Developer/Xcode/DerivedData/BobCamAgent-elvzdrtgzbztmwhjwnkkxvaocirp/Build/Products/Debug-iphoneos/BobCamAgent.app (in target 'BobCamAgent' from project 'BobCamAgent')
    cd /Users/gunn.kim/study/BobCam/BobCam-iOS/BobCamAgent
    /bin/mkdir -p /Users/gunn.kim/Library/Developer/Xcode/DerivedData/BobCamAgent-elvzdrtgzbztmwhjwnkkxvaocirp/Build/Products/Debug-iphoneos/BobCamAgent.app

ProcessInfoPlistFile /Users/gunn.kim/Library/Developer/Xcode/DerivedData/BobCamAgent-elvzdrtgzbztmwhjwnkkxvaocirp/Build/Products/Debug-iphoneos/Pods_BobCamAgent.framework/Info.plist /Users/gunn.kim/study/BobCam/BobCam-iOS/BobCamAgent/Pods/Target\ Support\ Files/Pods-BobCamAgent/Pods-BobCamAgent-Info.plist (in target 'Pods-BobCamAgent' from project 'Pods')
    cd /Users/gunn.kim/study/BobCam/BobCam-iOS/BobCamAgent/Pods
    builtin-infoPlistUtility /Users/gunn.kim/study/BobCam/BobCam-iOS/BobCamAgent/Pods/Target\ Support\ Files/Pods-BobCamAgent/Pods-BobCamAgent-Info.plist -producttype com.apple.product-type.framework -expandbuildsettings -format binary -platform iphoneos -requiredArchitecture arm64 -o /Users/gunn.kim/Library/Developer/Xcode/DerivedData/BobCamAgent-elvzdrtgzbztmwhjwnkkxvaocirp/Build/Products/Debug-iphoneos/Pods_BobCamAgent.framework/Info.plist

ProcessProductPackaging /Users/gunn.kim/Library/Developer/Xcode/UserData/Provisioning\ Profiles/6b32fc7f-1ec8-4dba-98f7-119db86d75f1.mobileprovision /Users/gunn.kim/Library/Developer/Xcode/DerivedData/BobCamAgent-elvzdrtgzbztmwhjwnkkxvaocirp/Build/Products/Debug-iphoneos/BobCamAgent.app/embedded.mobileprovision (in target 'BobCamAgent' from project 'BobCamAgent')
    cd /Users/gunn.kim/study/BobCam/BobCam-iOS/BobCamAgent
    builtin-productPackagingUtility /Users/gunn.kim/Library/Developer/Xcode/UserData/Provisioning\ Profiles/6b32fc7f-1ec8-4dba-98f7-119db86d75f1.mobileprovision -o /Users/gunn.kim/Library/Developer/Xcode/DerivedData/BobCamAgent-elvzdrtgzbztmwhjwnkkxvaocirp/Build/Products/Debug-iphoneos/BobCamAgent.app/embedded.mobileprovision

ProcessProductPackaging "" /Users/gunn.kim/Library/Developer/Xcode/DerivedData/BobCamAgent-elvzdrtgzbztmwhjwnkkxvaocirp/Build/Intermediates.noindex/BobCamAgent.build/Debug-iphoneos/BobCamAgent.build/BobCamAgent.app.xcent (in target 'BobCamAgent' from project 'BobCamAgent')
    cd /Users/gunn.kim/study/BobCam/BobCam-iOS/BobCamAgent
    
    Entitlements:
    
    {
    "application-identifier" = "DF494HR686.com.bobcam.ios.app";
    "com.apple.developer.team-identifier" = DF494HR686;
    "get-task-allow" = 1;
}
    
    builtin-productPackagingUtility -entitlements -format xml -o /Users/gunn.kim/Library/Developer/Xcode/DerivedData/BobCamAgent-elvzdrtgzbztmwhjwnkkxvaocirp/Build/Intermediates.noindex/BobCamAgent.build/Debug-iphoneos/BobCamAgent.build/BobCamAgent.app.xcent

ProcessProductPackagingDER /Users/gunn.kim/Library/Developer/Xcode/DerivedData/BobCamAgent-elvzdrtgzbztmwhjwnkkxvaocirp/Build/Intermediates.noindex/BobCamAgent.build/Debug-iphoneos/BobCamAgent.build/BobCamAgent.app.xcent /Users/gunn.kim/Library/Developer/Xcode/DerivedData/BobCamAgent-elvzdrtgzbztmwhjwnkkxvaocirp/Build/Intermediates.noindex/BobCamAgent.build/Debug-iphoneos/BobCamAgent.build/BobCamAgent.app.xcent.der (in target 'BobCamAgent' from project 'BobCamAgent')
    cd /Users/gunn.kim/study/BobCam/BobCam-iOS/BobCamAgent
    /usr/bin/derq query -f xml -i /Users/gunn.kim/Library/Developer/Xcode/DerivedData/BobCamAgent-elvzdrtgzbztmwhjwnkkxvaocirp/Build/Intermediates.noindex/BobCamAgent.build/Debug-iphoneos/BobCamAgent.build/BobCamAgent.app.xcent -o /Users/gunn.kim/Library/Developer/Xcode/DerivedData/BobCamAgent-elvzdrtgzbztmwhjwnkkxvaocirp/Build/Intermediates.noindex/BobCamAgent.build/Debug-iphoneos/BobCamAgent.build/BobCamAgent.app.xcent.der --raw

PhaseScriptExecution [CP]\ Check\ Pods\ Manifest.lock /Users/gunn.kim/Library/Developer/Xcode/DerivedData/BobCamAgent-elvzdrtgzbztmwhjwnkkxvaocirp/Build/Intermediates.noindex/BobCamAgent.build/Debug-iphoneos/BobCamAgent.build/Script-15EAECB89F70FD456E8DD2B0.sh (in target 'BobCamAgent' from project 'BobCamAgent')
    cd /Users/gunn.kim/study/BobCam/BobCam-iOS/BobCamAgent
    /usr/bin/sandbox-exec -D SCRIPT_OUTPUT_FILE_0\=/Users/gunn.kim/Library/Developer/Xcode/DerivedData/BobCamAgent-elvzdrtgzbztmwhjwnkkxvaocirp/Build/Intermediates.noindex/BobCamAgent.build/Debug-iphoneos/BobCamAgent.build/DerivedSources/Pods-BobCamAgent-checkManifestLockResult.txt -D SCRIPT_INPUT_FILE_0\=/Users/gunn.kim/study/BobCam/BobCam-iOS/BobCamAgent/Podfile.lock -D SCRIPT_INPUT_FILE_1\=/Users/gunn.kim/study/BobCam/BobCam-iOS/BobCamAgent/Pods/Manifest.lock -D SCRIPT_INPUT_FILE_2\=/Users/gunn.kim/Library/Developer/Xcode/DerivedData/BobCamAgent-elvzdrtgzbztmwhjwnkkxvaocirp/Build/Intermediates.noindex/BobCamAgent.build/Debug-iphoneos/BobCamAgent.build/Script-15EAECB89F70FD456E8DD2B0.sh -D SCRIPT_INPUT_ANCESTOR_0\=/ -D SCRIPT_INPUT_ANCESTOR_1\=/Users -D SCRIPT_INPUT_ANCESTOR_2\=/Users/gunn.kim -D SCRIPT_INPUT_ANCESTOR_3\=/Users/gunn.kim/Library -D SCRIPT_INPUT_ANCESTOR_4\=/Users/gunn.kim/Library/Developer -D SCRIPT_INPUT_ANCESTOR_5\=/Users/gunn.kim/Library/Developer/Xcode -D SCRIPT_INPUT_ANCESTOR_6\=/Users/gunn.kim/Library/Developer/Xcode/DerivedData -D SCRIPT_INPUT_ANCESTOR_7\=/Users/gunn.kim/Library/Developer/Xcode/DerivedData/BobCamAgent-elvzdrtgzbztmwhjwnkkxvaocirp -D SCRIPT_INPUT_ANCESTOR_8\=/Users/gunn.kim/Library/Developer/Xcode/DerivedData/BobCamAgent-elvzdrtgzbztmwhjwnkkxvaocirp/Build -D SCRIPT_INPUT_ANCESTOR_9\=/Users/gunn.kim/Library/Developer/Xcode/DerivedData/BobCamAgent-elvzdrtgzbztmwhjwnkkxvaocirp/Build/Intermediates.noindex -D SCRIPT_INPUT_ANCESTOR_10\=/Users/gunn.kim/Library/Developer/Xcode/DerivedData/BobCamAgent-elvzdrtgzbztmwhjwnkkxvaocirp/Build/Intermediates.noindex/BobCamAgent.build -D SCRIPT_INPUT_ANCESTOR_11\=/Users/gunn.kim/Library/Developer/Xcode/DerivedData/BobCamAgent-elvzdrtgzbztmwhjwnkkxvaocirp/Build/Intermediates.noindex/BobCamAgent.build/Debug-iphoneos -D SCRIPT_INPUT_ANCESTOR_12\=/Users/gunn.kim/Library/Developer/Xcode/DerivedData/BobCamAgent-elvzdrtgzbztmwhjwnkkxvaocirp/Build/Intermediates.noindex/BobCamAgent.build/Debug-iphoneos/BobCamAgent.build -D SCRIPT_INPUT_ANCESTOR_13\=/Users/gunn.kim/study -D SCRIPT_INPUT_ANCESTOR_14\=/Users/gunn.kim/study/BobCam -D SCRIPT_INPUT_ANCESTOR_15\=/Users/gunn.kim/study/BobCam/BobCam-iOS -D SCRIPT_INPUT_ANCESTOR_16\=/Users/gunn.kim/study/BobCam/BobCam-iOS/BobCamAgent -D SCRIPT_INPUT_ANCESTOR_17\=/Users/gunn.kim/study/BobCam/BobCam-iOS/BobCamAgent/Pods -D SCRIPT_OUTPUT_ANCESTOR_0\=/ -D SCRIPT_OUTPUT_ANCESTOR_1\=/Users -D SCRIPT_OUTPUT_ANCESTOR_2\=/Users/gunn.kim -D SCRIPT_OUTPUT_ANCESTOR_3\=/Users/gunn.kim/Library -D SCRIPT_OUTPUT_ANCESTOR_4\=/Users/gunn.kim/Library/Developer -D SCRIPT_OUTPUT_ANCESTOR_5\=/Users/gunn.kim/Library/Developer/Xcode -D SCRIPT_OUTPUT_ANCESTOR_6\=/Users/gunn.kim/Library/Developer/Xcode/DerivedData -D SCRIPT_OUTPUT_ANCESTOR_7\=/Users/gunn.kim/Library/Developer/Xcode/DerivedData/BobCamAgent-elvzdrtgzbztmwhjwnkkxvaocirp -D SCRIPT_OUTPUT_ANCESTOR_8\=/Users/gunn.kim/Library/Developer/Xcode/DerivedData/BobCamAgent-elvzdrtgzbztmwhjwnkkxvaocirp/Build -D SCRIPT_OUTPUT_ANCESTOR_9\=/Users/gunn.kim/Library/Developer/Xcode/DerivedData/BobCamAgent-elvzdrtgzbztmwhjwnkkxvaocirp/Build/Intermediates.noindex -D SCRIPT_OUTPUT_ANCESTOR_10\=/Users/gunn.kim/Library/Developer/Xcode/DerivedData/BobCamAgent-elvzdrtgzbztmwhjwnkkxvaocirp/Build/Intermediates.noindex/BobCamAgent.build -D SCRIPT_OUTPUT_ANCESTOR_11\=/Users/gunn.kim/Library/Developer/Xcode/DerivedData/BobCamAgent-elvzdrtgzbztmwhjwnkkxvaocirp/Build/Intermediates.noindex/BobCamAgent.build/Debug-iphoneos -D SCRIPT_OUTPUT_ANCESTOR_12\=/Users/gunn.kim/Library/Developer/Xcode/DerivedData/BobCamAgent-elvzdrtgzbztmwhjwnkkxvaocirp/Build/Intermediates.noindex/BobCamAgent.build/Debug-iphoneos/BobCamAgent.build -D SCRIPT_OUTPUT_ANCESTOR_13\=/Users/gunn.kim/Library/Developer/Xcode/DerivedData/BobCamAgent-elvzdrtgzbztmwhjwnkkxvaocirp/Build/Intermediates.noindex/BobCamAgent.build/Debug-iphoneos/BobCamAgent.build/DerivedSources -D SRCROOT\=/Users/gunn.kim/study/BobCam/BobCam-iOS/BobCamAgent -D PROJECT_DIR\=/Users/gunn.kim/study/BobCam/BobCam-iOS/BobCamAgent -D OBJROOT\=/Users/gunn.kim/Library/Developer/Xcode/DerivedData/BobCamAgent-elvzdrtgzbztmwhjwnkkxvaocirp/Build/Intermediates.noindex -D SYMROOT\=/Users/gunn.kim/Library/Developer/Xcode/DerivedData/BobCamAgent-elvzdrtgzbztmwhjwnkkxvaocirp/Build/Products -D DSTROOT\=/tmp/BobCamAgent.dst -D SHARED_PRECOMPS_DIR\=/Users/gunn.kim/Library/Developer/Xcode/DerivedData/BobCamAgent-elvzdrtgzbztmwhjwnkkxvaocirp/Build/Intermediates.noindex/PrecompiledHeaders -D CACHE_ROOT\=/var/folders/f_/zhyycd_j1pxc_j4vkz7gf34w0000gn/C/com.apple.DeveloperTools/16.4-16F6/Xcode -D CONFIGURATION_BUILD_DIR\=/Users/gunn.kim/Library/Developer/Xcode/DerivedData/BobCamAgent-elvzdrtgzbztmwhjwnkkxvaocirp/Build/Products/Debug-iphoneos -D CONFIGURATION_TEMP_DIR\=/Users/gunn.kim/Library/Developer/Xcode/DerivedData/BobCamAgent-elvzdrtgzbztmwhjwnkkxvaocirp/Build/Intermediates.noindex/BobCamAgent.build/Debug-iphoneos -D LOCROOT\=/Users/gunn.kim/study/BobCam/BobCam-iOS/BobCamAgent -D LOCSYMROOT\=/Users/gunn.kim/study/BobCam/BobCam-iOS/BobCamAgent -D INDEX_PRECOMPS_DIR\=/Users/gunn.kim/Library/Developer/Xcode/DerivedData/BobCamAgent-elvzdrtgzbztmwhjwnkkxvaocirp/Index.noindex/PrecompiledHeaders -D INDEX_DATA_STORE_DIR\=/Users/gunn.kim/Library/Developer/Xcode/DerivedData/BobCamAgent-elvzdrtgzbztmwhjwnkkxvaocirp/Index.noindex/DataStore -D TEMP_DIR\=/Users/gunn.kim/Library/Developer/Xcode/DerivedData/BobCamAgent-elvzdrtgzbztmwhjwnkkxvaocirp/Build/Intermediates.noindex/BobCamAgent.build/Debug-iphoneos/BobCamAgent.build -D TARGET_TEMP_DIR\=/Users/gunn.kim/Library/Developer/Xcode/DerivedData/BobCamAgent-elvzdrtgzbztmwhjwnkkxvaocirp/Build/Intermediates.noindex/BobCamAgent.build/Debug-iphoneos/BobCamAgent.build -D DERIVED_FILE_DIR\=/Users/gunn.kim/Library/Developer/Xcode/DerivedData/BobCamAgent-elvzdrtgzbztmwhjwnkkxvaocirp/Build/Intermediates.noindex/BobCamAgent.build/Debug-iphoneos/BobCamAgent.build/DerivedSources -f /Users/gunn.kim/Library/Developer/Xcode/DerivedData/BobCamAgent-elvzdrtgzbztmwhjwnkkxvaocirp/Build/Intermediates.noindex/BobCamAgent.build/Debug-iphoneos/BobCamAgent.build/b0f3c7090bb066f4b4cdeb637d2e7dc3.sb /bin/sh -c /Users/gunn.kim/Library/Developer/Xcode/DerivedData/BobCamAgent-elvzdrtgzbztmwhjwnkkxvaocirp/Build/Intermediates.noindex/BobCamAgent.build/Debug-iphoneos/BobCamAgent.build/Script-15EAECB89F70FD456E8DD2B0.sh

ScanDependencies /Users/gunn.kim/Library/Developer/Xcode/DerivedData/BobCamAgent-elvzdrtgzbztmwhjwnkkxvaocirp/Build/Intermediates.noindex/Pods.build/Debug-iphoneos/Pods-BobCamAgent.build/Objects-normal/arm64/Pods_BobCamAgent_vers.o /Users/gunn.kim/Library/Developer/Xcode/DerivedData/BobCamAgent-elvzdrtgzbztmwhjwnkkxvaocirp/Build/Intermediates.noindex/Pods.build/Debug-iphoneos/Pods-BobCamAgent.build/DerivedSources/Pods_BobCamAgent_vers.c normal arm64 c com.apple.compilers.llvm.clang.1_0.compiler (in target 'Pods-BobCamAgent' from project 'Pods')
    cd /Users/gunn.kim/study/BobCam/BobCam-iOS/BobCamAgent/Pods
    
    Using response file: /Users/gunn.kim/Library/Developer/Xcode/DerivedData/BobCamAgent-elvzdrtgzbztmwhjwnkkxvaocirp/Build/Intermediates.noindex/Pods.build/Debug-iphoneos/Pods-BobCamAgent.build/Objects-normal/arm64/7187679823f38a2a940e0043cdf9d637-common-args.resp
    
    builtin-ScanDependencies -o /Users/gunn.kim/Library/Developer/Xcode/DerivedData/BobCamAgent-elvzdrtgzbztmwhjwnkkxvaocirp/Build/Intermediates.noindex/Pods.build/Debug-iphoneos/Pods-BobCamAgent.build/Objects-normal/arm64/Pods_BobCamAgent_vers.o.scan -- /Applications/Xcode.app/Contents/Developer/Toolchains/XcodeDefault.xctoolchain/usr/bin/clang -x c -ivfsstatcache /Users/gunn.kim/Library/Developer/Xcode/DerivedData/SDKStatCaches.noindex/iphoneos18.5-22F76-7fa4eea80a99bbfdc046826b63ec4baf.sdkstatcache -fmessage-length\=0 -fdiagnostics-show-note-include-stack -fmacro-backtrace-limit\=0 -fno-color-diagnostics -fmodules-prune-interval\=86400 -fmodules-prune-after\=345600 -fbuild-session-file\=/Users/gunn.kim/Library/Developer/Xcode/DerivedData/ModuleCache.noindex/Session.modulevalidation -fmodules-validate-once-per-build-session -Wnon-modular-include-in-framework-module -Werror\=non-modular-include-in-framework-module -Wno-trigraphs -Wno-missing-field-initializers -Wno-missing-prototypes -Werror\=return-type -Wdocumentation -Wunreachable-code -Werror\=deprecated-objc-isa-usage -Werror\=objc-root-class -Wno-missing-braces -Wparentheses -Wswitch -Wunused-function -Wno-unused-label -Wno-unused-parameter -Wunused-variable -Wunused-value -Wempty-body -Wuninitialized -Wconditional-uninitialized -Wno-unknown-pragmas -Wno-shadow -Wno-four-char-constants -Wno-conversion -Wconstant-conversion -Wint-conversion -Wbool-conversion -Wenum-conversion -Wno-float-conversion -Wnon-literal-null-conversion -Wobjc-literal-conversion -Wshorten-64-to-32 -Wpointer-sign -Wno-newline-eof -Wno-implicit-fallthrough -fstrict-aliasing -Wdeprecated-declarations -Wno-sign-conversion -Winfinite-recursion -Wcomma -Wblock-capture-autoreleasing -Wstrict-prototypes -Wno-semicolon-before-method-body -Wunguarded-availability -index-store-path /Users/gunn.kim/Library/Developer/Xcode/DerivedData/BobCamAgent-elvzdrtgzbztmwhjwnkkxvaocirp/Index.noindex/DataStore @/Users/gunn.kim/Library/Developer/Xcode/DerivedData/BobCamAgent-elvzdrtgzbztmwhjwnkkxvaocirp/Build/Intermediates.noindex/Pods.build/Debug-iphoneos/Pods-BobCamAgent.build/Objects-normal/arm64/7187679823f38a2a940e0043cdf9d637-common-args.resp -MMD -MT dependencies -MF /Users/gunn.kim/Library/Developer/Xcode/DerivedData/BobCamAgent-elvzdrtgzbztmwhjwnkkxvaocirp/Build/Intermediates.noindex/Pods.build/Debug-iphoneos/Pods-BobCamAgent.build/Objects-normal/arm64/Pods_BobCamAgent_vers.d --serialize-diagnostics /Users/gunn.kim/Library/Developer/Xcode/DerivedData/BobCamAgent-elvzdrtgzbztmwhjwnkkxvaocirp/Build/Intermediates.noindex/Pods.build/Debug-iphoneos/Pods-BobCamAgent.build/Objects-normal/arm64/Pods_BobCamAgent_vers.dia -c /Users/gunn.kim/Library/Developer/Xcode/DerivedData/BobCamAgent-elvzdrtgzbztmwhjwnkkxvaocirp/Build/Intermediates.noindex/Pods.build/Debug-iphoneos/Pods-BobCamAgent.build/DerivedSources/Pods_BobCamAgent_vers.c -o /Users/gunn.kim/Library/Developer/Xcode/DerivedData/BobCamAgent-elvzdrtgzbztmwhjwnkkxvaocirp/Build/Intermediates.noindex/Pods.build/Debug-iphoneos/Pods-BobCamAgent.build/Objects-normal/arm64/Pods_BobCamAgent_vers.o -index-unit-output-path /Pods.build/Debug-iphoneos/Pods-BobCamAgent.build/Objects-normal/arm64/Pods_BobCamAgent_vers.o

ScanDependencies /Users/gunn.kim/Library/Developer/Xcode/DerivedData/BobCamAgent-elvzdrtgzbztmwhjwnkkxvaocirp/Build/Intermediates.noindex/Pods.build/Debug-iphoneos/Pods-BobCamAgent.build/Objects-normal/arm64/Pods-BobCamAgent-dummy.o /Users/gunn.kim/study/BobCam/BobCam-iOS/BobCamAgent/Pods/Target\ Support\ Files/Pods-BobCamAgent/Pods-BobCamAgent-dummy.m normal arm64 objective-c com.apple.compilers.llvm.clang.1_0.compiler (in target 'Pods-BobCamAgent' from project 'Pods')
    cd /Users/gunn.kim/study/BobCam/BobCam-iOS/BobCamAgent/Pods
    
    Using response file: /Users/gunn.kim/Library/Developer/Xcode/DerivedData/BobCamAgent-elvzdrtgzbztmwhjwnkkxvaocirp/Build/Intermediates.noindex/Pods.build/Debug-iphoneos/Pods-BobCamAgent.build/Objects-normal/arm64/e6072d4f65d7061329687fe24e3d63a7-common-args.resp
    
    builtin-ScanDependencies -o /Users/gunn.kim/Library/Developer/Xcode/DerivedData/BobCamAgent-elvzdrtgzbztmwhjwnkkxvaocirp/Build/Intermediates.noindex/Pods.build/Debug-iphoneos/Pods-BobCamAgent.build/Objects-normal/arm64/Pods-BobCamAgent-dummy.o.scan -- /Applications/Xcode.app/Contents/Developer/Toolchains/XcodeDefault.xctoolchain/usr/bin/clang -x objective-c -ivfsstatcache /Users/gunn.kim/Library/Developer/Xcode/DerivedData/SDKStatCaches.noindex/iphoneos18.5-22F76-7fa4eea80a99bbfdc046826b63ec4baf.sdkstatcache -fmessage-length\=0 -fdiagnostics-show-note-include-stack -fmacro-backtrace-limit\=0 -fno-color-diagnostics -fmodules-prune-interval\=86400 -fmodules-prune-after\=345600 -fbuild-session-file\=/Users/gunn.kim/Library/Developer/Xcode/DerivedData/ModuleCache.noindex/Session.modulevalidation -fmodules-validate-once-per-build-session -Wnon-modular-include-in-framework-module -Werror\=non-modular-include-in-framework-module -Wno-trigraphs -Wno-missing-field-initializers -Wno-missing-prototypes -Werror\=return-type -Wdocumentation -Wunreachable-code -Wno-implicit-atomic-properties -Werror\=deprecated-objc-isa-usage -Wno-objc-interface-ivars -Werror\=objc-root-class -Wno-arc-repeated-use-of-weak -Wimplicit-retain-self -Wduplicate-method-match -Wno-missing-braces -Wparentheses -Wswitch -Wunused-function -Wno-unused-label -Wno-unused-parameter -Wunused-variable -Wunused-value -Wempty-body -Wuninitialized -Wconditional-uninitialized -Wno-unknown-pragmas -Wno-shadow -Wno-four-char-constants -Wno-conversion -Wconstant-conversion -Wint-conversion -Wbool-conversion -Wenum-conversion -Wno-float-conversion -Wnon-literal-null-conversion -Wobjc-literal-conversion -Wshorten-64-to-32 -Wpointer-sign -Wno-newline-eof -Wno-selector -Wno-strict-selector-match -Wundeclared-selector -Wdeprecated-implementations -Wno-implicit-fallthrough -fstrict-aliasing -Wprotocol -Wdeprecated-declarations -Wno-sign-conversion -Winfinite-recursion -Wcomma -Wblock-capture-autoreleasing -Wstrict-prototypes -Wno-semicolon-before-method-body -Wunguarded-availability -index-store-path /Users/gunn.kim/Library/Developer/Xcode/DerivedData/BobCamAgent-elvzdrtgzbztmwhjwnkkxvaocirp/Index.noindex/DataStore @/Users/gunn.kim/Library/Developer/Xcode/DerivedData/BobCamAgent-elvzdrtgzbztmwhjwnkkxvaocirp/Build/Intermediates.noindex/Pods.build/Debug-iphoneos/Pods-BobCamAgent.build/Objects-normal/arm64/e6072d4f65d7061329687fe24e3d63a7-common-args.resp -MMD -MT dependencies -MF /Users/gunn.kim/Library/Developer/Xcode/DerivedData/BobCamAgent-elvzdrtgzbztmwhjwnkkxvaocirp/Build/Intermediates.noindex/Pods.build/Debug-iphoneos/Pods-BobCamAgent.build/Objects-normal/arm64/Pods-BobCamAgent-dummy.d --serialize-diagnostics /Users/gunn.kim/Library/Developer/Xcode/DerivedData/BobCamAgent-elvzdrtgzbztmwhjwnkkxvaocirp/Build/Intermediates.noindex/Pods.build/Debug-iphoneos/Pods-BobCamAgent.build/Objects-normal/arm64/Pods-BobCamAgent-dummy.dia -c /Users/gunn.kim/study/BobCam/BobCam-iOS/BobCamAgent/Pods/Target\ Support\ Files/Pods-BobCamAgent/Pods-BobCamAgent-dummy.m -o /Users/gunn.kim/Library/Developer/Xcode/DerivedData/BobCamAgent-elvzdrtgzbztmwhjwnkkxvaocirp/Build/Intermediates.noindex/Pods.build/Debug-iphoneos/Pods-BobCamAgent.build/Objects-normal/arm64/Pods-BobCamAgent-dummy.o -index-unit-output-path /Pods.build/Debug-iphoneos/Pods-BobCamAgent.build/Objects-normal/arm64/Pods-BobCamAgent-dummy.o

CompileC /Users/gunn.kim/Library/Developer/Xcode/DerivedData/BobCamAgent-elvzdrtgzbztmwhjwnkkxvaocirp/Build/Intermediates.noindex/Pods.build/Debug-iphoneos/Pods-BobCamAgent.build/Objects-normal/arm64/Pods_BobCamAgent_vers.o /Users/gunn.kim/Library/Developer/Xcode/DerivedData/BobCamAgent-elvzdrtgzbztmwhjwnkkxvaocirp/Build/Intermediates.noindex/Pods.build/Debug-iphoneos/Pods-BobCamAgent.build/DerivedSources/Pods_BobCamAgent_vers.c normal arm64 c com.apple.compilers.llvm.clang.1_0.compiler (in target 'Pods-BobCamAgent' from project 'Pods')
    cd /Users/gunn.kim/study/BobCam/BobCam-iOS/BobCamAgent/Pods
    
    Using response file: /Users/gunn.kim/Library/Developer/Xcode/DerivedData/BobCamAgent-elvzdrtgzbztmwhjwnkkxvaocirp/Build/Intermediates.noindex/Pods.build/Debug-iphoneos/Pods-BobCamAgent.build/Objects-normal/arm64/7187679823f38a2a940e0043cdf9d637-common-args.resp
    
    /Applications/Xcode.app/Contents/Developer/Toolchains/XcodeDefault.xctoolchain/usr/bin/clang -x c -ivfsstatcache /Users/gunn.kim/Library/Developer/Xcode/DerivedData/SDKStatCaches.noindex/iphoneos18.5-22F76-7fa4eea80a99bbfdc046826b63ec4baf.sdkstatcache -fmessage-length\=0 -fdiagnostics-show-note-include-stack -fmacro-backtrace-limit\=0 -fno-color-diagnostics -fmodules-prune-interval\=86400 -fmodules-prune-after\=345600 -fbuild-session-file\=/Users/gunn.kim/Library/Developer/Xcode/DerivedData/ModuleCache.noindex/Session.modulevalidation -fmodules-validate-once-per-build-session -Wnon-modular-include-in-framework-module -Werror\=non-modular-include-in-framework-module -Wno-trigraphs -Wno-missing-field-initializers -Wno-missing-prototypes -Werror\=return-type -Wdocumentation -Wunreachable-code -Werror\=deprecated-objc-isa-usage -Werror\=objc-root-class -Wno-missing-braces -Wparentheses -Wswitch -Wunused-function -Wno-unused-label -Wno-unused-parameter -Wunused-variable -Wunused-value -Wempty-body -Wuninitialized -Wconditional-uninitialized -Wno-unknown-pragmas -Wno-shadow -Wno-four-char-constants -Wno-conversion -Wconstant-conversion -Wint-conversion -Wbool-conversion -Wenum-conversion -Wno-float-conversion -Wnon-literal-null-conversion -Wobjc-literal-conversion -Wshorten-64-to-32 -Wpointer-sign -Wno-newline-eof -Wno-implicit-fallthrough -fstrict-aliasing -Wdeprecated-declarations -Wno-sign-conversion -Winfinite-recursion -Wcomma -Wblock-capture-autoreleasing -Wstrict-prototypes -Wno-semicolon-before-method-body -Wunguarded-availability -index-store-path /Users/gunn.kim/Library/Developer/Xcode/DerivedData/BobCamAgent-elvzdrtgzbztmwhjwnkkxvaocirp/Index.noindex/DataStore @/Users/gunn.kim/Library/Developer/Xcode/DerivedData/BobCamAgent-elvzdrtgzbztmwhjwnkkxvaocirp/Build/Intermediates.noindex/Pods.build/Debug-iphoneos/Pods-BobCamAgent.build/Objects-normal/arm64/7187679823f38a2a940e0043cdf9d637-common-args.resp -MMD -MT dependencies -MF /Users/gunn.kim/Library/Developer/Xcode/DerivedData/BobCamAgent-elvzdrtgzbztmwhjwnkkxvaocirp/Build/Intermediates.noindex/Pods.build/Debug-iphoneos/Pods-BobCamAgent.build/Objects-normal/arm64/Pods_BobCamAgent_vers.d --serialize-diagnostics /Users/gunn.kim/Library/Developer/Xcode/DerivedData/BobCamAgent-elvzdrtgzbztmwhjwnkkxvaocirp/Build/Intermediates.noindex/Pods.build/Debug-iphoneos/Pods-BobCamAgent.build/Objects-normal/arm64/Pods_BobCamAgent_vers.dia -c /Users/gunn.kim/Library/Developer/Xcode/DerivedData/BobCamAgent-elvzdrtgzbztmwhjwnkkxvaocirp/Build/Intermediates.noindex/Pods.build/Debug-iphoneos/Pods-BobCamAgent.build/DerivedSources/Pods_BobCamAgent_vers.c -o /Users/gunn.kim/Library/Developer/Xcode/DerivedData/BobCamAgent-elvzdrtgzbztmwhjwnkkxvaocirp/Build/Intermediates.noindex/Pods.build/Debug-iphoneos/Pods-BobCamAgent.build/Objects-normal/arm64/Pods_BobCamAgent_vers.o -index-unit-output-path /Pods.build/Debug-iphoneos/Pods-BobCamAgent.build/Objects-normal/arm64/Pods_BobCamAgent_vers.o

SwiftDriver BobCamAgent normal arm64 com.apple.xcode.tools.swift.compiler (in target 'BobCamAgent' from project 'BobCamAgent')
    cd /Users/gunn.kim/study/BobCam/BobCam-iOS/BobCamAgent
    builtin-SwiftDriver -- /Applications/Xcode.app/Contents/Developer/Toolchains/XcodeDefault.xctoolchain/usr/bin/swiftc -module-name BobCamAgent -Onone -enforce-exclusivity\=checked @/Users/gunn.kim/Library/Developer/Xcode/DerivedData/BobCamAgent-elvzdrtgzbztmwhjwnkkxvaocirp/Build/Intermediates.noindex/BobCamAgent.build/Debug-iphoneos/BobCamAgent.build/Objects-normal/arm64/BobCamAgent.SwiftFileList -DDEBUG -enable-bare-slash-regex -enable-experimental-feature DebugDescriptionMacro -sdk /Applications/Xcode.app/Contents/Developer/Platforms/iPhoneOS.platform/Developer/SDKs/iPhoneOS18.5.sdk -target arm64-apple-ios15.0 -g -module-cache-path /Users/gunn.kim/Library/Developer/Xcode/DerivedData/ModuleCache.noindex -Xfrontend -serialize-debugging-options -enable-testing -index-store-path /Users/gunn.kim/Library/Developer/Xcode/DerivedData/BobCamAgent-elvzdrtgzbztmwhjwnkkxvaocirp/Index.noindex/DataStore -swift-version 5 -I /Users/gunn.kim/Library/Developer/Xcode/DerivedData/BobCamAgent-elvzdrtgzbztmwhjwnkkxvaocirp/Build/Products/Debug-iphoneos -F /Users/gunn.kim/Library/Developer/Xcode/DerivedData/BobCamAgent-elvzdrtgzbztmwhjwnkkxvaocirp/Build/Products/Debug-iphoneos -emit-localized-strings -emit-localized-strings-path /Users/gunn.kim/Library/Developer/Xcode/DerivedData/BobCamAgent-elvzdrtgzbztmwhjwnkkxvaocirp/Build/Intermediates.noindex/BobCamAgent.build/Debug-iphoneos/BobCamAgent.build/Objects-normal/arm64 -c -j12 -enable-batch-mode -incremental -Xcc -ivfsstatcache -Xcc /Users/gunn.kim/Library/Developer/Xcode/DerivedData/SDKStatCaches.noindex/iphoneos18.5-22F76-7fa4eea80a99bbfdc046826b63ec4baf.sdkstatcache -output-file-map /Users/gunn.kim/Library/Developer/Xcode/DerivedData/BobCamAgent-elvzdrtgzbztmwhjwnkkxvaocirp/Build/Intermediates.noindex/BobCamAgent.build/Debug-iphoneos/BobCamAgent.build/Objects-normal/arm64/BobCamAgent-OutputFileMap.json -use-frontend-parseable-output -save-temps -no-color-diagnostics -serialize-diagnostics -emit-dependencies -emit-module -emit-module-path /Users/gunn.kim/Library/Developer/Xcode/DerivedData/BobCamAgent-elvzdrtgzbztmwhjwnkkxvaocirp/Build/Intermediates.noindex/BobCamAgent.build/Debug-iphoneos/BobCamAgent.build/Objects-normal/arm64/BobCamAgent.swiftmodule -validate-clang-modules-once -clang-build-session-file /Users/gunn.kim/Library/Developer/Xcode/DerivedData/ModuleCache.noindex/Session.modulevalidation -Xcc -I/Users/gunn.kim/Library/Developer/Xcode/DerivedData/BobCamAgent-elvzdrtgzbztmwhjwnkkxvaocirp/Build/Intermediates.noindex/BobCamAgent.build/Debug-iphoneos/BobCamAgent.build/swift-overrides.hmap -emit-const-values -Xfrontend -const-gather-protocols-file -Xfrontend /Users/gunn.kim/Library/Developer/Xcode/DerivedData/BobCamAgent-elvzdrtgzbztmwhjwnkkxvaocirp/Build/Intermediates.noindex/BobCamAgent.build/Debug-iphoneos/BobCamAgent.build/Objects-normal/arm64/BobCamAgent_const_extract_protocols.json -Xcc -iquote -Xcc /Users/gunn.kim/Library/Developer/Xcode/DerivedData/BobCamAgent-elvzdrtgzbztmwhjwnkkxvaocirp/Build/Intermediates.noindex/BobCamAgent.build/Debug-iphoneos/BobCamAgent.build/BobCamAgent-generated-files.hmap -Xcc -I/Users/gunn.kim/Library/Developer/Xcode/DerivedData/BobCamAgent-elvzdrtgzbztmwhjwnkkxvaocirp/Build/Intermediates.noindex/BobCamAgent.build/Debug-iphoneos/BobCamAgent.build/BobCamAgent-own-target-headers.hmap -Xcc -I/Users/gunn.kim/Library/Developer/Xcode/DerivedData/BobCamAgent-elvzdrtgzbztmwhjwnkkxvaocirp/Build/Intermediates.noindex/BobCamAgent.build/Debug-iphoneos/BobCamAgent.build/BobCamAgent-all-non-framework-target-headers.hmap -Xcc -ivfsoverlay -Xcc /Users/gunn.kim/Library/Developer/Xcode/DerivedData/BobCamAgent-elvzdrtgzbztmwhjwnkkxvaocirp/Build/Intermediates.noindex/BobCamAgent.build/Debug-iphoneos/BobCamAgent-7bcf04dd287a8a6fc515f927e120d9d2-VFS-iphoneos/all-product-headers.yaml -Xcc -iquote -Xcc /Users/gunn.kim/Library/Developer/Xcode/DerivedData/BobCamAgent-elvzdrtgzbztmwhjwnkkxvaocirp/Build/Intermediates.noindex/BobCamAgent.build/Debug-iphoneos/BobCamAgent.build/BobCamAgent-project-headers.hmap -Xcc -I/Users/gunn.kim/Library/Developer/Xcode/DerivedData/BobCamAgent-elvzdrtgzbztmwhjwnkkxvaocirp/Build/Products/Debug-iphoneos/include -Xcc -I/Users/gunn.kim/Library/Developer/Xcode/DerivedData/BobCamAgent-elvzdrtgzbztmwhjwnkkxvaocirp/Build/Intermediates.noindex/BobCamAgent.build/Debug-iphoneos/BobCamAgent.build/DerivedSources-normal/arm64 -Xcc -I/Users/gunn.kim/Library/Developer/Xcode/DerivedData/BobCamAgent-elvzdrtgzbztmwhjwnkkxvaocirp/Build/Intermediates.noindex/BobCamAgent.build/Debug-iphoneos/BobCamAgent.build/DerivedSources/arm64 -Xcc -I/Users/gunn.kim/Library/Developer/Xcode/DerivedData/BobCamAgent-elvzdrtgzbztmwhjwnkkxvaocirp/Build/Intermediates.noindex/BobCamAgent.build/Debug-iphoneos/BobCamAgent.build/DerivedSources -Xcc -DDEBUG\=1 -Xcc -DCOCOAPODS\=1 -emit-objc-header -emit-objc-header-path /Users/gunn.kim/Library/Developer/Xcode/DerivedData/BobCamAgent-elvzdrtgzbztmwhjwnkkxvaocirp/Build/Intermediates.noindex/BobCamAgent.build/Debug-iphoneos/BobCamAgent.build/Objects-normal/arm64/BobCamAgent-Swift.h -working-directory /Users/gunn.kim/study/BobCam/BobCam-iOS/BobCamAgent -experimental-emit-module-separately -disable-cmo

SwiftCompile normal arm64 Compiling\ BobCamApp.swift,\ ContentView.swift,\ CameraService.swift /Users/gunn.kim/study/BobCam/BobCam-iOS/BobCamAgent/BobCamAgent/BobCamApp.swift /Users/gunn.kim/study/BobCam/BobCam-iOS/BobCamAgent/BobCamAgent/ContentView.swift /Users/gunn.kim/study/BobCam/BobCam-iOS/BobCamAgent/BobCamAgent/CameraService.swift (in target 'BobCamAgent' from project 'BobCamAgent')
SwiftCompile normal arm64 /Users/gunn.kim/study/BobCam/BobCam-iOS/BobCamAgent/BobCamAgent/BobCamApp.swift (in target 'BobCamAgent' from project 'BobCamAgent')
    cd /Users/gunn.kim/study/BobCam/BobCam-iOS/BobCamAgent
    

SwiftCompile normal arm64 /Users/gunn.kim/study/BobCam/BobCam-iOS/BobCamAgent/BobCamAgent/ContentView.swift (in target 'BobCamAgent' from project 'BobCamAgent')
    cd /Users/gunn.kim/study/BobCam/BobCam-iOS/BobCamAgent
    
/Users/gunn.kim/study/BobCam/BobCam-iOS/BobCamAgent/BobCamAgent/FeedbackBannerView.swift:63:6: warning: previewLayout is ignored in a #Preview macro. Use the `traits` argument of the macro to provide the desired layout, e.g. `.sizeThatFitsLayout. (from macro 'Preview')
    .previewLayout(.sizeThatFits)
     ^

SwiftCompile normal arm64 /Users/gunn.kim/study/BobCam/BobCam-iOS/BobCamAgent/BobCamAgent/CameraService.swift (in target 'BobCamAgent' from project 'BobCamAgent')
    cd /Users/gunn.kim/study/BobCam/BobCam-iOS/BobCamAgent
    
/Users/gunn.kim/study/BobCam/BobCam-iOS/BobCamAgent/BobCamAgent/CameraService.swift:81:29: warning: capture of 'self' with non-sendable type 'CameraService?' in a '@Sendable' closure
                            self?.startCaptureSession()
                            ^
/Users/gunn.kim/study/BobCam/BobCam-iOS/BobCamAgent/BobCamAgent/CameraService.swift:34:7: note: class 'CameraService' does not conform to the 'Sendable' protocol
class CameraService: NSObject, ObservableObject {
      ^
/Users/gunn.kim/study/BobCam/BobCam-iOS/BobCamAgent/BobCamAgent/CameraService.swift:85:29: warning: capture of 'self' with non-sendable type 'CameraService?' in a '@Sendable' closure
                            self?.delegate?.didEncounterCameraError(.permissionDenied)
                            ^
/Users/gunn.kim/study/BobCam/BobCam-iOS/BobCamAgent/BobCamAgent/CameraService.swift:34:7: note: class 'CameraService' does not conform to the 'Sendable' protocol
class CameraService: NSObject, ObservableObject {
      ^

SwiftCompile normal arm64 Compiling\ CameraView.swift,\ VisionService.swift,\ VideoService.swift /Users/gunn.kim/study/BobCam/BobCam-iOS/BobCamAgent/BobCamAgent/CameraView.swift /Users/gunn.kim/study/BobCam/BobCam-iOS/BobCamAgent/BobCamAgent/VisionService.swift /Users/gunn.kim/study/BobCam/BobCam-iOS/BobCamAgent/BobCamAgent/VideoService.swift (in target 'BobCamAgent' from project 'BobCamAgent')
SwiftCompile normal arm64 /Users/gunn.kim/study/BobCam/BobCam-iOS/BobCamAgent/BobCamAgent/CameraView.swift (in target 'BobCamAgent' from project 'BobCamAgent')
    cd /Users/gunn.kim/study/BobCam/BobCam-iOS/BobCamAgent
    

SwiftCompile normal arm64 /Users/gunn.kim/study/BobCam/BobCam-iOS/BobCamAgent/BobCamAgent/VisionService.swift (in target 'BobCamAgent' from project 'BobCamAgent')
    cd /Users/gunn.kim/study/BobCam/BobCam-iOS/BobCamAgent
    

SwiftCompile normal arm64 /Users/gunn.kim/study/BobCam/BobCam-iOS/BobCamAgent/BobCamAgent/VideoService.swift (in target 'BobCamAgent' from project 'BobCamAgent')
    cd /Users/gunn.kim/study/BobCam/BobCam-iOS/BobCamAgent
    

SwiftCompile normal arm64 Compiling\ AccuracyMonitor.swift,\ PerformanceMonitor.swift /Users/gunn.kim/study/BobCam/BobCam-iOS/BobCamAgent/BobCamAgent/Monitoring/AccuracyMonitor.swift /Users/gunn.kim/study/BobCam/BobCam-iOS/BobCamAgent/BobCamAgent/Monitoring/PerformanceMonitor.swift (in target 'BobCamAgent' from project 'BobCamAgent')

SwiftCompile normal arm64 /Users/gunn.kim/study/BobCam/BobCam-iOS/BobCamAgent/BobCamAgent/Monitoring/AccuracyMonitor.swift (in target 'BobCamAgent' from project 'BobCamAgent')
    cd /Users/gunn.kim/study/BobCam/BobCam-iOS/BobCamAgent
    

SwiftCompile normal arm64 /Users/gunn.kim/study/BobCam/BobCam-iOS/BobCamAgent/BobCamAgent/Monitoring/PerformanceMonitor.swift (in target 'BobCamAgent' from project 'BobCamAgent')
    cd /Users/gunn.kim/study/BobCam/BobCam-iOS/BobCamAgent
    

SwiftCompile normal arm64 Compiling\ CircularBuffer.swift,\ MetricsCalculator.swift /Users/gunn.kim/study/BobCam/BobCam-iOS/BobCamAgent/BobCamAgent/Utils/CircularBuffer.swift /Users/gunn.kim/study/BobCam/BobCam-iOS/BobCamAgent/BobCamAgent/Utils/MetricsCalculator.swift (in target 'BobCamAgent' from project 'BobCamAgent')

SwiftCompile normal arm64 /Users/gunn.kim/study/BobCam/BobCam-iOS/BobCamAgent/BobCamAgent/Utils/CircularBuffer.swift (in target 'BobCamAgent' from project 'BobCamAgent')
    cd /Users/gunn.kim/study/BobCam/BobCam-iOS/BobCamAgent
    

SwiftCompile normal arm64 /Users/gunn.kim/study/BobCam/BobCam-iOS/BobCamAgent/BobCamAgent/Utils/MetricsCalculator.swift (in target 'BobCamAgent' from project 'BobCamAgent')
    cd /Users/gunn.kim/study/BobCam/BobCam-iOS/BobCamAgent
    

SwiftCompile normal arm64 Compiling\ ContentView+Debug.swift,\ DebugCameraView.swift /Users/gunn.kim/study/BobCam/BobCam-iOS/BobCamAgent/BobCamAgent/DebugOverlay/ContentView+Debug.swift /Users/gunn.kim/study/BobCam/BobCam-iOS/BobCamAgent/BobCamAgent/DebugOverlay/DebugCameraView.swift (in target 'BobCamAgent' from project 'BobCamAgent')

SwiftCompile normal arm64 /Users/gunn.kim/study/BobCam/BobCam-iOS/BobCamAgent/BobCamAgent/DebugOverlay/ContentView+Debug.swift (in target 'BobCamAgent' from project 'BobCamAgent')
    cd /Users/gunn.kim/study/BobCam/BobCam-iOS/BobCamAgent
    

SwiftCompile normal arm64 /Users/gunn.kim/study/BobCam/BobCam-iOS/BobCamAgent/BobCamAgent/DebugOverlay/DebugCameraView.swift (in target 'BobCamAgent' from project 'BobCamAgent')
    cd /Users/gunn.kim/study/BobCam/BobCam-iOS/BobCamAgent
    
/Users/gunn.kim/study/BobCam/BobCam-iOS/BobCamAgent/BobCamAgent/FeedbackBannerView.swift:63:6: warning: previewLayout is ignored in a #Preview macro. Use the `traits` argument of the macro to provide the desired layout, e.g. `.sizeThatFitsLayout. (from macro 'Preview')
    .previewLayout(.sizeThatFits)
     ^

SwiftCompile normal arm64 Compiling\ FeedbackBannerView.swift,\ StatusBar.swift,\ VideoPickerView.swift /Users/gunn.kim/study/BobCam/BobCam-iOS/BobCamAgent/BobCamAgent/FeedbackBannerView.swift /Users/gunn.kim/study/BobCam/BobCam-iOS/BobCamAgent/BobCamAgent/StatusBar.swift /Users/gunn.kim/study/BobCam/BobCam-iOS/BobCamAgent/BobCamAgent/VideoPickerView.swift (in target 'BobCamAgent' from project 'BobCamAgent')

SwiftCompile normal arm64 /Users/gunn.kim/study/BobCam/BobCam-iOS/BobCamAgent/BobCamAgent/FeedbackBannerView.swift (in target 'BobCamAgent' from project 'BobCamAgent')
    cd /Users/gunn.kim/study/BobCam/BobCam-iOS/BobCamAgent
    
/Users/gunn.kim/study/BobCam/BobCam-iOS/BobCamAgent/BobCamAgent/FeedbackBannerView.swift:63:6: warning: previewLayout is ignored in a #Preview macro. Use the `traits` argument of the macro to provide the desired layout, e.g. `.sizeThatFitsLayout. (from macro 'Preview')
    .previewLayout(.sizeThatFits)
     ^

SwiftCompile normal arm64 /Users/gunn.kim/study/BobCam/BobCam-iOS/BobCamAgent/BobCamAgent/StatusBar.swift (in target 'BobCamAgent' from project 'BobCamAgent')
    cd /Users/gunn.kim/study/BobCam/BobCam-iOS/BobCamAgent
    

SwiftCompile normal arm64 /Users/gunn.kim/study/BobCam/BobCam-iOS/BobCamAgent/BobCamAgent/VideoPickerView.swift (in target 'BobCamAgent' from project 'BobCamAgent')
    cd /Users/gunn.kim/study/BobCam/BobCam-iOS/BobCamAgent
    

SwiftCompile normal arm64 Compiling\ VideoSelectionService.swift,\ OnboardingView.swift,\ SettingsView.swift /Users/gunn.kim/study/BobCam/BobCam-iOS/BobCamAgent/BobCamAgent/VideoSelectionService.swift /Users/gunn.kim/study/BobCam/BobCam-iOS/BobCamAgent/BobCamAgent/OnboardingView.swift /Users/gunn.kim/study/BobCam/BobCam-iOS/BobCamAgent/BobCamAgent/SettingsView.swift (in target 'BobCamAgent' from project 'BobCamAgent')
SwiftCompile normal arm64 /Users/gunn.kim/study/BobCam/BobCam-iOS/BobCamAgent/BobCamAgent/VideoSelectionService.swift (in target 'BobCamAgent' from project 'BobCamAgent')
    cd /Users/gunn.kim/study/BobCam/BobCam-iOS/BobCamAgent
    
/Users/gunn.kim/study/BobCam/BobCam-iOS/BobCamAgent/BobCamAgent/VideoSelectionService.swift:103:64: warning: call to main actor-isolated static method 'copyVideoToDocumentsSync(from:)' in a synchronous nonisolated context; this is an error in the Swift 6 language mode
                let destinationURL = try VideoSelectionService.copyVideoToDocumentsSync(from: tempURL)
                                                               ^
/Users/gunn.kim/study/BobCam/BobCam-iOS/BobCamAgent/BobCamAgent/VideoSelectionService.swift:219:25: note: calls to static method 'copyVideoToDocumentsSync(from:)' from outside of its actor context are implicitly asynchronous
    private static func copyVideoToDocumentsSync(from sourceURL: URL) throws -> URL {
                        ^

SwiftCompile normal arm64 /Users/gunn.kim/study/BobCam/BobCam-iOS/BobCamAgent/BobCamAgent/OnboardingView.swift (in target 'BobCamAgent' from project 'BobCamAgent')
    cd /Users/gunn.kim/study/BobCam/BobCam-iOS/BobCamAgent
    

SwiftCompile normal arm64 /Users/gunn.kim/study/BobCam/BobCam-iOS/BobCamAgent/BobCamAgent/SettingsView.swift (in target 'BobCamAgent' from project 'BobCamAgent')
    cd /Users/gunn.kim/study/BobCam/BobCam-iOS/BobCamAgent
    
/Users/gunn.kim/study/BobCam/BobCam-iOS/BobCamAgent/BobCamAgent/FeedbackBannerView.swift:63:6: warning: previewLayout is ignored in a #Preview macro. Use the `traits` argument of the macro to provide the desired layout, e.g. `.sizeThatFitsLayout. (from macro 'Preview')
    .previewLayout(.sizeThatFits)
     ^

SwiftCompile normal arm64 Compiling\ DebugSettings.swift,\ LandmarksOverlayView.swift /Users/gunn.kim/study/BobCam/BobCam-iOS/BobCamAgent/BobCamAgent/DebugOverlay/DebugSettings.swift /Users/gunn.kim/study/BobCam/BobCam-iOS/BobCamAgent/BobCamAgent/DebugOverlay/LandmarksOverlayView.swift (in target 'BobCamAgent' from project 'BobCamAgent')

SwiftCompile normal arm64 /Users/gunn.kim/study/BobCam/BobCam-iOS/BobCamAgent/BobCamAgent/DebugOverlay/DebugSettings.swift (in target 'BobCamAgent' from project 'BobCamAgent')
    cd /Users/gunn.kim/study/BobCam/BobCam-iOS/BobCamAgent
    

SwiftCompile normal arm64 /Users/gunn.kim/study/BobCam/BobCam-iOS/BobCamAgent/BobCamAgent/DebugOverlay/LandmarksOverlayView.swift (in target 'BobCamAgent' from project 'BobCamAgent')
    cd /Users/gunn.kim/study/BobCam/BobCam-iOS/BobCamAgent
    

SwiftCompile normal arm64 Compiling\ DebugIntegrationGuide.swift,\ DebugOverlayView.swift /Users/gunn.kim/study/BobCam/BobCam-iOS/BobCamAgent/BobCamAgent/DebugOverlay/DebugIntegrationGuide.swift /Users/gunn.kim/study/BobCam/BobCam-iOS/BobCamAgent/BobCamAgent/DebugOverlay/DebugOverlayView.swift (in target 'BobCamAgent' from project 'BobCamAgent')
SwiftCompile normal arm64 /Users/gunn.kim/study/BobCam/BobCam-iOS/BobCamAgent/BobCamAgent/DebugOverlay/DebugIntegrationGuide.swift (in target 'BobCamAgent' from project 'BobCamAgent')
    cd /Users/gunn.kim/study/BobCam/BobCam-iOS/BobCamAgent
    

SwiftCompile normal arm64 /Users/gunn.kim/study/BobCam/BobCam-iOS/BobCamAgent/BobCamAgent/DebugOverlay/DebugOverlayView.swift (in target 'BobCamAgent' from project 'BobCamAgent')
    cd /Users/gunn.kim/study/BobCam/BobCam-iOS/BobCamAgent
    
/Users/gunn.kim/study/BobCam/BobCam-iOS/BobCamAgent/BobCamAgent/FeedbackBannerView.swift:63:6: warning: previewLayout is ignored in a #Preview macro. Use the `traits` argument of the macro to provide the desired layout, e.g. `.sizeThatFitsLayout. (from macro 'Preview')
    .previewLayout(.sizeThatFits)
     ^

SwiftEmitModule normal arm64 Emitting\ module\ for\ BobCamAgent (in target 'BobCamAgent' from project 'BobCamAgent')

EmitSwiftModule normal arm64 (in target 'BobCamAgent' from project 'BobCamAgent')
    cd /Users/gunn.kim/study/BobCam/BobCam-iOS/BobCamAgent
    
/Users/gunn.kim/study/BobCam/BobCam-iOS/BobCamAgent/BobCamAgent/FeedbackBannerView.swift:63:6: warning: previewLayout is ignored in a #Preview macro. Use the `traits` argument of the macro to provide the desired layout, e.g. `.sizeThatFitsLayout. (from macro 'Preview')
    .previewLayout(.sizeThatFits)
     ^

SwiftCompile normal arm64 Compiling\ GroundTruthManager.swift,\ OptimizationEngine.swift /Users/gunn.kim/study/BobCam/BobCam-iOS/BobCamAgent/BobCamAgent/ParameterTuning/GroundTruthManager.swift /Users/gunn.kim/study/BobCam/BobCam-iOS/BobCamAgent/BobCamAgent/ParameterTuning/OptimizationEngine.swift (in target 'BobCamAgent' from project 'BobCamAgent')

SwiftCompile normal arm64 /Users/gunn.kim/study/BobCam/BobCam-iOS/BobCamAgent/BobCamAgent/ParameterTuning/GroundTruthManager.swift (in target 'BobCamAgent' from project 'BobCamAgent')
    cd /Users/gunn.kim/study/BobCam/BobCam-iOS/BobCamAgent
    
/Users/gunn.kim/study/BobCam/BobCam-iOS/BobCamAgent/BobCamAgent/ParameterTuning/GroundTruthManager.swift:120:13: warning: capture of 'self' with non-sendable type 'GroundTruthManager' in a '@Sendable' closure
            self.frameCache[dataset.id] = frames
            ^
/Users/gunn.kim/study/BobCam/BobCam-iOS/BobCamAgent/BobCamAgent/ParameterTuning/GroundTruthManager.swift:77:7: note: class 'GroundTruthManager' does not conform to the 'Sendable' protocol
class GroundTruthManager: ObservableObject {
      ^
/Users/gunn.kim/study/BobCam/BobCam-iOS/BobCamAgent/BobCamAgent/ParameterTuning/GroundTruthManager.swift:120:43: warning: capture of 'frames' with non-sendable type '[(CVPixelBuffer, TimeInterval)]' (aka 'Array<(CVBuffer, Double)>') in a '@Sendable' closure
            self.frameCache[dataset.id] = frames
                                          ^
Swift.Array:1:23: note: generic struct 'Array' does not conform to the 'Sendable' protocol
@frozen public struct Array<Element> : _DestructorSafeContainer {
                      ^
/Users/gunn.kim/study/BobCam/BobCam-iOS/BobCamAgent/BobCamAgent/ParameterTuning/GroundTruthManager.swift:119:9: warning: no 'async' operations occur within 'await' expression
        await cacheQueue.async {
        ^
/Users/gunn.kim/study/BobCam/BobCam-iOS/BobCamAgent/BobCamAgent/ParameterTuning/GroundTruthManager.swift:373:13: warning: initialization of variable 'temporalAccuracySum' was never used; consider replacing with assignment to '_' or removing it
        var temporalAccuracySum = 0.0
        ~~~~^~~~~~~~~~~~~~~~~~~
        _

SwiftCompile normal arm64 /Users/gunn.kim/study/BobCam/BobCam-iOS/BobCamAgent/BobCamAgent/ParameterTuning/OptimizationEngine.swift (in target 'BobCamAgent' from project 'BobCamAgent')
    cd /Users/gunn.kim/study/BobCam/BobCam-iOS/BobCamAgent
    
/Users/gunn.kim/study/BobCam/BobCam-iOS/BobCamAgent/BobCamAgent/ParameterTuning/OptimizationEngine.swift:467:13: warning: initialization of immutable value 'sorted' was never used; consider replacing with assignment to '_' or removing it
        let sorted = data.sorted()
        ~~~~^~~~~~
        _
/Users/gunn.kim/study/BobCam/BobCam-iOS/BobCamAgent/BobCamAgent/ParameterTuning/OptimizationEngine.swift:626:42: warning: reference to captured var 'iteration' in concurrently-executing code; this is an error in the Swift 6 language mode
                currentProgress = Double(iteration) / Double(configuration.maxIterations)
                                         ^

SwiftCompile normal arm64 Compiling\ ParameterTuningUI.swift,\ TuningIntegration.swift /Users/gunn.kim/study/BobCam/BobCam-iOS/BobCamAgent/BobCamAgent/ParameterTuning/ParameterTuningUI.swift /Users/gunn.kim/study/BobCam/BobCam-iOS/BobCamAgent/BobCamAgent/ParameterTuning/TuningIntegration.swift (in target 'BobCamAgent' from project 'BobCamAgent')
SwiftCompile normal arm64 /Users/gunn.kim/study/BobCam/BobCam-iOS/BobCamAgent/BobCamAgent/ParameterTuning/ParameterTuningUI.swift (in target 'BobCamAgent' from project 'BobCamAgent')
    cd /Users/gunn.kim/study/BobCam/BobCam-iOS/BobCamAgent
    
/Users/gunn.kim/study/BobCam/BobCam-iOS/BobCamAgent/BobCamAgent/ParameterTuning/ParameterTuningUI.swift:115:55: warning: non-sendable result type '[(CVPixelBuffer, TimeInterval)]' (aka 'Array<(CVBuffer, Double)>') cannot be sent from nonisolated context in call to instance method 'extractFramesFromDataset'; this is an error in the Swift 6 language mode
                let frames = await groundTruthManager.extractFramesFromDataset(dataset)
                                                      ^
Swift.Array:1:23: note: generic struct 'Array' does not conform to the 'Sendable' protocol
@frozen public struct Array<Element> : _DestructorSafeContainer {
                      ^

SwiftCompile normal arm64 /Users/gunn.kim/study/BobCam/BobCam-iOS/BobCamAgent/BobCamAgent/ParameterTuning/TuningIntegration.swift (in target 'BobCamAgent' from project 'BobCamAgent')
    cd /Users/gunn.kim/study/BobCam/BobCam-iOS/BobCamAgent
    
/Users/gunn.kim/study/BobCam/BobCam-iOS/BobCamAgent/BobCamAgent/ParameterTuning/TuningIntegration.swift:527:28: warning: value 'config' was defined but never used; consider replacing with boolean test
                    if let config = tuningManager.optimizedConfiguration {
                       ~~~~^~~~~~~~~
                                                                         != nil

PrecompileModule /Users/gunn.kim/Library/Developer/Xcode/DerivedData/BobCamAgent-elvzdrtgzbztmwhjwnkkxvaocirp/Build/Intermediates.noindex/ExplicitPrecompiledModules/TargetConditionals-AYW8HFI0CAGJLZIA16MXZXYF6.scan
    cd /Users/gunn.kim/study/BobCam/BobCam-iOS/BobCamAgent/Pods
    builtin-precompileModule /Users/gunn.kim/Library/Developer/Xcode/DerivedData/BobCamAgent-elvzdrtgzbztmwhjwnkkxvaocirp/Build/Intermediates.noindex/ExplicitPrecompiledModules/TargetConditionals-AYW8HFI0CAGJLZIA16MXZXYF6.scan

SwiftDriverJobDiscovery normal arm64 Compiling AccuracyMonitor.swift, PerformanceMonitor.swift (in target 'BobCamAgent' from project 'BobCamAgent')

PrecompileModule /Users/gunn.kim/Library/Developer/Xcode/DerivedData/BobCamAgent-elvzdrtgzbztmwhjwnkkxvaocirp/Build/Intermediates.noindex/ExplicitPrecompiledModules/ptrcheck-37VX536520HQBZ6DJUY5DQHBI.scan
    cd /Users/gunn.kim/study/BobCam/BobCam-iOS/BobCamAgent/Pods
    builtin-precompileModule /Users/gunn.kim/Library/Developer/Xcode/DerivedData/BobCamAgent-elvzdrtgzbztmwhjwnkkxvaocirp/Build/Intermediates.noindex/ExplicitPrecompiledModules/ptrcheck-37VX536520HQBZ6DJUY5DQHBI.scan

PrecompileModule /Users/gunn.kim/Library/Developer/Xcode/DerivedData/BobCamAgent-elvzdrtgzbztmwhjwnkkxvaocirp/Build/Intermediates.noindex/ExplicitPrecompiledModules/_Builtin_stdbool-1R877Z52U1KX4CNJARRTI46KJ.scan
    cd /Users/gunn.kim/study/BobCam/BobCam-iOS/BobCamAgent/Pods
    builtin-precompileModule /Users/gunn.kim/Library/Developer/Xcode/DerivedData/BobCamAgent-elvzdrtgzbztmwhjwnkkxvaocirp/Build/Intermediates.noindex/ExplicitPrecompiledModules/_Builtin_stdbool-1R877Z52U1KX4CNJARRTI46KJ.scan

SwiftDriverJobDiscovery normal arm64 Compiling CircularBuffer.swift, MetricsCalculator.swift (in target 'BobCamAgent' from project 'BobCamAgent')

PrecompileModule /Users/gunn.kim/Library/Developer/Xcode/DerivedData/BobCamAgent-elvzdrtgzbztmwhjwnkkxvaocirp/Build/Intermediates.noindex/ExplicitPrecompiledModules/_Builtin_stdarg-JX1FM95M0HO2RASILPPVRUW6.scan
    cd /Users/gunn.kim/study/BobCam/BobCam-iOS/BobCamAgent/Pods
    builtin-precompileModule /Users/gunn.kim/Library/Developer/Xcode/DerivedData/BobCamAgent-elvzdrtgzbztmwhjwnkkxvaocirp/Build/Intermediates.noindex/ExplicitPrecompiledModules/_Builtin_stdarg-JX1FM95M0HO2RASILPPVRUW6.scan

PrecompileModule /Users/gunn.kim/Library/Developer/Xcode/DerivedData/BobCamAgent-elvzdrtgzbztmwhjwnkkxvaocirp/Build/Intermediates.noindex/ExplicitPrecompiledModules/_Builtin_stddef-F2EZNR8F7PBTMDDQCBW2BFSIW.scan
    cd /Users/gunn.kim/study/BobCam/BobCam-iOS/BobCamAgent/Pods
    builtin-precompileModule /Users/gunn.kim/Library/Developer/Xcode/DerivedData/BobCamAgent-elvzdrtgzbztmwhjwnkkxvaocirp/Build/Intermediates.noindex/ExplicitPrecompiledModules/_Builtin_stddef-F2EZNR8F7PBTMDDQCBW2BFSIW.scan

PrecompileModule /Users/gunn.kim/Library/Developer/Xcode/DerivedData/BobCamAgent-elvzdrtgzbztmwhjwnkkxvaocirp/Build/Intermediates.noindex/ExplicitPrecompiledModules/_float-3KBGT1OEM654MF3QLK9WER47.scan
    cd /Users/gunn.kim/study/BobCam/BobCam-iOS/BobCamAgent/Pods
    builtin-precompileModule /Users/gunn.kim/Library/Developer/Xcode/DerivedData/BobCamAgent-elvzdrtgzbztmwhjwnkkxvaocirp/Build/Intermediates.noindex/ExplicitPrecompiledModules/_float-3KBGT1OEM654MF3QLK9WER47.scan

PrecompileModule /Users/gunn.kim/Library/Developer/Xcode/DerivedData/BobCamAgent-elvzdrtgzbztmwhjwnkkxvaocirp/Build/Intermediates.noindex/ExplicitPrecompiledModules/_fenv-C7GCXLJ64OLTVJLZECF3B6R93.scan
    cd /Users/gunn.kim/study/BobCam/BobCam-iOS/BobCamAgent/Pods
    builtin-precompileModule /Users/gunn.kim/Library/Developer/Xcode/DerivedData/BobCamAgent-elvzdrtgzbztmwhjwnkkxvaocirp/Build/Intermediates.noindex/ExplicitPrecompiledModules/_fenv-C7GCXLJ64OLTVJLZECF3B6R93.scan

PrecompileModule /Users/gunn.kim/Library/Developer/Xcode/DerivedData/BobCamAgent-elvzdrtgzbztmwhjwnkkxvaocirp/Build/Intermediates.noindex/ExplicitPrecompiledModules/os_availability_internal-OQJKXT96Z9N5APFV4IBRYLCR.scan
    cd /Users/gunn.kim/study/BobCam/BobCam-iOS/BobCamAgent/Pods
    builtin-precompileModule /Users/gunn.kim/Library/Developer/Xcode/DerivedData/BobCamAgent-elvzdrtgzbztmwhjwnkkxvaocirp/Build/Intermediates.noindex/ExplicitPrecompiledModules/os_availability_internal-OQJKXT96Z9N5APFV4IBRYLCR.scan

PrecompileModule /Users/gunn.kim/Library/Developer/Xcode/DerivedData/BobCamAgent-elvzdrtgzbztmwhjwnkkxvaocirp/Build/Intermediates.noindex/ExplicitPrecompiledModules/_Builtin_float-ARNSWWLS8VVPUSFU9ISB1868C.scan
    cd /Users/gunn.kim/study/BobCam/BobCam-iOS/BobCamAgent/Pods
    builtin-precompileModule /Users/gunn.kim/Library/Developer/Xcode/DerivedData/BobCamAgent-elvzdrtgzbztmwhjwnkkxvaocirp/Build/Intermediates.noindex/ExplicitPrecompiledModules/_Builtin_float-ARNSWWLS8VVPUSFU9ISB1868C.scan

PrecompileModule /Users/gunn.kim/Library/Developer/Xcode/DerivedData/BobCamAgent-elvzdrtgzbztmwhjwnkkxvaocirp/Build/Intermediates.noindex/ExplicitPrecompiledModules/ptrauth-5JQUXLX7IBAR3R3OV72DSU14E.scan
    cd /Users/gunn.kim/study/BobCam/BobCam-iOS/BobCamAgent/Pods
    builtin-precompileModule /Users/gunn.kim/Library/Developer/Xcode/DerivedData/BobCamAgent-elvzdrtgzbztmwhjwnkkxvaocirp/Build/Intermediates.noindex/ExplicitPrecompiledModules/ptrauth-5JQUXLX7IBAR3R3OV72DSU14E.scan

PrecompileModule /Users/gunn.kim/Library/Developer/Xcode/DerivedData/BobCamAgent-elvzdrtgzbztmwhjwnkkxvaocirp/Build/Intermediates.noindex/ExplicitPrecompiledModules/os_availability-DCJO3S70SVF70ZEL5BVUD81MT.scan
    cd /Users/gunn.kim/study/BobCam/BobCam-iOS/BobCamAgent/Pods
    builtin-precompileModule /Users/gunn.kim/Library/Developer/Xcode/DerivedData/BobCamAgent-elvzdrtgzbztmwhjwnkkxvaocirp/Build/Intermediates.noindex/ExplicitPrecompiledModules/os_availability-DCJO3S70SVF70ZEL5BVUD81MT.scan

PrecompileModule /Users/gunn.kim/Library/Developer/Xcode/DerivedData/BobCamAgent-elvzdrtgzbztmwhjwnkkxvaocirp/Build/Intermediates.noindex/ExplicitPrecompiledModules/_Builtin_iso646-5904KDMG7XT77SSENL9DRX55R.scan
    cd /Users/gunn.kim/study/BobCam/BobCam-iOS/BobCamAgent/Pods
    builtin-precompileModule /Users/gunn.kim/Library/Developer/Xcode/DerivedData/BobCamAgent-elvzdrtgzbztmwhjwnkkxvaocirp/Build/Intermediates.noindex/ExplicitPrecompiledModules/_Builtin_iso646-5904KDMG7XT77SSENL9DRX55R.scan

SwiftCompile normal arm64 Compiling\ OptimizationRunner.swift,\ ParameterTuningFramework.swift /Users/gunn.kim/study/BobCam/BobCam-iOS/BobCamAgent/BobCamAgent/ParameterTuning/OptimizationRunner.swift /Users/gunn.kim/study/BobCam/BobCam-iOS/BobCamAgent/BobCamAgent/ParameterTuning/ParameterTuningFramework.swift (in target 'BobCamAgent' from project 'BobCamAgent')

SwiftCompile normal arm64 /Users/gunn.kim/study/BobCam/BobCam-iOS/BobCamAgent/BobCamAgent/ParameterTuning/OptimizationRunner.swift (in target 'BobCamAgent' from project 'BobCamAgent')
    cd /Users/gunn.kim/study/BobCam/BobCam-iOS/BobCamAgent
    

SwiftCompile normal arm64 /Users/gunn.kim/study/BobCam/BobCam-iOS/BobCamAgent/BobCamAgent/ParameterTuning/ParameterTuningFramework.swift (in target 'BobCamAgent' from project 'BobCamAgent')
    cd /Users/gunn.kim/study/BobCam/BobCam-iOS/BobCamAgent
    
/Users/gunn.kim/study/BobCam/BobCam-iOS/BobCamAgent/BobCamAgent/ParameterTuning/ParameterTuningFramework.swift:208:13: warning: variable 'jitterSum' was never mutated; consider changing to 'let' constant
        var jitterSum = 0.0
        ~~~ ^
        let

PrecompileModule /Users/gunn.kim/Library/Developer/Xcode/DerivedData/BobCamAgent-elvzdrtgzbztmwhjwnkkxvaocirp/Build/Intermediates.noindex/ExplicitPrecompiledModules/AvailabilityMacros-8HRIITIJITFMY2N1I6K5UR0BE.scan
    cd /Users/gunn.kim/study/BobCam/BobCam-iOS/BobCamAgent/Pods
    builtin-precompileModule /Users/gunn.kim/Library/Developer/Xcode/DerivedData/BobCamAgent-elvzdrtgzbztmwhjwnkkxvaocirp/Build/Intermediates.noindex/ExplicitPrecompiledModules/AvailabilityMacros-8HRIITIJITFMY2N1I6K5UR0BE.scan

PrecompileModule /Users/gunn.kim/Library/Developer/Xcode/DerivedData/BobCamAgent-elvzdrtgzbztmwhjwnkkxvaocirp/Build/Intermediates.noindex/ExplicitPrecompiledModules/DarwinFoundation-C7YUL3WL0YYUN4RCTLV8FEKO5.scan
    cd /Users/gunn.kim/study/BobCam/BobCam-iOS/BobCamAgent/Pods
    builtin-precompileModule /Users/gunn.kim/Library/Developer/Xcode/DerivedData/BobCamAgent-elvzdrtgzbztmwhjwnkkxvaocirp/Build/Intermediates.noindex/ExplicitPrecompiledModules/DarwinFoundation-C7YUL3WL0YYUN4RCTLV8FEKO5.scan

PrecompileModule /Users/gunn.kim/Library/Developer/Xcode/DerivedData/BobCamAgent-elvzdrtgzbztmwhjwnkkxvaocirp/Build/Intermediates.noindex/ExplicitPrecompiledModules/_sys_select-644P7QIELMLMTB1XVLZVK9M9E.scan
    cd /Users/gunn.kim/study/BobCam/BobCam-iOS/BobCamAgent/Pods
    builtin-precompileModule /Users/gunn.kim/Library/Developer/Xcode/DerivedData/BobCamAgent-elvzdrtgzbztmwhjwnkkxvaocirp/Build/Intermediates.noindex/ExplicitPrecompiledModules/_sys_select-644P7QIELMLMTB1XVLZVK9M9E.scan

PrecompileModule /Users/gunn.kim/Library/Developer/Xcode/DerivedData/BobCamAgent-elvzdrtgzbztmwhjwnkkxvaocirp/Build/Intermediates.noindex/ExplicitPrecompiledModules/_useconds_t-DSC86UPJ9OTJAATHW9C1MYXKW.scan
    cd /Users/gunn.kim/study/BobCam/BobCam-iOS/BobCamAgent/Pods
    builtin-precompileModule /Users/gunn.kim/Library/Developer/Xcode/DerivedData/BobCamAgent-elvzdrtgzbztmwhjwnkkxvaocirp/Build/Intermediates.noindex/ExplicitPrecompiledModules/_useconds_t-DSC86UPJ9OTJAATHW9C1MYXKW.scan

PrecompileModule /Users/gunn.kim/Library/Developer/Xcode/DerivedData/BobCamAgent-elvzdrtgzbztmwhjwnkkxvaocirp/Build/Intermediates.noindex/ExplicitPrecompiledModules/sys_time-AIV7SNXQUBG126TG3B212I8JF.scan
    cd /Users/gunn.kim/study/BobCam/BobCam-iOS/BobCamAgent/Pods
    builtin-precompileModule /Users/gunn.kim/Library/Developer/Xcode/DerivedData/BobCamAgent-elvzdrtgzbztmwhjwnkkxvaocirp/Build/Intermediates.noindex/ExplicitPrecompiledModules/sys_time-AIV7SNXQUBG126TG3B212I8JF.scan

PrecompileModule /Users/gunn.kim/Library/Developer/Xcode/DerivedData/BobCamAgent-elvzdrtgzbztmwhjwnkkxvaocirp/Build/Intermediates.noindex/ExplicitPrecompiledModules/_stdint-6W18EB0QZ3OT37KDF3V6HTU2H.scan
    cd /Users/gunn.kim/study/BobCam/BobCam-iOS/BobCamAgent/Pods
    builtin-precompileModule /Users/gunn.kim/Library/Developer/Xcode/DerivedData/BobCamAgent-elvzdrtgzbztmwhjwnkkxvaocirp/Build/Intermediates.noindex/ExplicitPrecompiledModules/_stdint-6W18EB0QZ3OT37KDF3V6HTU2H.scan

PrecompileModule /Users/gunn.kim/Library/Developer/Xcode/DerivedData/BobCamAgent-elvzdrtgzbztmwhjwnkkxvaocirp/Build/Intermediates.noindex/ExplicitPrecompiledModules/uuid-AITJBL3F0U7DIUG7AZRNE28S6.scan
    cd /Users/gunn.kim/study/BobCam/BobCam-iOS/BobCamAgent/Pods
    builtin-precompileModule /Users/gunn.kim/Library/Developer/Xcode/DerivedData/BobCamAgent-elvzdrtgzbztmwhjwnkkxvaocirp/Build/Intermediates.noindex/ExplicitPrecompiledModules/uuid-AITJBL3F0U7DIUG7AZRNE28S6.scan

PrecompileModule /Users/gunn.kim/Library/Developer/Xcode/DerivedData/BobCamAgent-elvzdrtgzbztmwhjwnkkxvaocirp/Build/Intermediates.noindex/ExplicitPrecompiledModules/_locale-3U3SVKL0P3WKCNHYQT1DE343X.scan
    cd /Users/gunn.kim/study/BobCam/BobCam-iOS/BobCamAgent/Pods
    builtin-precompileModule /Users/gunn.kim/Library/Developer/Xcode/DerivedData/BobCamAgent-elvzdrtgzbztmwhjwnkkxvaocirp/Build/Intermediates.noindex/ExplicitPrecompiledModules/_locale-3U3SVKL0P3WKCNHYQT1DE343X.scan

PrecompileModule /Users/gunn.kim/Library/Developer/Xcode/DerivedData/BobCamAgent-elvzdrtgzbztmwhjwnkkxvaocirp/Build/Intermediates.noindex/ExplicitPrecompiledModules/_math-DMOM5BLIMQNG2XIDW4RCPFPBQ.scan
    cd /Users/gunn.kim/study/BobCam/BobCam-iOS/BobCamAgent/Pods
    builtin-precompileModule /Users/gunn.kim/Library/Developer/Xcode/DerivedData/BobCamAgent-elvzdrtgzbztmwhjwnkkxvaocirp/Build/Intermediates.noindex/ExplicitPrecompiledModules/_math-DMOM5BLIMQNG2XIDW4RCPFPBQ.scan

PrecompileModule /Users/gunn.kim/Library/Developer/Xcode/DerivedData/BobCamAgent-elvzdrtgzbztmwhjwnkkxvaocirp/Build/Intermediates.noindex/ExplicitPrecompiledModules/xlocale-EG5DD1DU93V1SZ92NBFCRKN3H.scan
    cd /Users/gunn.kim/study/BobCam/BobCam-iOS/BobCamAgent/Pods
    builtin-precompileModule /Users/gunn.kim/Library/Developer/Xcode/DerivedData/BobCamAgent-elvzdrtgzbztmwhjwnkkxvaocirp/Build/Intermediates.noindex/ExplicitPrecompiledModules/xlocale-EG5DD1DU93V1SZ92NBFCRKN3H.scan

PrecompileModule /Users/gunn.kim/Library/Developer/Xcode/DerivedData/BobCamAgent-elvzdrtgzbztmwhjwnkkxvaocirp/Build/Intermediates.noindex/ExplicitPrecompiledModules/_assert-8JSLEM8JVANZOK5CJFZHO2CLL.scan
    cd /Users/gunn.kim/study/BobCam/BobCam-iOS/BobCamAgent/Pods
    builtin-precompileModule /Users/gunn.kim/Library/Developer/Xcode/DerivedData/BobCamAgent-elvzdrtgzbztmwhjwnkkxvaocirp/Build/Intermediates.noindex/ExplicitPrecompiledModules/_assert-8JSLEM8JVANZOK5CJFZHO2CLL.scan

SwiftDriverJobDiscovery normal arm64 Emitting module for BobCamAgent (in target 'BobCamAgent' from project 'BobCamAgent')

SwiftDriver\ Compilation\ Requirements BobCamAgent normal arm64 com.apple.xcode.tools.swift.compiler (in target 'BobCamAgent' from project 'BobCamAgent')
    cd /Users/gunn.kim/study/BobCam/BobCam-iOS/BobCamAgent
    builtin-Swift-Compilation-Requirements -- /Applications/Xcode.app/Contents/Developer/Toolchains/XcodeDefault.xctoolchain/usr/bin/swiftc -module-name BobCamAgent -Onone -enforce-exclusivity\=checked @/Users/gunn.kim/Library/Developer/Xcode/DerivedData/BobCamAgent-elvzdrtgzbztmwhjwnkkxvaocirp/Build/Intermediates.noindex/BobCamAgent.build/Debug-iphoneos/BobCamAgent.build/Objects-normal/arm64/BobCamAgent.SwiftFileList -DDEBUG -enable-bare-slash-regex -enable-experimental-feature DebugDescriptionMacro -sdk /Applications/Xcode.app/Contents/Developer/Platforms/iPhoneOS.platform/Developer/SDKs/iPhoneOS18.5.sdk -target arm64-apple-ios15.0 -g -module-cache-path /Users/gunn.kim/Library/Developer/Xcode/DerivedData/ModuleCache.noindex -Xfrontend -serialize-debugging-options -enable-testing -index-store-path /Users/gunn.kim/Library/Developer/Xcode/DerivedData/BobCamAgent-elvzdrtgzbztmwhjwnkkxvaocirp/Index.noindex/DataStore -swift-version 5 -I /Users/gunn.kim/Library/Developer/Xcode/DerivedData/BobCamAgent-elvzdrtgzbztmwhjwnkkxvaocirp/Build/Products/Debug-iphoneos -F /Users/gunn.kim/Library/Developer/Xcode/DerivedData/BobCamAgent-elvzdrtgzbztmwhjwnkkxvaocirp/Build/Products/Debug-iphoneos -emit-localized-strings -emit-localized-strings-path /Users/gunn.kim/Library/Developer/Xcode/DerivedData/BobCamAgent-elvzdrtgzbztmwhjwnkkxvaocirp/Build/Intermediates.noindex/BobCamAgent.build/Debug-iphoneos/BobCamAgent.build/Objects-normal/arm64 -c -j12 -enable-batch-mode -incremental -Xcc -ivfsstatcache -Xcc /Users/gunn.kim/Library/Developer/Xcode/DerivedData/SDKStatCaches.noindex/iphoneos18.5-22F76-7fa4eea80a99bbfdc046826b63ec4baf.sdkstatcache -output-file-map /Users/gunn.kim/Library/Developer/Xcode/DerivedData/BobCamAgent-elvzdrtgzbztmwhjwnkkxvaocirp/Build/Intermediates.noindex/BobCamAgent.build/Debug-iphoneos/BobCamAgent.build/Objects-normal/arm64/BobCamAgent-OutputFileMap.json -use-frontend-parseable-output -save-temps -no-color-diagnostics -serialize-diagnostics -emit-dependencies -emit-module -emit-module-path /Users/gunn.kim/Library/Developer/Xcode/DerivedData/BobCamAgent-elvzdrtgzbztmwhjwnkkxvaocirp/Build/Intermediates.noindex/BobCamAgent.build/Debug-iphoneos/BobCamAgent.build/Objects-normal/arm64/BobCamAgent.swiftmodule -validate-clang-modules-once -clang-build-session-file /Users/gunn.kim/Library/Developer/Xcode/DerivedData/ModuleCache.noindex/Session.modulevalidation -Xcc -I/Users/gunn.kim/Library/Developer/Xcode/DerivedData/BobCamAgent-elvzdrtgzbztmwhjwnkkxvaocirp/Build/Intermediates.noindex/BobCamAgent.build/Debug-iphoneos/BobCamAgent.build/swift-overrides.hmap -emit-const-values -Xfrontend -const-gather-protocols-file -Xfrontend /Users/gunn.kim/Library/Developer/Xcode/DerivedData/BobCamAgent-elvzdrtgzbztmwhjwnkkxvaocirp/Build/Intermediates.noindex/BobCamAgent.build/Debug-iphoneos/BobCamAgent.build/Objects-normal/arm64/BobCamAgent_const_extract_protocols.json -Xcc -iquote -Xcc /Users/gunn.kim/Library/Developer/Xcode/DerivedData/BobCamAgent-elvzdrtgzbztmwhjwnkkxvaocirp/Build/Intermediates.noindex/BobCamAgent.build/Debug-iphoneos/BobCamAgent.build/BobCamAgent-generated-files.hmap -Xcc -I/Users/gunn.kim/Library/Developer/Xcode/DerivedData/BobCamAgent-elvzdrtgzbztmwhjwnkkxvaocirp/Build/Intermediates.noindex/BobCamAgent.build/Debug-iphoneos/BobCamAgent.build/BobCamAgent-own-target-headers.hmap -Xcc -I/Users/gunn.kim/Library/Developer/Xcode/DerivedData/BobCamAgent-elvzdrtgzbztmwhjwnkkxvaocirp/Build/Intermediates.noindex/BobCamAgent.build/Debug-iphoneos/BobCamAgent.build/BobCamAgent-all-non-framework-target-headers.hmap -Xcc -ivfsoverlay -Xcc /Users/gunn.kim/Library/Developer/Xcode/DerivedData/BobCamAgent-elvzdrtgzbztmwhjwnkkxvaocirp/Build/Intermediates.noindex/BobCamAgent.build/Debug-iphoneos/BobCamAgent-7bcf04dd287a8a6fc515f927e120d9d2-VFS-iphoneos/all-product-headers.yaml -Xcc -iquote -Xcc /Users/gunn.kim/Library/Developer/Xcode/DerivedData/BobCamAgent-elvzdrtgzbztmwhjwnkkxvaocirp/Build/Intermediates.noindex/BobCamAgent.build/Debug-iphoneos/BobCamAgent.build/BobCamAgent-project-headers.hmap -Xcc -I/Users/gunn.kim/Library/Developer/Xcode/DerivedData/BobCamAgent-elvzdrtgzbztmwhjwnkkxvaocirp/Build/Products/Debug-iphoneos/include -Xcc -I/Users/gunn.kim/Library/Developer/Xcode/DerivedData/BobCamAgent-elvzdrtgzbztmwhjwnkkxvaocirp/Build/Intermediates.noindex/BobCamAgent.build/Debug-iphoneos/BobCamAgent.build/DerivedSources-normal/arm64 -Xcc -I/Users/gunn.kim/Library/Developer/Xcode/DerivedData/BobCamAgent-elvzdrtgzbztmwhjwnkkxvaocirp/Build/Intermediates.noindex/BobCamAgent.build/Debug-iphoneos/BobCamAgent.build/DerivedSources/arm64 -Xcc -I/Users/gunn.kim/Library/Developer/Xcode/DerivedData/BobCamAgent-elvzdrtgzbztmwhjwnkkxvaocirp/Build/Intermediates.noindex/BobCamAgent.build/Debug-iphoneos/BobCamAgent.build/DerivedSources -Xcc -DDEBUG\=1 -Xcc -DCOCOAPODS\=1 -emit-objc-header -emit-objc-header-path /Users/gunn.kim/Library/Developer/Xcode/DerivedData/BobCamAgent-elvzdrtgzbztmwhjwnkkxvaocirp/Build/Intermediates.noindex/BobCamAgent.build/Debug-iphoneos/BobCamAgent.build/Objects-normal/arm64/BobCamAgent-Swift.h -working-directory /Users/gunn.kim/study/BobCam/BobCam-iOS/BobCamAgent -experimental-emit-module-separately -disable-cmo

PrecompileModule /Users/gunn.kim/Library/Developer/Xcode/DerivedData/BobCamAgent-elvzdrtgzbztmwhjwnkkxvaocirp/Build/Intermediates.noindex/ExplicitPrecompiledModules/netinet_in-87EHJQZ5QK9GJHVPZVJ5YUR4H.scan
    cd /Users/gunn.kim/study/BobCam/BobCam-iOS/BobCamAgent/Pods
    builtin-precompileModule /Users/gunn.kim/Library/Developer/Xcode/DerivedData/BobCamAgent-elvzdrtgzbztmwhjwnkkxvaocirp/Build/Intermediates.noindex/ExplicitPrecompiledModules/netinet_in-87EHJQZ5QK9GJHVPZVJ5YUR4H.scan

SwiftMergeGeneratedHeaders /Users/gunn.kim/Library/Developer/Xcode/DerivedData/BobCamAgent-elvzdrtgzbztmwhjwnkkxvaocirp/Build/Intermediates.noindex/BobCamAgent.build/Debug-iphoneos/BobCamAgent.build/DerivedSources/BobCamAgent-Swift.h /Users/gunn.kim/Library/Developer/Xcode/DerivedData/BobCamAgent-elvzdrtgzbztmwhjwnkkxvaocirp/Build/Intermediates.noindex/BobCamAgent.build/Debug-iphoneos/BobCamAgent.build/Objects-normal/arm64/BobCamAgent-Swift.h (in target 'BobCamAgent' from project 'BobCamAgent')
    cd /Users/gunn.kim/study/BobCam/BobCam-iOS/BobCamAgent
    builtin-swiftHeaderTool -arch arm64 /Users/gunn.kim/Library/Developer/Xcode/DerivedData/BobCamAgent-elvzdrtgzbztmwhjwnkkxvaocirp/Build/Intermediates.noindex/BobCamAgent.build/Debug-iphoneos/BobCamAgent.build/Objects-normal/arm64/BobCamAgent-Swift.h -o /Users/gunn.kim/Library/Developer/Xcode/DerivedData/BobCamAgent-elvzdrtgzbztmwhjwnkkxvaocirp/Build/Intermediates.noindex/BobCamAgent.build/Debug-iphoneos/BobCamAgent.build/DerivedSources/BobCamAgent-Swift.h

SwiftDriverJobDiscovery normal arm64 Compiling BobCamApp.swift, ContentView.swift, CameraService.swift (in target 'BobCamAgent' from project 'BobCamAgent')

Copy /Users/gunn.kim/Library/Developer/Xcode/DerivedData/BobCamAgent-elvzdrtgzbztmwhjwnkkxvaocirp/Build/Products/Debug-iphoneos/BobCamAgent.swiftmodule/arm64-apple-ios.swiftmodule /Users/gunn.kim/Library/Developer/Xcode/DerivedData/BobCamAgent-elvzdrtgzbztmwhjwnkkxvaocirp/Build/Intermediates.noindex/BobCamAgent.build/Debug-iphoneos/BobCamAgent.build/Objects-normal/arm64/BobCamAgent.swiftmodule (in target 'BobCamAgent' from project 'BobCamAgent')
    cd /Users/gunn.kim/study/BobCam/BobCam-iOS/BobCamAgent
    builtin-copy -exclude .DS_Store -exclude CVS -exclude .svn -exclude .git -exclude .hg -resolve-src-symlinks -rename /Users/gunn.kim/Library/Developer/Xcode/DerivedData/BobCamAgent-elvzdrtgzbztmwhjwnkkxvaocirp/Build/Intermediates.noindex/BobCamAgent.build/Debug-iphoneos/BobCamAgent.build/Objects-normal/arm64/BobCamAgent.swiftmodule /Users/gunn.kim/Library/Developer/Xcode/DerivedData/BobCamAgent-elvzdrtgzbztmwhjwnkkxvaocirp/Build/Products/Debug-iphoneos/BobCamAgent.swiftmodule/arm64-apple-ios.swiftmodule

Copy /Users/gunn.kim/Library/Developer/Xcode/DerivedData/BobCamAgent-elvzdrtgzbztmwhjwnkkxvaocirp/Build/Products/Debug-iphoneos/BobCamAgent.swiftmodule/arm64-apple-ios.swiftdoc /Users/gunn.kim/Library/Developer/Xcode/DerivedData/BobCamAgent-elvzdrtgzbztmwhjwnkkxvaocirp/Build/Intermediates.noindex/BobCamAgent.build/Debug-iphoneos/BobCamAgent.build/Objects-normal/arm64/BobCamAgent.swiftdoc (in target 'BobCamAgent' from project 'BobCamAgent')
    cd /Users/gunn.kim/study/BobCam/BobCam-iOS/BobCamAgent
    builtin-copy -exclude .DS_Store -exclude CVS -exclude .svn -exclude .git -exclude .hg -resolve-src-symlinks -rename /Users/gunn.kim/Library/Developer/Xcode/DerivedData/BobCamAgent-elvzdrtgzbztmwhjwnkkxvaocirp/Build/Intermediates.noindex/BobCamAgent.build/Debug-iphoneos/BobCamAgent.build/Objects-normal/arm64/BobCamAgent.swiftdoc /Users/gunn.kim/Library/Developer/Xcode/DerivedData/BobCamAgent-elvzdrtgzbztmwhjwnkkxvaocirp/Build/Products/Debug-iphoneos/BobCamAgent.swiftmodule/arm64-apple-ios.swiftdoc

Copy /Users/gunn.kim/Library/Developer/Xcode/DerivedData/BobCamAgent-elvzdrtgzbztmwhjwnkkxvaocirp/Build/Products/Debug-iphoneos/BobCamAgent.swiftmodule/arm64-apple-ios.abi.json /Users/gunn.kim/Library/Developer/Xcode/DerivedData/BobCamAgent-elvzdrtgzbztmwhjwnkkxvaocirp/Build/Intermediates.noindex/BobCamAgent.build/Debug-iphoneos/BobCamAgent.build/Objects-normal/arm64/BobCamAgent.abi.json (in target 'BobCamAgent' from project 'BobCamAgent')
    cd /Users/gunn.kim/study/BobCam/BobCam-iOS/BobCamAgent
    builtin-copy -exclude .DS_Store -exclude CVS -exclude .svn -exclude .git -exclude .hg -resolve-src-symlinks -rename /Users/gunn.kim/Library/Developer/Xcode/DerivedData/BobCamAgent-elvzdrtgzbztmwhjwnkkxvaocirp/Build/Intermediates.noindex/BobCamAgent.build/Debug-iphoneos/BobCamAgent.build/Objects-normal/arm64/BobCamAgent.abi.json /Users/gunn.kim/Library/Developer/Xcode/DerivedData/BobCamAgent-elvzdrtgzbztmwhjwnkkxvaocirp/Build/Products/Debug-iphoneos/BobCamAgent.swiftmodule/arm64-apple-ios.abi.json

Copy /Users/gunn.kim/Library/Developer/Xcode/DerivedData/BobCamAgent-elvzdrtgzbztmwhjwnkkxvaocirp/Build/Products/Debug-iphoneos/BobCamAgent.swiftmodule/Project/arm64-apple-ios.swiftsourceinfo /Users/gunn.kim/Library/Developer/Xcode/DerivedData/BobCamAgent-elvzdrtgzbztmwhjwnkkxvaocirp/Build/Intermediates.noindex/BobCamAgent.build/Debug-iphoneos/BobCamAgent.build/Objects-normal/arm64/BobCamAgent.swiftsourceinfo (in target 'BobCamAgent' from project 'BobCamAgent')
    cd /Users/gunn.kim/study/BobCam/BobCam-iOS/BobCamAgent
    builtin-copy -exclude .DS_Store -exclude CVS -exclude .svn -exclude .git -exclude .hg -resolve-src-symlinks -rename /Users/gunn.kim/Library/Developer/Xcode/DerivedData/BobCamAgent-elvzdrtgzbztmwhjwnkkxvaocirp/Build/Intermediates.noindex/BobCamAgent.build/Debug-iphoneos/BobCamAgent.build/Objects-normal/arm64/BobCamAgent.swiftsourceinfo /Users/gunn.kim/Library/Developer/Xcode/DerivedData/BobCamAgent-elvzdrtgzbztmwhjwnkkxvaocirp/Build/Products/Debug-iphoneos/BobCamAgent.swiftmodule/Project/arm64-apple-ios.swiftsourceinfo

PrecompileModule /Users/gunn.kim/Library/Developer/Xcode/DerivedData/BobCamAgent-elvzdrtgzbztmwhjwnkkxvaocirp/Build/Intermediates.noindex/ExplicitPrecompiledModules/_setjmp-4HXSJBGZQQ4HQ28DL6RG2393Z.scan
    cd /Users/gunn.kim/study/BobCam/BobCam-iOS/BobCamAgent/Pods
    builtin-precompileModule /Users/gunn.kim/Library/Developer/Xcode/DerivedData/BobCamAgent-elvzdrtgzbztmwhjwnkkxvaocirp/Build/Intermediates.noindex/ExplicitPrecompiledModules/_setjmp-4HXSJBGZQQ4HQ28DL6RG2393Z.scan

PrecompileModule /Users/gunn.kim/Library/Developer/Xcode/DerivedData/BobCamAgent-elvzdrtgzbztmwhjwnkkxvaocirp/Build/Intermediates.noindex/ExplicitPrecompiledModules/_limits-6ESFDG805IL5901OY8RLRMES3.scan
    cd /Users/gunn.kim/study/BobCam/BobCam-iOS/BobCamAgent/Pods
    builtin-precompileModule /Users/gunn.kim/Library/Developer/Xcode/DerivedData/BobCamAgent-elvzdrtgzbztmwhjwnkkxvaocirp/Build/Intermediates.noindex/ExplicitPrecompiledModules/_limits-6ESFDG805IL5901OY8RLRMES3.scan

PrecompileModule /Users/gunn.kim/Library/Developer/Xcode/DerivedData/BobCamAgent-elvzdrtgzbztmwhjwnkkxvaocirp/Build/Intermediates.noindex/ExplicitPrecompiledModules/alloca-62VXUR4T9SHJ0SCBE5ONEJYDO.scan
    cd /Users/gunn.kim/study/BobCam/BobCam-iOS/BobCamAgent/Pods
    builtin-precompileModule /Users/gunn.kim/Library/Developer/Xcode/DerivedData/BobCamAgent-elvzdrtgzbztmwhjwnkkxvaocirp/Build/Intermediates.noindex/ExplicitPrecompiledModules/alloca-62VXUR4T9SHJ0SCBE5ONEJYDO.scan

PrecompileModule /Users/gunn.kim/Library/Developer/Xcode/DerivedData/BobCamAgent-elvzdrtgzbztmwhjwnkkxvaocirp/Build/Intermediates.noindex/ExplicitPrecompiledModules/_errno-8GAHLQAGT9XH7YVSGYCDFB04F.scan
    cd /Users/gunn.kim/study/BobCam/BobCam-iOS/BobCamAgent/Pods
    builtin-precompileModule /Users/gunn.kim/Library/Developer/Xcode/DerivedData/BobCamAgent-elvzdrtgzbztmwhjwnkkxvaocirp/Build/Intermediates.noindex/ExplicitPrecompiledModules/_errno-8GAHLQAGT9XH7YVSGYCDFB04F.scan

PrecompileModule /Users/gunn.kim/Library/Developer/Xcode/DerivedData/BobCamAgent-elvzdrtgzbztmwhjwnkkxvaocirp/Build/Intermediates.noindex/ExplicitPrecompiledModules/_strings-C8PPUEQLA7HLGGI9WVRCZBYGD.scan
    cd /Users/gunn.kim/study/BobCam/BobCam-iOS/BobCamAgent/Pods
    builtin-precompileModule /Users/gunn.kim/Library/Developer/Xcode/DerivedData/BobCamAgent-elvzdrtgzbztmwhjwnkkxvaocirp/Build/Intermediates.noindex/ExplicitPrecompiledModules/_strings-C8PPUEQLA7HLGGI9WVRCZBYGD.scan

PrecompileModule /Users/gunn.kim/Library/Developer/Xcode/DerivedData/BobCamAgent-elvzdrtgzbztmwhjwnkkxvaocirp/Build/Intermediates.noindex/ExplicitPrecompiledModules/_Builtin_stdint-CSG5SPDVPDL88KS9KECU00D75.scan
    cd /Users/gunn.kim/study/BobCam/BobCam-iOS/BobCamAgent/Pods
    builtin-precompileModule /Users/gunn.kim/Library/Developer/Xcode/DerivedData/BobCamAgent-elvzdrtgzbztmwhjwnkkxvaocirp/Build/Intermediates.noindex/ExplicitPrecompiledModules/_Builtin_stdint-CSG5SPDVPDL88KS9KECU00D75.scan

PrecompileModule /Users/gunn.kim/Library/Developer/Xcode/DerivedData/BobCamAgent-elvzdrtgzbztmwhjwnkkxvaocirp/Build/Intermediates.noindex/ExplicitPrecompiledModules/runetype-8MXJFAKYG3NTXKDSNMQ2284DU.scan
    cd /Users/gunn.kim/study/BobCam/BobCam-iOS/BobCamAgent/Pods
    builtin-precompileModule /Users/gunn.kim/Library/Developer/Xcode/DerivedData/BobCamAgent-elvzdrtgzbztmwhjwnkkxvaocirp/Build/Intermediates.noindex/ExplicitPrecompiledModules/runetype-8MXJFAKYG3NTXKDSNMQ2284DU.scan

PrecompileModule /Users/gunn.kim/Library/Developer/Xcode/DerivedData/BobCamAgent-elvzdrtgzbztmwhjwnkkxvaocirp/Build/Intermediates.noindex/ExplicitPrecompiledModules/sys_types-DOS0UBLLN2E973ONRKNN9T7KM.scan
    cd /Users/gunn.kim/study/BobCam/BobCam-iOS/BobCamAgent/Pods
    builtin-precompileModule /Users/gunn.kim/Library/Developer/Xcode/DerivedData/BobCamAgent-elvzdrtgzbztmwhjwnkkxvaocirp/Build/Intermediates.noindex/ExplicitPrecompiledModules/sys_types-DOS0UBLLN2E973ONRKNN9T7KM.scan

PrecompileModule /Users/gunn.kim/Library/Developer/Xcode/DerivedData/BobCamAgent-elvzdrtgzbztmwhjwnkkxvaocirp/Build/Intermediates.noindex/ExplicitPrecompiledModules/_Builtin_limits-B3CTKUR1Y0YPRVAJYV7BYI9MD.scan
    cd /Users/gunn.kim/study/BobCam/BobCam-iOS/BobCamAgent/Pods
    builtin-precompileModule /Users/gunn.kim/Library/Developer/Xcode/DerivedData/BobCamAgent-elvzdrtgzbztmwhjwnkkxvaocirp/Build/Intermediates.noindex/ExplicitPrecompiledModules/_Builtin_limits-B3CTKUR1Y0YPRVAJYV7BYI9MD.scan

PrecompileModule /Users/gunn.kim/Library/Developer/Xcode/DerivedData/BobCamAgent-elvzdrtgzbztmwhjwnkkxvaocirp/Build/Intermediates.noindex/ExplicitPrecompiledModules/_inttypes-7EWHRBIYG2U1M6YLEW7JNDGQG.scan
    cd /Users/gunn.kim/study/BobCam/BobCam-iOS/BobCamAgent/Pods
    builtin-precompileModule /Users/gunn.kim/Library/Developer/Xcode/DerivedData/BobCamAgent-elvzdrtgzbztmwhjwnkkxvaocirp/Build/Intermediates.noindex/ExplicitPrecompiledModules/_inttypes-7EWHRBIYG2U1M6YLEW7JNDGQG.scan

PrecompileModule /Users/gunn.kim/Library/Developer/Xcode/DerivedData/BobCamAgent-elvzdrtgzbztmwhjwnkkxvaocirp/Build/Intermediates.noindex/ExplicitPrecompiledModules/_Builtin_stdatomic-AMLZX6UTH3RDVG9GYURBSY3MV.scan
    cd /Users/gunn.kim/study/BobCam/BobCam-iOS/BobCamAgent/Pods
    builtin-precompileModule /Users/gunn.kim/Library/Developer/Xcode/DerivedData/BobCamAgent-elvzdrtgzbztmwhjwnkkxvaocirp/Build/Intermediates.noindex/ExplicitPrecompiledModules/_Builtin_stdatomic-AMLZX6UTH3RDVG9GYURBSY3MV.scan

PrecompileModule /Users/gunn.kim/Library/Developer/Xcode/DerivedData/BobCamAgent-elvzdrtgzbztmwhjwnkkxvaocirp/Build/Intermediates.noindex/ExplicitPrecompiledModules/_time-VJXLHYBLTW4N6RH6RUZNQ9AH.scan
    cd /Users/gunn.kim/study/BobCam/BobCam-iOS/BobCamAgent/Pods
    builtin-precompileModule /Users/gunn.kim/Library/Developer/Xcode/DerivedData/BobCamAgent-elvzdrtgzbztmwhjwnkkxvaocirp/Build/Intermediates.noindex/ExplicitPrecompiledModules/_time-VJXLHYBLTW4N6RH6RUZNQ9AH.scan

PrecompileModule /Users/gunn.kim/Library/Developer/Xcode/DerivedData/BobCamAgent-elvzdrtgzbztmwhjwnkkxvaocirp/Build/Intermediates.noindex/ExplicitPrecompiledModules/sys_resource-E0T1TR5JRBIQ90U317RPBU7PN.scan
    cd /Users/gunn.kim/study/BobCam/BobCam-iOS/BobCamAgent/Pods
    builtin-precompileModule /Users/gunn.kim/Library/Developer/Xcode/DerivedData/BobCamAgent-elvzdrtgzbztmwhjwnkkxvaocirp/Build/Intermediates.noindex/ExplicitPrecompiledModules/sys_resource-E0T1TR5JRBIQ90U317RPBU7PN.scan

PrecompileModule /Users/gunn.kim/Library/Developer/Xcode/DerivedData/BobCamAgent-elvzdrtgzbztmwhjwnkkxvaocirp/Build/Intermediates.noindex/ExplicitPrecompiledModules/_Builtin_inttypes-6URYKKQI609RM1VS6OYIR7T2H.scan
    cd /Users/gunn.kim/study/BobCam/BobCam-iOS/BobCamAgent/Pods
    builtin-precompileModule /Users/gunn.kim/Library/Developer/Xcode/DerivedData/BobCamAgent-elvzdrtgzbztmwhjwnkkxvaocirp/Build/Intermediates.noindex/ExplicitPrecompiledModules/_Builtin_inttypes-6URYKKQI609RM1VS6OYIR7T2H.scan

PrecompileModule /Users/gunn.kim/Library/Developer/Xcode/DerivedData/BobCamAgent-elvzdrtgzbztmwhjwnkkxvaocirp/Build/Intermediates.noindex/ExplicitPrecompiledModules/_string-EHZAKA1O8VUV1DKKD4Z9FNYRY.scan
    cd /Users/gunn.kim/study/BobCam/BobCam-iOS/BobCamAgent/Pods
    builtin-precompileModule /Users/gunn.kim/Library/Developer/Xcode/DerivedData/BobCamAgent-elvzdrtgzbztmwhjwnkkxvaocirp/Build/Intermediates.noindex/ExplicitPrecompiledModules/_string-EHZAKA1O8VUV1DKKD4Z9FNYRY.scan

PrecompileModule /Users/gunn.kim/Library/Developer/Xcode/DerivedData/BobCamAgent-elvzdrtgzbztmwhjwnkkxvaocirp/Build/Intermediates.noindex/ExplicitPrecompiledModules/nl_types-6GTVCJHLI3DPPV0H5MVXX7X8T.scan
    cd /Users/gunn.kim/study/BobCam/BobCam-iOS/BobCamAgent/Pods
    builtin-precompileModule /Users/gunn.kim/Library/Developer/Xcode/DerivedData/BobCamAgent-elvzdrtgzbztmwhjwnkkxvaocirp/Build/Intermediates.noindex/ExplicitPrecompiledModules/nl_types-6GTVCJHLI3DPPV0H5MVXX7X8T.scan

PrecompileModule /Users/gunn.kim/Library/Developer/Xcode/DerivedData/BobCamAgent-elvzdrtgzbztmwhjwnkkxvaocirp/Build/Intermediates.noindex/ExplicitPrecompiledModules/gethostuuid-7XTYV3EK0APXIYAQK3M6RSNLJ.scan
    cd /Users/gunn.kim/study/BobCam/BobCam-iOS/BobCamAgent/Pods
    builtin-precompileModule /Users/gunn.kim/Library/Developer/Xcode/DerivedData/BobCamAgent-elvzdrtgzbztmwhjwnkkxvaocirp/Build/Intermediates.noindex/ExplicitPrecompiledModules/gethostuuid-7XTYV3EK0APXIYAQK3M6RSNLJ.scan

PrecompileModule /Users/gunn.kim/Library/Developer/Xcode/DerivedData/BobCamAgent-elvzdrtgzbztmwhjwnkkxvaocirp/Build/Intermediates.noindex/ExplicitPrecompiledModules/_complex-CLYTQL464RQ40JXAZIU24QUWF.scan
    cd /Users/gunn.kim/study/BobCam/BobCam-iOS/BobCamAgent/Pods
    builtin-precompileModule /Users/gunn.kim/Library/Developer/Xcode/DerivedData/BobCamAgent-elvzdrtgzbztmwhjwnkkxvaocirp/Build/Intermediates.noindex/ExplicitPrecompiledModules/_complex-CLYTQL464RQ40JXAZIU24QUWF.scan

PrecompileModule /Users/gunn.kim/Library/Developer/Xcode/DerivedData/BobCamAgent-elvzdrtgzbztmwhjwnkkxvaocirp/Build/Intermediates.noindex/ExplicitPrecompiledModules/mach-8MQUJN49U0ZMEC2AW56Z8N4W9.scan
    cd /Users/gunn.kim/study/BobCam/BobCam-iOS/BobCamAgent/Pods
    builtin-precompileModule /Users/gunn.kim/Library/Developer/Xcode/DerivedData/BobCamAgent-elvzdrtgzbztmwhjwnkkxvaocirp/Build/Intermediates.noindex/ExplicitPrecompiledModules/mach-8MQUJN49U0ZMEC2AW56Z8N4W9.scan

PrecompileModule /Users/gunn.kim/Library/Developer/Xcode/DerivedData/BobCamAgent-elvzdrtgzbztmwhjwnkkxvaocirp/Build/Intermediates.noindex/ExplicitPrecompiledModules/_ctype-1EVP59UDR718DEJWQNNH6U59F.scan
    cd /Users/gunn.kim/study/BobCam/BobCam-iOS/BobCamAgent/Pods
    builtin-precompileModule /Users/gunn.kim/Library/Developer/Xcode/DerivedData/BobCamAgent-elvzdrtgzbztmwhjwnkkxvaocirp/Build/Intermediates.noindex/ExplicitPrecompiledModules/_ctype-1EVP59UDR718DEJWQNNH6U59F.scan

PrecompileModule /Users/gunn.kim/Library/Developer/Xcode/DerivedData/BobCamAgent-elvzdrtgzbztmwhjwnkkxvaocirp/Build/Intermediates.noindex/ExplicitPrecompiledModules/_stdio-A8504QE1IFCF952RRCH6XYNM8.scan
    cd /Users/gunn.kim/study/BobCam/BobCam-iOS/BobCamAgent/Pods
    builtin-precompileModule /Users/gunn.kim/Library/Developer/Xcode/DerivedData/BobCamAgent-elvzdrtgzbztmwhjwnkkxvaocirp/Build/Intermediates.noindex/ExplicitPrecompiledModules/_stdio-A8504QE1IFCF952RRCH6XYNM8.scan

PrecompileModule /Users/gunn.kim/Library/Developer/Xcode/DerivedData/BobCamAgent-elvzdrtgzbztmwhjwnkkxvaocirp/Build/Intermediates.noindex/ExplicitPrecompiledModules/_tgmath-8JO5N65MDC2NFHW3PY3F88UAL.scan
    cd /Users/gunn.kim/study/BobCam/BobCam-iOS/BobCamAgent/Pods
    builtin-precompileModule /Users/gunn.kim/Library/Developer/Xcode/DerivedData/BobCamAgent-elvzdrtgzbztmwhjwnkkxvaocirp/Build/Intermediates.noindex/ExplicitPrecompiledModules/_tgmath-8JO5N65MDC2NFHW3PY3F88UAL.scan

PrecompileModule /Users/gunn.kim/Library/Developer/Xcode/DerivedData/BobCamAgent-elvzdrtgzbztmwhjwnkkxvaocirp/Build/Intermediates.noindex/ExplicitPrecompiledModules/_signal-7R6S4EG0TEUVLF50JJOOGQQJZ.scan
    cd /Users/gunn.kim/study/BobCam/BobCam-iOS/BobCamAgent/Pods
    builtin-precompileModule /Users/gunn.kim/Library/Developer/Xcode/DerivedData/BobCamAgent-elvzdrtgzbztmwhjwnkkxvaocirp/Build/Intermediates.noindex/ExplicitPrecompiledModules/_signal-7R6S4EG0TEUVLF50JJOOGQQJZ.scan

PrecompileModule /Users/gunn.kim/Library/Developer/Xcode/DerivedData/BobCamAgent-elvzdrtgzbztmwhjwnkkxvaocirp/Build/Intermediates.noindex/ExplicitPrecompiledModules/__wctype-5R7WZV6GRD3OQVRZ5YWECTM3G.scan
    cd /Users/gunn.kim/study/BobCam/BobCam-iOS/BobCamAgent/Pods
    builtin-precompileModule /Users/gunn.kim/Library/Developer/Xcode/DerivedData/BobCamAgent-elvzdrtgzbztmwhjwnkkxvaocirp/Build/Intermediates.noindex/ExplicitPrecompiledModules/__wctype-5R7WZV6GRD3OQVRZ5YWECTM3G.scan

PrecompileModule /Users/gunn.kim/Library/Developer/Xcode/DerivedData/BobCamAgent-elvzdrtgzbztmwhjwnkkxvaocirp/Build/Intermediates.noindex/ExplicitPrecompiledModules/_Builtin_tgmath-CNDHIVISJTAKED8QJRMDFYWYE.scan
    cd /Users/gunn.kim/study/BobCam/BobCam-iOS/BobCamAgent/Pods
    builtin-precompileModule /Users/gunn.kim/Library/Developer/Xcode/DerivedData/BobCamAgent-elvzdrtgzbztmwhjwnkkxvaocirp/Build/Intermediates.noindex/ExplicitPrecompiledModules/_Builtin_tgmath-CNDHIVISJTAKED8QJRMDFYWYE.scan

PrecompileModule /Users/gunn.kim/Library/Developer/Xcode/DerivedData/BobCamAgent-elvzdrtgzbztmwhjwnkkxvaocirp/Build/Intermediates.noindex/ExplicitPrecompiledModules/pthread-1Y6TVRSRMRO7CQVN2XUDHTPMM.scan
    cd /Users/gunn.kim/study/BobCam/BobCam-iOS/BobCamAgent/Pods
    builtin-precompileModule /Users/gunn.kim/Library/Developer/Xcode/DerivedData/BobCamAgent-elvzdrtgzbztmwhjwnkkxvaocirp/Build/Intermediates.noindex/ExplicitPrecompiledModules/pthread-1Y6TVRSRMRO7CQVN2XUDHTPMM.scan

PrecompileModule /Users/gunn.kim/Library/Developer/Xcode/DerivedData/BobCamAgent-elvzdrtgzbztmwhjwnkkxvaocirp/Build/Intermediates.noindex/ExplicitPrecompiledModules/sys_wait-38H7HMFV7UTLZN714HH6HKGG6.scan
    cd /Users/gunn.kim/study/BobCam/BobCam-iOS/BobCamAgent/Pods
    builtin-precompileModule /Users/gunn.kim/Library/Developer/Xcode/DerivedData/BobCamAgent-elvzdrtgzbztmwhjwnkkxvaocirp/Build/Intermediates.noindex/ExplicitPrecompiledModules/sys_wait-38H7HMFV7UTLZN714HH6HKGG6.scan

PrecompileModule /Users/gunn.kim/Library/Developer/Xcode/DerivedData/BobCamAgent-elvzdrtgzbztmwhjwnkkxvaocirp/Build/Intermediates.noindex/ExplicitPrecompiledModules/_wctype-AT6N0TUFUUYM2KDB28S34L9GL.scan
    cd /Users/gunn.kim/study/BobCam/BobCam-iOS/BobCamAgent/Pods
    builtin-precompileModule /Users/gunn.kim/Library/Developer/Xcode/DerivedData/BobCamAgent-elvzdrtgzbztmwhjwnkkxvaocirp/Build/Intermediates.noindex/ExplicitPrecompiledModules/_wctype-AT6N0TUFUUYM2KDB28S34L9GL.scan

PrecompileModule /Users/gunn.kim/Library/Developer/Xcode/DerivedData/BobCamAgent-elvzdrtgzbztmwhjwnkkxvaocirp/Build/Intermediates.noindex/ExplicitPrecompiledModules/_wchar-9TDZFJ35355GXSOBIIJYO4T3Q.scan
    cd /Users/gunn.kim/study/BobCam/BobCam-iOS/BobCamAgent/Pods
    builtin-precompileModule /Users/gunn.kim/Library/Developer/Xcode/DerivedData/BobCamAgent-elvzdrtgzbztmwhjwnkkxvaocirp/Build/Intermediates.noindex/ExplicitPrecompiledModules/_wchar-9TDZFJ35355GXSOBIIJYO4T3Q.scan

PrecompileModule /Users/gunn.kim/Library/Developer/Xcode/DerivedData/BobCamAgent-elvzdrtgzbztmwhjwnkkxvaocirp/Build/Intermediates.noindex/ExplicitPrecompiledModules/sys_select-XDPM4S4WGOO45GYTBJMC7P1V.scan
    cd /Users/gunn.kim/study/BobCam/BobCam-iOS/BobCamAgent/Pods
    builtin-precompileModule /Users/gunn.kim/Library/Developer/Xcode/DerivedData/BobCamAgent-elvzdrtgzbztmwhjwnkkxvaocirp/Build/Intermediates.noindex/ExplicitPrecompiledModules/sys_select-XDPM4S4WGOO45GYTBJMC7P1V.scan

PrecompileModule /Users/gunn.kim/Library/Developer/Xcode/DerivedData/BobCamAgent-elvzdrtgzbztmwhjwnkkxvaocirp/Build/Intermediates.noindex/ExplicitPrecompiledModules/_stdlib-9IMV3RR970LRZ1ESTLG77T5R9.scan
    cd /Users/gunn.kim/study/BobCam/BobCam-iOS/BobCamAgent/Pods
    builtin-precompileModule /Users/gunn.kim/Library/Developer/Xcode/DerivedData/BobCamAgent-elvzdrtgzbztmwhjwnkkxvaocirp/Build/Intermediates.noindex/ExplicitPrecompiledModules/_stdlib-9IMV3RR970LRZ1ESTLG77T5R9.scan

SwiftDriverJobDiscovery normal arm64 Compiling DebugSettings.swift, LandmarksOverlayView.swift (in target 'BobCamAgent' from project 'BobCamAgent')

PrecompileModule /Users/gunn.kim/Library/Developer/Xcode/DerivedData/BobCamAgent-elvzdrtgzbztmwhjwnkkxvaocirp/Build/Intermediates.noindex/ExplicitPrecompiledModules/unistd-5KWZW06BFQSH4LUHI4M926R1U.scan
    cd /Users/gunn.kim/study/BobCam/BobCam-iOS/BobCamAgent/Pods
    builtin-precompileModule /Users/gunn.kim/Library/Developer/Xcode/DerivedData/BobCamAgent-elvzdrtgzbztmwhjwnkkxvaocirp/Build/Intermediates.noindex/ExplicitPrecompiledModules/unistd-5KWZW06BFQSH4LUHI4M926R1U.scan

SwiftDriverJobDiscovery normal arm64 Compiling ContentView+Debug.swift, DebugCameraView.swift (in target 'BobCamAgent' from project 'BobCamAgent')

PrecompileModule /Users/gunn.kim/Library/Developer/Xcode/DerivedData/BobCamAgent-elvzdrtgzbztmwhjwnkkxvaocirp/Build/Intermediates.noindex/ExplicitPrecompiledModules/Darwin-55D4LFP28JTEICXSORA2VWB0Y.scan
    cd /Users/gunn.kim/study/BobCam/BobCam-iOS/BobCamAgent/Pods
    builtin-precompileModule /Users/gunn.kim/Library/Developer/Xcode/DerivedData/BobCamAgent-elvzdrtgzbztmwhjwnkkxvaocirp/Build/Intermediates.noindex/ExplicitPrecompiledModules/Darwin-55D4LFP28JTEICXSORA2VWB0Y.scan

SwiftDriverJobDiscovery normal arm64 Compiling FeedbackBannerView.swift, StatusBar.swift, VideoPickerView.swift (in target 'BobCamAgent' from project 'BobCamAgent')

PrecompileModule /Users/gunn.kim/Library/Developer/Xcode/DerivedData/BobCamAgent-elvzdrtgzbztmwhjwnkkxvaocirp/Build/Intermediates.noindex/ExplicitPrecompiledModules/ObjectiveC-D68LFOFQLRQKE7XYL6OI6B3ZW.scan
    cd /Users/gunn.kim/study/BobCam/BobCam-iOS/BobCamAgent/Pods
    builtin-precompileModule /Users/gunn.kim/Library/Developer/Xcode/DerivedData/BobCamAgent-elvzdrtgzbztmwhjwnkkxvaocirp/Build/Intermediates.noindex/ExplicitPrecompiledModules/ObjectiveC-D68LFOFQLRQKE7XYL6OI6B3ZW.scan

SwiftDriverJobDiscovery normal arm64 Compiling GroundTruthManager.swift, OptimizationEngine.swift (in target 'BobCamAgent' from project 'BobCamAgent')

SwiftDriverJobDiscovery normal arm64 Compiling CameraView.swift, VisionService.swift, VideoService.swift (in target 'BobCamAgent' from project 'BobCamAgent')

PrecompileModule /Users/gunn.kim/Library/Developer/Xcode/DerivedData/BobCamAgent-elvzdrtgzbztmwhjwnkkxvaocirp/Build/Intermediates.noindex/ExplicitPrecompiledModules/os_object-AUHA3ZMFYE0GMRC5SFRPAJ2UG.scan
    cd /Users/gunn.kim/study/BobCam/BobCam-iOS/BobCamAgent/Pods
    builtin-precompileModule /Users/gunn.kim/Library/Developer/Xcode/DerivedData/BobCamAgent-elvzdrtgzbztmwhjwnkkxvaocirp/Build/Intermediates.noindex/ExplicitPrecompiledModules/os_object-AUHA3ZMFYE0GMRC5SFRPAJ2UG.scan

PrecompileModule /Users/gunn.kim/Library/Developer/Xcode/DerivedData/BobCamAgent-elvzdrtgzbztmwhjwnkkxvaocirp/Build/Intermediates.noindex/ExplicitPrecompiledModules/os_workgroup-DQNJC7FXXWX163N8HBODOUAOH.scan
    cd /Users/gunn.kim/study/BobCam/BobCam-iOS/BobCamAgent/Pods
    builtin-precompileModule /Users/gunn.kim/Library/Developer/Xcode/DerivedData/BobCamAgent-elvzdrtgzbztmwhjwnkkxvaocirp/Build/Intermediates.noindex/ExplicitPrecompiledModules/os_workgroup-DQNJC7FXXWX163N8HBODOUAOH.scan

PrecompileModule /Users/gunn.kim/Library/Developer/Xcode/DerivedData/BobCamAgent-elvzdrtgzbztmwhjwnkkxvaocirp/Build/Intermediates.noindex/ExplicitPrecompiledModules/Dispatch-3V4571L2VANI2KTGZ9NCGHAZ0.scan
    cd /Users/gunn.kim/study/BobCam/BobCam-iOS/BobCamAgent/Pods
    builtin-precompileModule /Users/gunn.kim/Library/Developer/Xcode/DerivedData/BobCamAgent-elvzdrtgzbztmwhjwnkkxvaocirp/Build/Intermediates.noindex/ExplicitPrecompiledModules/Dispatch-3V4571L2VANI2KTGZ9NCGHAZ0.scan

PrecompileModule /Users/gunn.kim/Library/Developer/Xcode/DerivedData/BobCamAgent-elvzdrtgzbztmwhjwnkkxvaocirp/Build/Intermediates.noindex/ExplicitPrecompiledModules/CoreFoundation-35XHFTJPKTMIWIP3FXYDCQVYC.scan
    cd /Users/gunn.kim/study/BobCam/BobCam-iOS/BobCamAgent/Pods
    builtin-precompileModule /Users/gunn.kim/Library/Developer/Xcode/DerivedData/BobCamAgent-elvzdrtgzbztmwhjwnkkxvaocirp/Build/Intermediates.noindex/ExplicitPrecompiledModules/CoreFoundation-35XHFTJPKTMIWIP3FXYDCQVYC.scan

PrecompileModule /Users/gunn.kim/Library/Developer/Xcode/DerivedData/BobCamAgent-elvzdrtgzbztmwhjwnkkxvaocirp/Build/Intermediates.noindex/ExplicitPrecompiledModules/XPC-2Q3O9ZW90OFCH55TWNC90SBCI.scan
    cd /Users/gunn.kim/study/BobCam/BobCam-iOS/BobCamAgent/Pods
    builtin-precompileModule /Users/gunn.kim/Library/Developer/Xcode/DerivedData/BobCamAgent-elvzdrtgzbztmwhjwnkkxvaocirp/Build/Intermediates.noindex/ExplicitPrecompiledModules/XPC-2Q3O9ZW90OFCH55TWNC90SBCI.scan

PrecompileModule /Users/gunn.kim/Library/Developer/Xcode/DerivedData/BobCamAgent-elvzdrtgzbztmwhjwnkkxvaocirp/Build/Intermediates.noindex/ExplicitPrecompiledModules/Security-B69DG9ST10S69C9624OJ9V5S9.scan
    cd /Users/gunn.kim/study/BobCam/BobCam-iOS/BobCamAgent/Pods
    builtin-precompileModule /Users/gunn.kim/Library/Developer/Xcode/DerivedData/BobCamAgent-elvzdrtgzbztmwhjwnkkxvaocirp/Build/Intermediates.noindex/ExplicitPrecompiledModules/Security-B69DG9ST10S69C9624OJ9V5S9.scan

PrecompileModule /Users/gunn.kim/Library/Developer/Xcode/DerivedData/BobCamAgent-elvzdrtgzbztmwhjwnkkxvaocirp/Build/Intermediates.noindex/ExplicitPrecompiledModules/CFNetwork-ATKZEY3WBY2F7JQVQFUOSTTEK.scan
    cd /Users/gunn.kim/study/BobCam/BobCam-iOS/BobCamAgent/Pods
    builtin-precompileModule /Users/gunn.kim/Library/Developer/Xcode/DerivedData/BobCamAgent-elvzdrtgzbztmwhjwnkkxvaocirp/Build/Intermediates.noindex/ExplicitPrecompiledModules/CFNetwork-ATKZEY3WBY2F7JQVQFUOSTTEK.scan

PrecompileModule /Users/gunn.kim/Library/Developer/Xcode/DerivedData/BobCamAgent-elvzdrtgzbztmwhjwnkkxvaocirp/Build/Intermediates.noindex/ExplicitPrecompiledModules/Foundation-3NBF7JG4HZ99T2ZQ3IJ86NSHJ.scan
    cd /Users/gunn.kim/study/BobCam/BobCam-iOS/BobCamAgent/Pods
    builtin-precompileModule /Users/gunn.kim/Library/Developer/Xcode/DerivedData/BobCamAgent-elvzdrtgzbztmwhjwnkkxvaocirp/Build/Intermediates.noindex/ExplicitPrecompiledModules/Foundation-3NBF7JG4HZ99T2ZQ3IJ86NSHJ.scan

CompileC /Users/gunn.kim/Library/Developer/Xcode/DerivedData/BobCamAgent-elvzdrtgzbztmwhjwnkkxvaocirp/Build/Intermediates.noindex/Pods.build/Debug-iphoneos/Pods-BobCamAgent.build/Objects-normal/arm64/Pods-BobCamAgent-dummy.o /Users/gunn.kim/study/BobCam/BobCam-iOS/BobCamAgent/Pods/Target\ Support\ Files/Pods-BobCamAgent/Pods-BobCamAgent-dummy.m normal arm64 objective-c com.apple.compilers.llvm.clang.1_0.compiler (in target 'Pods-BobCamAgent' from project 'Pods')
    cd /Users/gunn.kim/study/BobCam/BobCam-iOS/BobCamAgent/Pods
    
    Using response file: /Users/gunn.kim/Library/Developer/Xcode/DerivedData/BobCamAgent-elvzdrtgzbztmwhjwnkkxvaocirp/Build/Intermediates.noindex/Pods.build/Debug-iphoneos/Pods-BobCamAgent.build/Objects-normal/arm64/e6072d4f65d7061329687fe24e3d63a7-common-args.resp
    
    /Applications/Xcode.app/Contents/Developer/Toolchains/XcodeDefault.xctoolchain/usr/bin/clang -x objective-c -ivfsstatcache /Users/gunn.kim/Library/Developer/Xcode/DerivedData/SDKStatCaches.noindex/iphoneos18.5-22F76-7fa4eea80a99bbfdc046826b63ec4baf.sdkstatcache -fmessage-length\=0 -fdiagnostics-show-note-include-stack -fmacro-backtrace-limit\=0 -fno-color-diagnostics -fmodules-prune-interval\=86400 -fmodules-prune-after\=345600 -fbuild-session-file\=/Users/gunn.kim/Library/Developer/Xcode/DerivedData/ModuleCache.noindex/Session.modulevalidation -fmodules-validate-once-per-build-session -Wnon-modular-include-in-framework-module -Werror\=non-modular-include-in-framework-module -Wno-trigraphs -Wno-missing-field-initializers -Wno-missing-prototypes -Werror\=return-type -Wdocumentation -Wunreachable-code -Wno-implicit-atomic-properties -Werror\=deprecated-objc-isa-usage -Wno-objc-interface-ivars -Werror\=objc-root-class -Wno-arc-repeated-use-of-weak -Wimplicit-retain-self -Wduplicate-method-match -Wno-missing-braces -Wparentheses -Wswitch -Wunused-function -Wno-unused-label -Wno-unused-parameter -Wunused-variable -Wunused-value -Wempty-body -Wuninitialized -Wconditional-uninitialized -Wno-unknown-pragmas -Wno-shadow -Wno-four-char-constants -Wno-conversion -Wconstant-conversion -Wint-conversion -Wbool-conversion -Wenum-conversion -Wno-float-conversion -Wnon-literal-null-conversion -Wobjc-literal-conversion -Wshorten-64-to-32 -Wpointer-sign -Wno-newline-eof -Wno-selector -Wno-strict-selector-match -Wundeclared-selector -Wdeprecated-implementations -Wno-implicit-fallthrough -fstrict-aliasing -Wprotocol -Wdeprecated-declarations -Wno-sign-conversion -Winfinite-recursion -Wcomma -Wblock-capture-autoreleasing -Wstrict-prototypes -Wno-semicolon-before-method-body -Wunguarded-availability -index-store-path /Users/gunn.kim/Library/Developer/Xcode/DerivedData/BobCamAgent-elvzdrtgzbztmwhjwnkkxvaocirp/Index.noindex/DataStore @/Users/gunn.kim/Library/Developer/Xcode/DerivedData/BobCamAgent-elvzdrtgzbztmwhjwnkkxvaocirp/Build/Intermediates.noindex/Pods.build/Debug-iphoneos/Pods-BobCamAgent.build/Objects-normal/arm64/e6072d4f65d7061329687fe24e3d63a7-common-args.resp -MMD -MT dependencies -MF /Users/gunn.kim/Library/Developer/Xcode/DerivedData/BobCamAgent-elvzdrtgzbztmwhjwnkkxvaocirp/Build/Intermediates.noindex/Pods.build/Debug-iphoneos/Pods-BobCamAgent.build/Objects-normal/arm64/Pods-BobCamAgent-dummy.d --serialize-diagnostics /Users/gunn.kim/Library/Developer/Xcode/DerivedData/BobCamAgent-elvzdrtgzbztmwhjwnkkxvaocirp/Build/Intermediates.noindex/Pods.build/Debug-iphoneos/Pods-BobCamAgent.build/Objects-normal/arm64/Pods-BobCamAgent-dummy.dia -c /Users/gunn.kim/study/BobCam/BobCam-iOS/BobCamAgent/Pods/Target\ Support\ Files/Pods-BobCamAgent/Pods-BobCamAgent-dummy.m -o /Users/gunn.kim/Library/Developer/Xcode/DerivedData/BobCamAgent-elvzdrtgzbztmwhjwnkkxvaocirp/Build/Intermediates.noindex/Pods.build/Debug-iphoneos/Pods-BobCamAgent.build/Objects-normal/arm64/Pods-BobCamAgent-dummy.o -index-unit-output-path /Pods.build/Debug-iphoneos/Pods-BobCamAgent.build/Objects-normal/arm64/Pods-BobCamAgent-dummy.o

Libtool /Users/gunn.kim/Library/Developer/Xcode/DerivedData/BobCamAgent-elvzdrtgzbztmwhjwnkkxvaocirp/Build/Products/Debug-iphoneos/Pods_BobCamAgent.framework/Pods_BobCamAgent normal (in target 'Pods-BobCamAgent' from project 'Pods')
    cd /Users/gunn.kim/study/BobCam/BobCam-iOS/BobCamAgent/Pods
    /Applications/Xcode.app/Contents/Developer/Toolchains/XcodeDefault.xctoolchain/usr/bin/libtool -static -arch_only arm64 -D -syslibroot /Applications/Xcode.app/Contents/Developer/Platforms/iPhoneOS.platform/Developer/SDKs/iPhoneOS18.5.sdk -L/Users/gunn.kim/Library/Developer/Xcode/DerivedData/BobCamAgent-elvzdrtgzbztmwhjwnkkxvaocirp/Build/Products/Debug-iphoneos -filelist /Users/gunn.kim/Library/Developer/Xcode/DerivedData/BobCamAgent-elvzdrtgzbztmwhjwnkkxvaocirp/Build/Intermediates.noindex/Pods.build/Debug-iphoneos/Pods-BobCamAgent.build/Objects-normal/arm64/Pods_BobCamAgent.LinkFileList -framework Foundation -dependency_info /Users/gunn.kim/Library/Developer/Xcode/DerivedData/BobCamAgent-elvzdrtgzbztmwhjwnkkxvaocirp/Build/Intermediates.noindex/Pods.build/Debug-iphoneos/Pods-BobCamAgent.build/Objects-normal/arm64/Pods_BobCamAgent_libtool_dependency_info.dat -o /Users/gunn.kim/Library/Developer/Xcode/DerivedData/BobCamAgent-elvzdrtgzbztmwhjwnkkxvaocirp/Build/Products/Debug-iphoneos/Pods_BobCamAgent.framework/Pods_BobCamAgent

RegisterExecutionPolicyException /Users/gunn.kim/Library/Developer/Xcode/DerivedData/BobCamAgent-elvzdrtgzbztmwhjwnkkxvaocirp/Build/Products/Debug-iphoneos/Pods_BobCamAgent.framework (in target 'Pods-BobCamAgent' from project 'Pods')
    cd /Users/gunn.kim/study/BobCam/BobCam-iOS/BobCamAgent/Pods
    builtin-RegisterExecutionPolicyException /Users/gunn.kim/Library/Developer/Xcode/DerivedData/BobCamAgent-elvzdrtgzbztmwhjwnkkxvaocirp/Build/Products/Debug-iphoneos/Pods_BobCamAgent.framework

Touch /Users/gunn.kim/Library/Developer/Xcode/DerivedData/BobCamAgent-elvzdrtgzbztmwhjwnkkxvaocirp/Build/Products/Debug-iphoneos/Pods_BobCamAgent.framework (in target 'Pods-BobCamAgent' from project 'Pods')
    cd /Users/gunn.kim/study/BobCam/BobCam-iOS/BobCamAgent/Pods
    /usr/bin/touch -c /Users/gunn.kim/Library/Developer/Xcode/DerivedData/BobCamAgent-elvzdrtgzbztmwhjwnkkxvaocirp/Build/Products/Debug-iphoneos/Pods_BobCamAgent.framework

Ld /Users/gunn.kim/Library/Developer/Xcode/DerivedData/BobCamAgent-elvzdrtgzbztmwhjwnkkxvaocirp/Build/Products/Debug-iphoneos/BobCamAgent.app/__preview.dylib normal (in target 'BobCamAgent' from project 'BobCamAgent')
    cd /Users/gunn.kim/study/BobCam/BobCam-iOS/BobCamAgent
    /Applications/Xcode.app/Contents/Developer/Toolchains/XcodeDefault.xctoolchain/usr/bin/clang -Xlinker -reproducible -target arm64-apple-ios15.0 -dynamiclib -isysroot /Applications/Xcode.app/Contents/Developer/Platforms/iPhoneOS.platform/Developer/SDKs/iPhoneOS18.5.sdk -O0 -L/Users/gunn.kim/Library/Developer/Xcode/DerivedData/BobCamAgent-elvzdrtgzbztmwhjwnkkxvaocirp/Build/Products/Debug-iphoneos -F/Users/gunn.kim/Library/Developer/Xcode/DerivedData/BobCamAgent-elvzdrtgzbztmwhjwnkkxvaocirp/Build/Products/Debug-iphoneos -install_name @rpath/BobCamAgent.debug.dylib -dead_strip -rdynamic -Xlinker -no_deduplicate -Xlinker -dependency_info -Xlinker /Users/gunn.kim/Library/Developer/Xcode/DerivedData/BobCamAgent-elvzdrtgzbztmwhjwnkkxvaocirp/Build/Intermediates.noindex/BobCamAgent.build/Debug-iphoneos/BobCamAgent.build/Objects-normal/arm64/BobCamAgent_dependency_info.dat -Xlinker -no_adhoc_codesign -o /Users/gunn.kim/Library/Developer/Xcode/DerivedData/BobCamAgent-elvzdrtgzbztmwhjwnkkxvaocirp/Build/Products/Debug-iphoneos/BobCamAgent.app/__preview.dylib

ProcessInfoPlistFile /Users/gunn.kim/Library/Developer/Xcode/DerivedData/BobCamAgent-elvzdrtgzbztmwhjwnkkxvaocirp/Build/Products/Debug-iphoneos/BobCamAgent.app/Info.plist /Users/gunn.kim/study/BobCam/BobCam-iOS/BobCamAgent/BobCamAgent/Info.plist (in target 'BobCamAgent' from project 'BobCamAgent')
    cd /Users/gunn.kim/study/BobCam/BobCam-iOS/BobCamAgent
    builtin-infoPlistUtility /Users/gunn.kim/study/BobCam/BobCam-iOS/BobCamAgent/BobCamAgent/Info.plist -producttype com.apple.product-type.application -genpkginfo /Users/gunn.kim/Library/Developer/Xcode/DerivedData/BobCamAgent-elvzdrtgzbztmwhjwnkkxvaocirp/Build/Products/Debug-iphoneos/BobCamAgent.app/PkgInfo -expandbuildsettings -format binary -platform iphoneos -requiredArchitecture arm64 -o /Users/gunn.kim/Library/Developer/Xcode/DerivedData/BobCamAgent-elvzdrtgzbztmwhjwnkkxvaocirp/Build/Products/Debug-iphoneos/BobCamAgent.app/Info.plist

CopyStringsFile /Users/gunn.kim/Library/Developer/Xcode/DerivedData/BobCamAgent-elvzdrtgzbztmwhjwnkkxvaocirp/Build/Products/Debug-iphoneos/BobCamAgent.app/en.lproj/Localizable.strings /Users/gunn.kim/study/BobCam/BobCam-iOS/BobCamAgent/BobCamAgent/en.lproj/Localizable.strings (in target 'BobCamAgent' from project 'BobCamAgent')
    cd /Users/gunn.kim/study/BobCam/BobCam-iOS/BobCamAgent
    builtin-copyStrings --validate --outputencoding binary --outfilename Localizable.strings --outdir /Users/gunn.kim/Library/Developer/Xcode/DerivedData/BobCamAgent-elvzdrtgzbztmwhjwnkkxvaocirp/Build/Products/Debug-iphoneos/BobCamAgent.app/en.lproj -- /Users/gunn.kim/study/BobCam/BobCam-iOS/BobCamAgent/BobCamAgent/en.lproj/Localizable.strings
/Users/gunn.kim/study/BobCam/BobCam-iOS/BobCamAgent/BobCamAgent/en.lproj/Localizable.strings:1:1: note: detected encoding of input file as Unicode (UTF-8) (in target 'BobCamAgent' from project 'BobCamAgent')

CopyStringsFile /Users/gunn.kim/Library/Developer/Xcode/DerivedData/BobCamAgent-elvzdrtgzbztmwhjwnkkxvaocirp/Build/Products/Debug-iphoneos/BobCamAgent.app/ko.lproj/Localizable.strings /Users/gunn.kim/study/BobCam/BobCam-iOS/BobCamAgent/BobCamAgent/ko.lproj/Localizable.strings (in target 'BobCamAgent' from project 'BobCamAgent')
    cd /Users/gunn.kim/study/BobCam/BobCam-iOS/BobCamAgent
    builtin-copyStrings --validate --outputencoding binary --outfilename Localizable.strings --outdir /Users/gunn.kim/Library/Developer/Xcode/DerivedData/BobCamAgent-elvzdrtgzbztmwhjwnkkxvaocirp/Build/Products/Debug-iphoneos/BobCamAgent.app/ko.lproj -- /Users/gunn.kim/study/BobCam/BobCam-iOS/BobCamAgent/BobCamAgent/ko.lproj/Localizable.strings
/Users/gunn.kim/study/BobCam/BobCam-iOS/BobCamAgent/BobCamAgent/ko.lproj/Localizable.strings:1:1: note: detected encoding of input file as Unicode (UTF-8) (in target 'BobCamAgent' from project 'BobCamAgent')

SwiftDriverJobDiscovery normal arm64 Compiling VideoSelectionService.swift, OnboardingView.swift, SettingsView.swift (in target 'BobCamAgent' from project 'BobCamAgent')

SwiftDriverJobDiscovery normal arm64 Compiling DebugIntegrationGuide.swift, DebugOverlayView.swift (in target 'BobCamAgent' from project 'BobCamAgent')

SwiftDriverJobDiscovery normal arm64 Compiling OptimizationRunner.swift, ParameterTuningFramework.swift (in target 'BobCamAgent' from project 'BobCamAgent')

SwiftDriverJobDiscovery normal arm64 Compiling ParameterTuningUI.swift, TuningIntegration.swift (in target 'BobCamAgent' from project 'BobCamAgent')

SwiftDriver\ Compilation BobCamAgent normal arm64 com.apple.xcode.tools.swift.compiler (in target 'BobCamAgent' from project 'BobCamAgent')
    cd /Users/gunn.kim/study/BobCam/BobCam-iOS/BobCamAgent
    builtin-Swift-Compilation -- /Applications/Xcode.app/Contents/Developer/Toolchains/XcodeDefault.xctoolchain/usr/bin/swiftc -module-name BobCamAgent -Onone -enforce-exclusivity\=checked @/Users/gunn.kim/Library/Developer/Xcode/DerivedData/BobCamAgent-elvzdrtgzbztmwhjwnkkxvaocirp/Build/Intermediates.noindex/BobCamAgent.build/Debug-iphoneos/BobCamAgent.build/Objects-normal/arm64/BobCamAgent.SwiftFileList -DDEBUG -enable-bare-slash-regex -enable-experimental-feature DebugDescriptionMacro -sdk /Applications/Xcode.app/Contents/Developer/Platforms/iPhoneOS.platform/Developer/SDKs/iPhoneOS18.5.sdk -target arm64-apple-ios15.0 -g -module-cache-path /Users/gunn.kim/Library/Developer/Xcode/DerivedData/ModuleCache.noindex -Xfrontend -serialize-debugging-options -enable-testing -index-store-path /Users/gunn.kim/Library/Developer/Xcode/DerivedData/BobCamAgent-elvzdrtgzbztmwhjwnkkxvaocirp/Index.noindex/DataStore -swift-version 5 -I /Users/gunn.kim/Library/Developer/Xcode/DerivedData/BobCamAgent-elvzdrtgzbztmwhjwnkkxvaocirp/Build/Products/Debug-iphoneos -F /Users/gunn.kim/Library/Developer/Xcode/DerivedData/BobCamAgent-elvzdrtgzbztmwhjwnkkxvaocirp/Build/Products/Debug-iphoneos -emit-localized-strings -emit-localized-strings-path /Users/gunn.kim/Library/Developer/Xcode/DerivedData/BobCamAgent-elvzdrtgzbztmwhjwnkkxvaocirp/Build/Intermediates.noindex/BobCamAgent.build/Debug-iphoneos/BobCamAgent.build/Objects-normal/arm64 -c -j12 -enable-batch-mode -incremental -Xcc -ivfsstatcache -Xcc /Users/gunn.kim/Library/Developer/Xcode/DerivedData/SDKStatCaches.noindex/iphoneos18.5-22F76-7fa4eea80a99bbfdc046826b63ec4baf.sdkstatcache -output-file-map /Users/gunn.kim/Library/Developer/Xcode/DerivedData/BobCamAgent-elvzdrtgzbztmwhjwnkkxvaocirp/Build/Intermediates.noindex/BobCamAgent.build/Debug-iphoneos/BobCamAgent.build/Objects-normal/arm64/BobCamAgent-OutputFileMap.json -use-frontend-parseable-output -save-temps -no-color-diagnostics -serialize-diagnostics -emit-dependencies -emit-module -emit-module-path /Users/gunn.kim/Library/Developer/Xcode/DerivedData/BobCamAgent-elvzdrtgzbztmwhjwnkkxvaocirp/Build/Intermediates.noindex/BobCamAgent.build/Debug-iphoneos/BobCamAgent.build/Objects-normal/arm64/BobCamAgent.swiftmodule -validate-clang-modules-once -clang-build-session-file /Users/gunn.kim/Library/Developer/Xcode/DerivedData/ModuleCache.noindex/Session.modulevalidation -Xcc -I/Users/gunn.kim/Library/Developer/Xcode/DerivedData/BobCamAgent-elvzdrtgzbztmwhjwnkkxvaocirp/Build/Intermediates.noindex/BobCamAgent.build/Debug-iphoneos/BobCamAgent.build/swift-overrides.hmap -emit-const-values -Xfrontend -const-gather-protocols-file -Xfrontend /Users/gunn.kim/Library/Developer/Xcode/DerivedData/BobCamAgent-elvzdrtgzbztmwhjwnkkxvaocirp/Build/Intermediates.noindex/BobCamAgent.build/Debug-iphoneos/BobCamAgent.build/Objects-normal/arm64/BobCamAgent_const_extract_protocols.json -Xcc -iquote -Xcc /Users/gunn.kim/Library/Developer/Xcode/DerivedData/BobCamAgent-elvzdrtgzbztmwhjwnkkxvaocirp/Build/Intermediates.noindex/BobCamAgent.build/Debug-iphoneos/BobCamAgent.build/BobCamAgent-generated-files.hmap -Xcc -I/Users/gunn.kim/Library/Developer/Xcode/DerivedData/BobCamAgent-elvzdrtgzbztmwhjwnkkxvaocirp/Build/Intermediates.noindex/BobCamAgent.build/Debug-iphoneos/BobCamAgent.build/BobCamAgent-own-target-headers.hmap -Xcc -I/Users/gunn.kim/Library/Developer/Xcode/DerivedData/BobCamAgent-elvzdrtgzbztmwhjwnkkxvaocirp/Build/Intermediates.noindex/BobCamAgent.build/Debug-iphoneos/BobCamAgent.build/BobCamAgent-all-non-framework-target-headers.hmap -Xcc -ivfsoverlay -Xcc /Users/gunn.kim/Library/Developer/Xcode/DerivedData/BobCamAgent-elvzdrtgzbztmwhjwnkkxvaocirp/Build/Intermediates.noindex/BobCamAgent.build/Debug-iphoneos/BobCamAgent-7bcf04dd287a8a6fc515f927e120d9d2-VFS-iphoneos/all-product-headers.yaml -Xcc -iquote -Xcc /Users/gunn.kim/Library/Developer/Xcode/DerivedData/BobCamAgent-elvzdrtgzbztmwhjwnkkxvaocirp/Build/Intermediates.noindex/BobCamAgent.build/Debug-iphoneos/BobCamAgent.build/BobCamAgent-project-headers.hmap -Xcc -I/Users/gunn.kim/Library/Developer/Xcode/DerivedData/BobCamAgent-elvzdrtgzbztmwhjwnkkxvaocirp/Build/Products/Debug-iphoneos/include -Xcc -I/Users/gunn.kim/Library/Developer/Xcode/DerivedData/BobCamAgent-elvzdrtgzbztmwhjwnkkxvaocirp/Build/Intermediates.noindex/BobCamAgent.build/Debug-iphoneos/BobCamAgent.build/DerivedSources-normal/arm64 -Xcc -I/Users/gunn.kim/Library/Developer/Xcode/DerivedData/BobCamAgent-elvzdrtgzbztmwhjwnkkxvaocirp/Build/Intermediates.noindex/BobCamAgent.build/Debug-iphoneos/BobCamAgent.build/DerivedSources/arm64 -Xcc -I/Users/gunn.kim/Library/Developer/Xcode/DerivedData/BobCamAgent-elvzdrtgzbztmwhjwnkkxvaocirp/Build/Intermediates.noindex/BobCamAgent.build/Debug-iphoneos/BobCamAgent.build/DerivedSources -Xcc -DDEBUG\=1 -Xcc -DCOCOAPODS\=1 -emit-objc-header -emit-objc-header-path /Users/gunn.kim/Library/Developer/Xcode/DerivedData/BobCamAgent-elvzdrtgzbztmwhjwnkkxvaocirp/Build/Intermediates.noindex/BobCamAgent.build/Debug-iphoneos/BobCamAgent.build/Objects-normal/arm64/BobCamAgent-Swift.h -working-directory /Users/gunn.kim/study/BobCam/BobCam-iOS/BobCamAgent -experimental-emit-module-separately -disable-cmo

Ld /Users/gunn.kim/Library/Developer/Xcode/DerivedData/BobCamAgent-elvzdrtgzbztmwhjwnkkxvaocirp/Build/Products/Debug-iphoneos/BobCamAgent.app/BobCamAgent.debug.dylib normal (in target 'BobCamAgent' from project 'BobCamAgent')
    cd /Users/gunn.kim/study/BobCam/BobCam-iOS/BobCamAgent
    /Applications/Xcode.app/Contents/Developer/Toolchains/XcodeDefault.xctoolchain/usr/bin/clang -Xlinker -reproducible -target arm64-apple-ios15.0 -dynamiclib -isysroot /Applications/Xcode.app/Contents/Developer/Platforms/iPhoneOS.platform/Developer/SDKs/iPhoneOS18.5.sdk -O0 -L/Users/gunn.kim/Library/Developer/Xcode/DerivedData/BobCamAgent-elvzdrtgzbztmwhjwnkkxvaocirp/Build/Intermediates.noindex/EagerLinkingTBDs/Debug-iphoneos -L/Users/gunn.kim/Library/Developer/Xcode/DerivedData/BobCamAgent-elvzdrtgzbztmwhjwnkkxvaocirp/Build/Products/Debug-iphoneos -F/Users/gunn.kim/Library/Developer/Xcode/DerivedData/BobCamAgent-elvzdrtgzbztmwhjwnkkxvaocirp/Build/Intermediates.noindex/EagerLinkingTBDs/Debug-iphoneos -F/Users/gunn.kim/Library/Developer/Xcode/DerivedData/BobCamAgent-elvzdrtgzbztmwhjwnkkxvaocirp/Build/Products/Debug-iphoneos -filelist /Users/gunn.kim/Library/Developer/Xcode/DerivedData/BobCamAgent-elvzdrtgzbztmwhjwnkkxvaocirp/Build/Intermediates.noindex/BobCamAgent.build/Debug-iphoneos/BobCamAgent.build/Objects-normal/arm64/BobCamAgent.LinkFileList -install_name @rpath/BobCamAgent.debug.dylib -Xlinker -rpath -Xlinker @executable_path/Frameworks -Xlinker -rpath -Xlinker @loader_path/Frameworks -dead_strip -Xlinker -object_path_lto -Xlinker /Users/gunn.kim/Library/Developer/Xcode/DerivedData/BobCamAgent-elvzdrtgzbztmwhjwnkkxvaocirp/Build/Intermediates.noindex/BobCamAgent.build/Debug-iphoneos/BobCamAgent.build/Objects-normal/arm64/BobCamAgent_lto.o -rdynamic -Xlinker -no_deduplicate -Xlinker -dependency_info -Xlinker /Users/gunn.kim/Library/Developer/Xcode/DerivedData/BobCamAgent-elvzdrtgzbztmwhjwnkkxvaocirp/Build/Intermediates.noindex/BobCamAgent.build/Debug-iphoneos/BobCamAgent.build/Objects-normal/arm64/BobCamAgent_dependency_info.dat -fobjc-link-runtime -L/Applications/Xcode.app/Contents/Developer/Toolchains/XcodeDefault.xctoolchain/usr/lib/swift/iphoneos -L/usr/lib/swift -Xlinker -add_ast_path -Xlinker /Users/gunn.kim/Library/Developer/Xcode/DerivedData/BobCamAgent-elvzdrtgzbztmwhjwnkkxvaocirp/Build/Intermediates.noindex/BobCamAgent.build/Debug-iphoneos/BobCamAgent.build/Objects-normal/arm64/BobCamAgent.swiftmodule -Xlinker -alias -Xlinker _main -Xlinker ___debug_main_executable_dylib_entry_point -framework Pods_BobCamAgent -Xlinker -no_adhoc_codesign -o /Users/gunn.kim/Library/Developer/Xcode/DerivedData/BobCamAgent-elvzdrtgzbztmwhjwnkkxvaocirp/Build/Products/Debug-iphoneos/BobCamAgent.app/BobCamAgent.debug.dylib

ConstructStubExecutorLinkFileList /Users/gunn.kim/Library/Developer/Xcode/DerivedData/BobCamAgent-elvzdrtgzbztmwhjwnkkxvaocirp/Build/Intermediates.noindex/BobCamAgent.build/Debug-iphoneos/BobCamAgent.build/BobCamAgent-ExecutorLinkFileList-normal-arm64.txt (in target 'BobCamAgent' from project 'BobCamAgent')
    cd /Users/gunn.kim/study/BobCam/BobCam-iOS/BobCamAgent
    construct-stub-executor-link-file-list /Users/gunn.kim/Library/Developer/Xcode/DerivedData/BobCamAgent-elvzdrtgzbztmwhjwnkkxvaocirp/Build/Products/Debug-iphoneos/BobCamAgent.app/BobCamAgent.debug.dylib /Applications/Xcode.app/Contents/Developer/Platforms/iPhoneOS.platform/Developer/usr/lib/libPreviewsJITStubExecutor_no_swift_entry_point.a /Applications/Xcode.app/Contents/Developer/Platforms/iPhoneOS.platform/Developer/usr/lib/libPreviewsJITStubExecutor.a --output /Users/gunn.kim/Library/Developer/Xcode/DerivedData/BobCamAgent-elvzdrtgzbztmwhjwnkkxvaocirp/Build/Intermediates.noindex/BobCamAgent.build/Debug-iphoneos/BobCamAgent.build/BobCamAgent-ExecutorLinkFileList-normal-arm64.txt
note: Using stub executor library with Swift entry point. (in target 'BobCamAgent' from project 'BobCamAgent')

Ld /Users/gunn.kim/Library/Developer/Xcode/DerivedData/BobCamAgent-elvzdrtgzbztmwhjwnkkxvaocirp/Build/Products/Debug-iphoneos/BobCamAgent.app/BobCamAgent normal (in target 'BobCamAgent' from project 'BobCamAgent')
    cd /Users/gunn.kim/study/BobCam/BobCam-iOS/BobCamAgent
    /Applications/Xcode.app/Contents/Developer/Toolchains/XcodeDefault.xctoolchain/usr/bin/clang -Xlinker -reproducible -target arm64-apple-ios15.0 -isysroot /Applications/Xcode.app/Contents/Developer/Platforms/iPhoneOS.platform/Developer/SDKs/iPhoneOS18.5.sdk -O0 -L/Users/gunn.kim/Library/Developer/Xcode/DerivedData/BobCamAgent-elvzdrtgzbztmwhjwnkkxvaocirp/Build/Products/Debug-iphoneos -F/Users/gunn.kim/Library/Developer/Xcode/DerivedData/BobCamAgent-elvzdrtgzbztmwhjwnkkxvaocirp/Build/Products/Debug-iphoneos -Xlinker -rpath -Xlinker @executable_path -Xlinker -rpath -Xlinker @executable_path/Frameworks -Xlinker -rpath -Xlinker @loader_path/Frameworks -rdynamic -Xlinker -no_deduplicate -e ___debug_blank_executor_main -Xlinker -sectcreate -Xlinker __TEXT -Xlinker __debug_dylib -Xlinker /Users/gunn.kim/Library/Developer/Xcode/DerivedData/BobCamAgent-elvzdrtgzbztmwhjwnkkxvaocirp/Build/Intermediates.noindex/BobCamAgent.build/Debug-iphoneos/BobCamAgent.build/BobCamAgent-DebugDylibPath-normal-arm64.txt -Xlinker -sectcreate -Xlinker __TEXT -Xlinker __debug_instlnm -Xlinker /Users/gunn.kim/Library/Developer/Xcode/DerivedData/BobCamAgent-elvzdrtgzbztmwhjwnkkxvaocirp/Build/Intermediates.noindex/BobCamAgent.build/Debug-iphoneos/BobCamAgent.build/BobCamAgent-DebugDylibInstallName-normal-arm64.txt -Xlinker -filelist -Xlinker /Users/gunn.kim/Library/Developer/Xcode/DerivedData/BobCamAgent-elvzdrtgzbztmwhjwnkkxvaocirp/Build/Intermediates.noindex/BobCamAgent.build/Debug-iphoneos/BobCamAgent.build/BobCamAgent-ExecutorLinkFileList-normal-arm64.txt /Users/gunn.kim/Library/Developer/Xcode/DerivedData/BobCamAgent-elvzdrtgzbztmwhjwnkkxvaocirp/Build/Products/Debug-iphoneos/BobCamAgent.app/BobCamAgent.debug.dylib -Xlinker -no_adhoc_codesign -o /Users/gunn.kim/Library/Developer/Xcode/DerivedData/BobCamAgent-elvzdrtgzbztmwhjwnkkxvaocirp/Build/Products/Debug-iphoneos/BobCamAgent.app/BobCamAgent

CopySwiftLibs /Users/gunn.kim/Library/Developer/Xcode/DerivedData/BobCamAgent-elvzdrtgzbztmwhjwnkkxvaocirp/Build/Products/Debug-iphoneos/BobCamAgent.app (in target 'BobCamAgent' from project 'BobCamAgent')
    cd /Users/gunn.kim/study/BobCam/BobCam-iOS/BobCamAgent
    builtin-swiftStdLibTool --copy --verbose --sign E49944925F946698B4A142A6CBA2442A820F3F74 --scan-executable /Users/gunn.kim/Library/Developer/Xcode/DerivedData/BobCamAgent-elvzdrtgzbztmwhjwnkkxvaocirp/Build/Products/Debug-iphoneos/BobCamAgent.app/BobCamAgent.debug.dylib --scan-folder /Users/gunn.kim/Library/Developer/Xcode/DerivedData/BobCamAgent-elvzdrtgzbztmwhjwnkkxvaocirp/Build/Products/Debug-iphoneos/BobCamAgent.app/Frameworks --scan-folder /Users/gunn.kim/Library/Developer/Xcode/DerivedData/BobCamAgent-elvzdrtgzbztmwhjwnkkxvaocirp/Build/Products/Debug-iphoneos/BobCamAgent.app/PlugIns --scan-folder /Users/gunn.kim/Library/Developer/Xcode/DerivedData/BobCamAgent-elvzdrtgzbztmwhjwnkkxvaocirp/Build/Products/Debug-iphoneos/BobCamAgent.app/SystemExtensions --scan-folder /Users/gunn.kim/Library/Developer/Xcode/DerivedData/BobCamAgent-elvzdrtgzbztmwhjwnkkxvaocirp/Build/Products/Debug-iphoneos/BobCamAgent.app/Extensions --scan-folder /Users/gunn.kim/Library/Developer/Xcode/DerivedData/BobCamAgent-elvzdrtgzbztmwhjwnkkxvaocirp/Build/Products/Debug-iphoneos/Pods_BobCamAgent.framework --platform iphoneos --toolchain /Applications/Xcode.app/Contents/Developer/Toolchains/XcodeDefault.xctoolchain --destination /Users/gunn.kim/Library/Developer/Xcode/DerivedData/BobCamAgent-elvzdrtgzbztmwhjwnkkxvaocirp/Build/Products/Debug-iphoneos/BobCamAgent.app/Frameworks --strip-bitcode --strip-bitcode-tool /Applications/Xcode.app/Contents/Developer/Toolchains/XcodeDefault.xctoolchain/usr/bin/bitcode_strip --emit-dependency-info /Users/gunn.kim/Library/Developer/Xcode/DerivedData/BobCamAgent-elvzdrtgzbztmwhjwnkkxvaocirp/Build/Intermediates.noindex/BobCamAgent.build/Debug-iphoneos/BobCamAgent.build/SwiftStdLibToolInputDependencies.dep --filter-for-swift-os

ExtractAppIntentsMetadata (in target 'BobCamAgent' from project 'BobCamAgent')
    cd /Users/gunn.kim/study/BobCam/BobCam-iOS/BobCamAgent
    /Applications/Xcode.app/Contents/Developer/Toolchains/XcodeDefault.xctoolchain/usr/bin/appintentsmetadataprocessor --toolchain-dir /Applications/Xcode.app/Contents/Developer/Toolchains/XcodeDefault.xctoolchain --module-name BobCamAgent --sdk-root /Applications/Xcode.app/Contents/Developer/Platforms/iPhoneOS.platform/Developer/SDKs/iPhoneOS18.5.sdk --xcode-version 16F6 --platform-family iOS --deployment-target 15.0 --bundle-identifier com.bobcam.ios.app --output /Users/gunn.kim/Library/Developer/Xcode/DerivedData/BobCamAgent-elvzdrtgzbztmwhjwnkkxvaocirp/Build/Products/Debug-iphoneos/BobCamAgent.app --target-triple arm64-apple-ios15.0 --binary-file /Users/gunn.kim/Library/Developer/Xcode/DerivedData/BobCamAgent-elvzdrtgzbztmwhjwnkkxvaocirp/Build/Products/Debug-iphoneos/BobCamAgent.app/BobCamAgent --dependency-file /Users/gunn.kim/Library/Developer/Xcode/DerivedData/BobCamAgent-elvzdrtgzbztmwhjwnkkxvaocirp/Build/Intermediates.noindex/BobCamAgent.build/Debug-iphoneos/BobCamAgent.build/Objects-normal/arm64/BobCamAgent_dependency_info.dat --stringsdata-file /Users/gunn.kim/Library/Developer/Xcode/DerivedData/BobCamAgent-elvzdrtgzbztmwhjwnkkxvaocirp/Build/Intermediates.noindex/BobCamAgent.build/Debug-iphoneos/BobCamAgent.build/Objects-normal/arm64/ExtractedAppShortcutsMetadata.stringsdata --source-file-list /Users/gunn.kim/Library/Developer/Xcode/DerivedData/BobCamAgent-elvzdrtgzbztmwhjwnkkxvaocirp/Build/Intermediates.noindex/BobCamAgent.build/Debug-iphoneos/BobCamAgent.build/Objects-normal/arm64/BobCamAgent.SwiftFileList --metadata-file-list /Users/gunn.kim/Library/Developer/Xcode/DerivedData/BobCamAgent-elvzdrtgzbztmwhjwnkkxvaocirp/Build/Intermediates.noindex/BobCamAgent.build/Debug-iphoneos/BobCamAgent.build/BobCamAgent.DependencyMetadataFileList --static-metadata-file-list /Users/gunn.kim/Library/Developer/Xcode/DerivedData/BobCamAgent-elvzdrtgzbztmwhjwnkkxvaocirp/Build/Intermediates.noindex/BobCamAgent.build/Debug-iphoneos/BobCamAgent.build/BobCamAgent.DependencyStaticMetadataFileList --swift-const-vals-list /Users/gunn.kim/Library/Developer/Xcode/DerivedData/BobCamAgent-elvzdrtgzbztmwhjwnkkxvaocirp/Build/Intermediates.noindex/BobCamAgent.build/Debug-iphoneos/BobCamAgent.build/Objects-normal/arm64/BobCamAgent.SwiftConstValuesFileList --compile-time-extraction --deployment-aware-processing --validate-assistant-intents --no-app-shortcuts-localization
2025-08-22 16:51:11.450 appintentsmetadataprocessor[87703:10553241] Starting appintentsmetadataprocessor export
2025-08-22 16:51:11.452 appintentsmetadataprocessor[87703:10553241] warning: Metadata extraction skipped. No AppIntents.framework dependency found.

AppIntentsSSUTraining (in target 'BobCamAgent' from project 'BobCamAgent')
    cd /Users/gunn.kim/study/BobCam/BobCam-iOS/BobCamAgent
    /Applications/Xcode.app/Contents/Developer/Toolchains/XcodeDefault.xctoolchain/usr/bin/appintentsnltrainingprocessor --infoplist-path /Users/gunn.kim/Library/Developer/Xcode/DerivedData/BobCamAgent-elvzdrtgzbztmwhjwnkkxvaocirp/Build/Products/Debug-iphoneos/BobCamAgent.app/Info.plist --temp-dir-path /Users/gunn.kim/Library/Developer/Xcode/DerivedData/BobCamAgent-elvzdrtgzbztmwhjwnkkxvaocirp/Build/Intermediates.noindex/BobCamAgent.build/Debug-iphoneos/BobCamAgent.build/ssu --bundle-id com.bobcam.ios.app --product-path /Users/gunn.kim/Library/Developer/Xcode/DerivedData/BobCamAgent-elvzdrtgzbztmwhjwnkkxvaocirp/Build/Products/Debug-iphoneos/BobCamAgent.app --extracted-metadata-path /Users/gunn.kim/Library/Developer/Xcode/DerivedData/BobCamAgent-elvzdrtgzbztmwhjwnkkxvaocirp/Build/Products/Debug-iphoneos/BobCamAgent.app/Metadata.appintents --metadata-file-list /Users/gunn.kim/Library/Developer/Xcode/DerivedData/BobCamAgent-elvzdrtgzbztmwhjwnkkxvaocirp/Build/Intermediates.noindex/BobCamAgent.build/Debug-iphoneos/BobCamAgent.build/BobCamAgent.DependencyMetadataFileList --archive-ssu-assets
2025-08-22 16:51:11.472 appintentsnltrainingprocessor[87704:10553242] Parsing options for appintentsnltrainingprocessor
2025-08-22 16:51:11.473 appintentsnltrainingprocessor[87704:10553242] No AppShortcuts found - Skipping.

CodeSign /Users/gunn.kim/Library/Developer/Xcode/DerivedData/BobCamAgent-elvzdrtgzbztmwhjwnkkxvaocirp/Build/Products/Debug-iphoneos/BobCamAgent.app/BobCamAgent.debug.dylib (in target 'BobCamAgent' from project 'BobCamAgent')
    cd /Users/gunn.kim/study/BobCam/BobCam-iOS/BobCamAgent
    
    Signing Identity:     "Apple Development: adalgu@gmail.com (9YSSHCTP98)"
    Provisioning Profile: "iOS Team Provisioning Profile: com.bobcam.ios.app"
                          (6b32fc7f-1ec8-4dba-98f7-119db86d75f1)
    
    /usr/bin/codesign --force --sign E49944925F946698B4A142A6CBA2442A820F3F74 --timestamp\=none --generate-entitlement-der /Users/gunn.kim/Library/Developer/Xcode/DerivedData/BobCamAgent-elvzdrtgzbztmwhjwnkkxvaocirp/Build/Products/Debug-iphoneos/BobCamAgent.app/BobCamAgent.debug.dylib

CodeSign /Users/gunn.kim/Library/Developer/Xcode/DerivedData/BobCamAgent-elvzdrtgzbztmwhjwnkkxvaocirp/Build/Products/Debug-iphoneos/BobCamAgent.app/__preview.dylib (in target 'BobCamAgent' from project 'BobCamAgent')
    cd /Users/gunn.kim/study/BobCam/BobCam-iOS/BobCamAgent
    
    Signing Identity:     "Apple Development: adalgu@gmail.com (9YSSHCTP98)"
    Provisioning Profile: "iOS Team Provisioning Profile: com.bobcam.ios.app"
                          (6b32fc7f-1ec8-4dba-98f7-119db86d75f1)
    
    /usr/bin/codesign --force --sign E49944925F946698B4A142A6CBA2442A820F3F74 --timestamp\=none --generate-entitlement-der /Users/gunn.kim/Library/Developer/Xcode/DerivedData/BobCamAgent-elvzdrtgzbztmwhjwnkkxvaocirp/Build/Products/Debug-iphoneos/BobCamAgent.app/__preview.dylib

CodeSign /Users/gunn.kim/Library/Developer/Xcode/DerivedData/BobCamAgent-elvzdrtgzbztmwhjwnkkxvaocirp/Build/Products/Debug-iphoneos/BobCamAgent.app (in target 'BobCamAgent' from project 'BobCamAgent')
    cd /Users/gunn.kim/study/BobCam/BobCam-iOS/BobCamAgent
    
    Signing Identity:     "Apple Development: adalgu@gmail.com (9YSSHCTP98)"
    Provisioning Profile: "iOS Team Provisioning Profile: com.bobcam.ios.app"
                          (6b32fc7f-1ec8-4dba-98f7-119db86d75f1)
    
    /usr/bin/codesign --force --sign E49944925F946698B4A142A6CBA2442A820F3F74 --entitlements /Users/gunn.kim/Library/Developer/Xcode/DerivedData/BobCamAgent-elvzdrtgzbztmwhjwnkkxvaocirp/Build/Intermediates.noindex/BobCamAgent.build/Debug-iphoneos/BobCamAgent.build/BobCamAgent.app.xcent --timestamp\=none --generate-entitlement-der /Users/gunn.kim/Library/Developer/Xcode/DerivedData/BobCamAgent-elvzdrtgzbztmwhjwnkkxvaocirp/Build/Products/Debug-iphoneos/BobCamAgent.app

RegisterExecutionPolicyException /Users/gunn.kim/Library/Developer/Xcode/DerivedData/BobCamAgent-elvzdrtgzbztmwhjwnkkxvaocirp/Build/Products/Debug-iphoneos/BobCamAgent.app (in target 'BobCamAgent' from project 'BobCamAgent')
    cd /Users/gunn.kim/study/BobCam/BobCam-iOS/BobCamAgent
    builtin-RegisterExecutionPolicyException /Users/gunn.kim/Library/Developer/Xcode/DerivedData/BobCamAgent-elvzdrtgzbztmwhjwnkkxvaocirp/Build/Products/Debug-iphoneos/BobCamAgent.app

Validate /Users/gunn.kim/Library/Developer/Xcode/DerivedData/BobCamAgent-elvzdrtgzbztmwhjwnkkxvaocirp/Build/Products/Debug-iphoneos/BobCamAgent.app (in target 'BobCamAgent' from project 'BobCamAgent')
    cd /Users/gunn.kim/study/BobCam/BobCam-iOS/BobCamAgent
    builtin-validationUtility /Users/gunn.kim/Library/Developer/Xcode/DerivedData/BobCamAgent-elvzdrtgzbztmwhjwnkkxvaocirp/Build/Products/Debug-iphoneos/BobCamAgent.app -infoplist-subpath Info.plist

Touch /Users/gunn.kim/Library/Developer/Xcode/DerivedData/BobCamAgent-elvzdrtgzbztmwhjwnkkxvaocirp/Build/Products/Debug-iphoneos/BobCamAgent.app (in target 'BobCamAgent' from project 'BobCamAgent')
    cd /Users/gunn.kim/study/BobCam/BobCam-iOS/BobCamAgent
    /usr/bin/touch -c /Users/gunn.kim/Library/Developer/Xcode/DerivedData/BobCamAgent-elvzdrtgzbztmwhjwnkkxvaocirp/Build/Products/Debug-iphoneos/BobCamAgent.app

** BUILD SUCCEEDED **

ComputePackagePrebuildTargetDependencyGraph

Prepare packages

CreateBuildRequest

SendProjectDescription

CreateBuildOperation

ComputeTargetDependencyGraph
note: Building targets in dependency order
note: Target dependency graph (3 targets)
    Target 'BobCamAgent' in project 'BobCamAgent'
        ➜ Implicit dependency on target 'Pods-BobCamAgent' in project 'Pods' via file 'Pods_BobCamAgent.framework' in build phase 'Link Binary'
    Target 'Pods-BobCamAgent' in project 'Pods'
        ➜ Explicit dependency on target 'SwiftLint' in project 'Pods'
    Target 'SwiftLint' in project 'Pods' (no dependencies)

GatherProvisioningInputs

CreateBuildDescription

ExecuteExternalTool /Applications/Xcode.app/Contents/Developer/Toolchains/XcodeDefault.xctoolchain/usr/bin/clang -v -E -dM -arch arm64 -isysroot /Applications/Xcode.app/Contents/Developer/Platforms/iPhoneOS.platform/Developer/SDKs/iPhoneOS18.5.sdk -x c -c /dev/null

ExecuteExternalTool /Applications/Xcode.app/Contents/Developer/Toolchains/XcodeDefault.xctoolchain/usr/bin/clang -v -E -dM -isysroot /Applications/Xcode.app/Contents/Developer/Platforms/iPhoneOS.platform/Developer/SDKs/iPhoneOS18.5.sdk -x c -c /dev/null

ExecuteExternalTool /Applications/Xcode.app/Contents/Developer/Toolchains/XcodeDefault.xctoolchain/usr/bin/swiftc --version

ExecuteExternalTool /Applications/Xcode.app/Contents/Developer/Toolchains/XcodeDefault.xctoolchain/usr/bin/clang -v -E -dM -arch arm64 -isysroot /Applications/Xcode.app/Contents/Developer/Platforms/iPhoneOS.platform/Developer/SDKs/iPhoneOS18.5.sdk -x objective-c -c /dev/null

ExecuteExternalTool /Applications/Xcode.app/Contents/Developer/Toolchains/XcodeDefault.xctoolchain/usr/bin/libtool -V

ExecuteExternalTool /Applications/Xcode.app/Contents/Developer/Toolchains/XcodeDefault.xctoolchain/usr/bin/ld -version_details

Build description signature: fa2068e29176948c35fec925fec6afa6
Build description path: /Users/gunn.kim/Library/Developer/Xcode/DerivedData/BobCamAgent-elvzdrtgzbztmwhjwnkkxvaocirp/Build/Intermediates.noindex/ArchiveIntermediates/BobCamAgent/IntermediateBuildFilesPath/XCBuildData/fa2068e29176948c35fec925fec6afa6.xcbuilddata
ClangStatCache /Applications/Xcode.app/Contents/Developer/Toolchains/XcodeDefault.xctoolchain/usr/bin/clang-stat-cache /Applications/Xcode.app/Contents/Developer/Platforms/iPhoneOS.platform/Developer/SDKs/iPhoneOS18.5.sdk /Users/gunn.kim/Library/Developer/Xcode/DerivedData/SDKStatCaches.noindex/iphoneos18.5-22F76-7fa4eea80a99bbfdc046826b63ec4baf.sdkstatcache
    cd /Users/gunn.kim/study/BobCam/BobCam-iOS/BobCamAgent
    /Applications/Xcode.app/Contents/Developer/Toolchains/XcodeDefault.xctoolchain/usr/bin/clang-stat-cache /Applications/Xcode.app/Contents/Developer/Platforms/iPhoneOS.platform/Developer/SDKs/iPhoneOS18.5.sdk -o /Users/gunn.kim/Library/Developer/Xcode/DerivedData/SDKStatCaches.noindex/iphoneos18.5-22F76-7fa4eea80a99bbfdc046826b63ec4baf.sdkstatcache

CreateBuildDirectory /Users/gunn.kim/Library/Developer/Xcode/DerivedData/BobCamAgent-elvzdrtgzbztmwhjwnkkxvaocirp/Build/Intermediates.noindex/ArchiveIntermediates/BobCamAgent/InstallationBuildProductsLocation
    cd /Users/gunn.kim/study/BobCam/BobCam-iOS/BobCamAgent
    builtin-create-build-directory /Users/gunn.kim/Library/Developer/Xcode/DerivedData/BobCamAgent-elvzdrtgzbztmwhjwnkkxvaocirp/Build/Intermediates.noindex/ArchiveIntermediates/BobCamAgent/InstallationBuildProductsLocation

CreateBuildDirectory /Users/gunn.kim/Library/Developer/Xcode/DerivedData/BobCamAgent-elvzdrtgzbztmwhjwnkkxvaocirp/Build/Intermediates.noindex/ArchiveIntermediates/BobCamAgent/IntermediateBuildFilesPath
    cd /Users/gunn.kim/study/BobCam/BobCam-iOS/BobCamAgent
    builtin-create-build-directory /Users/gunn.kim/Library/Developer/Xcode/DerivedData/BobCamAgent-elvzdrtgzbztmwhjwnkkxvaocirp/Build/Intermediates.noindex/ArchiveIntermediates/BobCamAgent/IntermediateBuildFilesPath

CreateBuildDirectory /Users/gunn.kim/Library/Developer/Xcode/DerivedData/BobCamAgent-elvzdrtgzbztmwhjwnkkxvaocirp/Build/Intermediates.noindex/ArchiveIntermediates/BobCamAgent/BuildProductsPath
    cd /Users/gunn.kim/study/BobCam/BobCam-iOS/BobCamAgent
    builtin-create-build-directory /Users/gunn.kim/Library/Developer/Xcode/DerivedData/BobCamAgent-elvzdrtgzbztmwhjwnkkxvaocirp/Build/Intermediates.noindex/ArchiveIntermediates/BobCamAgent/BuildProductsPath

CreateBuildDirectory /Users/gunn.kim/Library/Developer/Xcode/DerivedData/BobCamAgent-elvzdrtgzbztmwhjwnkkxvaocirp/Build/Intermediates.noindex/ArchiveIntermediates/BobCamAgent/BuildProductsPath/Debug-iphoneos
    cd /Users/gunn.kim/study/BobCam/BobCam-iOS/BobCamAgent
    builtin-create-build-directory /Users/gunn.kim/Library/Developer/Xcode/DerivedData/BobCamAgent-elvzdrtgzbztmwhjwnkkxvaocirp/Build/Intermediates.noindex/ArchiveIntermediates/BobCamAgent/BuildProductsPath/Debug-iphoneos

CreateBuildDirectory /Users/gunn.kim/Library/Developer/Xcode/DerivedData/BobCamAgent-elvzdrtgzbztmwhjwnkkxvaocirp/Build/Intermediates.noindex/ArchiveIntermediates/BobCamAgent/IntermediateBuildFilesPath/EagerLinkingTBDs/Debug-iphoneos
    cd /Users/gunn.kim/study/BobCam/BobCam-iOS/BobCamAgent
    builtin-create-build-directory /Users/gunn.kim/Library/Developer/Xcode/DerivedData/BobCamAgent-elvzdrtgzbztmwhjwnkkxvaocirp/Build/Intermediates.noindex/ArchiveIntermediates/BobCamAgent/IntermediateBuildFilesPath/EagerLinkingTBDs/Debug-iphoneos

WriteAuxiliaryFile /Users/gunn.kim/Library/Developer/Xcode/DerivedData/BobCamAgent-elvzdrtgzbztmwhjwnkkxvaocirp/Build/Intermediates.noindex/ArchiveIntermediates/BobCamAgent/IntermediateBuildFilesPath/Pods.build/Debug-iphoneos/Pods-8699adb1dd336b26511df848a716bd42-VFS-iphoneos/all-product-headers.yaml
    cd /Users/gunn.kim/study/BobCam/BobCam-iOS/BobCamAgent
    write-file /Users/gunn.kim/Library/Developer/Xcode/DerivedData/BobCamAgent-elvzdrtgzbztmwhjwnkkxvaocirp/Build/Intermediates.noindex/ArchiveIntermediates/BobCamAgent/IntermediateBuildFilesPath/Pods.build/Debug-iphoneos/Pods-8699adb1dd336b26511df848a716bd42-VFS-iphoneos/all-product-headers.yaml

WriteAuxiliaryFile /Users/gunn.kim/Library/Developer/Xcode/DerivedData/BobCamAgent-elvzdrtgzbztmwhjwnkkxvaocirp/Build/Intermediates.noindex/ArchiveIntermediates/BobCamAgent/IntermediateBuildFilesPath/BobCamAgent.build/Debug-iphoneos/BobCamAgent-7bcf04dd287a8a6fc515f927e120d9d2-VFS-iphoneos/all-product-headers.yaml
    cd /Users/gunn.kim/study/BobCam/BobCam-iOS/BobCamAgent
    write-file /Users/gunn.kim/Library/Developer/Xcode/DerivedData/BobCamAgent-elvzdrtgzbztmwhjwnkkxvaocirp/Build/Intermediates.noindex/ArchiveIntermediates/BobCamAgent/IntermediateBuildFilesPath/BobCamAgent.build/Debug-iphoneos/BobCamAgent-7bcf04dd287a8a6fc515f927e120d9d2-VFS-iphoneos/all-product-headers.yaml

CreateBuildDirectory /Users/gunn.kim/Library/Developer/Xcode/DerivedData/BobCamAgent-elvzdrtgzbztmwhjwnkkxvaocirp/Build/Intermediates.noindex/ArchiveIntermediates/BobCamAgent/BuildProductsPath/Debug-iphoneos/SwiftLint
    cd /Users/gunn.kim/study/BobCam/BobCam-iOS/BobCamAgent
    builtin-create-build-directory /Users/gunn.kim/Library/Developer/Xcode/DerivedData/BobCamAgent-elvzdrtgzbztmwhjwnkkxvaocirp/Build/Intermediates.noindex/ArchiveIntermediates/BobCamAgent/BuildProductsPath/Debug-iphoneos/SwiftLint

WriteAuxiliaryFile /Users/gunn.kim/Library/Developer/Xcode/DerivedData/BobCamAgent-elvzdrtgzbztmwhjwnkkxvaocirp/Build/Intermediates.noindex/ArchiveIntermediates/BobCamAgent/IntermediateBuildFilesPath/Pods.build/Debug-iphoneos/Pods-BobCamAgent.build/Pods_BobCamAgent.DependencyMetadataFileList (in target 'Pods-BobCamAgent' from project 'Pods')
    cd /Users/gunn.kim/study/BobCam/BobCam-iOS/BobCamAgent/Pods
    write-file /Users/gunn.kim/Library/Developer/Xcode/DerivedData/BobCamAgent-elvzdrtgzbztmwhjwnkkxvaocirp/Build/Intermediates.noindex/ArchiveIntermediates/BobCamAgent/IntermediateBuildFilesPath/Pods.build/Debug-iphoneos/Pods-BobCamAgent.build/Pods_BobCamAgent.DependencyMetadataFileList

WriteAuxiliaryFile /Users/gunn.kim/Library/Developer/Xcode/DerivedData/BobCamAgent-elvzdrtgzbztmwhjwnkkxvaocirp/Build/Intermediates.noindex/ArchiveIntermediates/BobCamAgent/IntermediateBuildFilesPath/Pods.build/Debug-iphoneos/Pods-BobCamAgent.build/Pods_BobCamAgent.DependencyStaticMetadataFileList (in target 'Pods-BobCamAgent' from project 'Pods')
    cd /Users/gunn.kim/study/BobCam/BobCam-iOS/BobCamAgent/Pods
    write-file /Users/gunn.kim/Library/Developer/Xcode/DerivedData/BobCamAgent-elvzdrtgzbztmwhjwnkkxvaocirp/Build/Intermediates.noindex/ArchiveIntermediates/BobCamAgent/IntermediateBuildFilesPath/Pods.build/Debug-iphoneos/Pods-BobCamAgent.build/Pods_BobCamAgent.DependencyStaticMetadataFileList

WriteAuxiliaryFile /Users/gunn.kim/Library/Developer/Xcode/DerivedData/BobCamAgent-elvzdrtgzbztmwhjwnkkxvaocirp/Build/Intermediates.noindex/ArchiveIntermediates/BobCamAgent/IntermediateBuildFilesPath/Pods.build/Debug-iphoneos/Pods-BobCamAgent.build/Pods_BobCamAgent-project-headers.hmap (in target 'Pods-BobCamAgent' from project 'Pods')
    cd /Users/gunn.kim/study/BobCam/BobCam-iOS/BobCamAgent/Pods
    write-file /Users/gunn.kim/Library/Developer/Xcode/DerivedData/BobCamAgent-elvzdrtgzbztmwhjwnkkxvaocirp/Build/Intermediates.noindex/ArchiveIntermediates/BobCamAgent/IntermediateBuildFilesPath/Pods.build/Debug-iphoneos/Pods-BobCamAgent.build/Pods_BobCamAgent-project-headers.hmap

WriteAuxiliaryFile /Users/gunn.kim/Library/Developer/Xcode/DerivedData/BobCamAgent-elvzdrtgzbztmwhjwnkkxvaocirp/Build/Intermediates.noindex/ArchiveIntermediates/BobCamAgent/IntermediateBuildFilesPath/Pods.build/Debug-iphoneos/Pods-BobCamAgent.build/Pods_BobCamAgent.hmap (in target 'Pods-BobCamAgent' from project 'Pods')
    cd /Users/gunn.kim/study/BobCam/BobCam-iOS/BobCamAgent/Pods
    write-file /Users/gunn.kim/Library/Developer/Xcode/DerivedData/BobCamAgent-elvzdrtgzbztmwhjwnkkxvaocirp/Build/Intermediates.noindex/ArchiveIntermediates/BobCamAgent/IntermediateBuildFilesPath/Pods.build/Debug-iphoneos/Pods-BobCamAgent.build/Pods_BobCamAgent.hmap

WriteAuxiliaryFile /Users/gunn.kim/Library/Developer/Xcode/DerivedData/BobCamAgent-elvzdrtgzbztmwhjwnkkxvaocirp/Build/Intermediates.noindex/ArchiveIntermediates/BobCamAgent/IntermediateBuildFilesPath/Pods.build/Debug-iphoneos/Pods-BobCamAgent.build/Pods_BobCamAgent-generated-files.hmap (in target 'Pods-BobCamAgent' from project 'Pods')
    cd /Users/gunn.kim/study/BobCam/BobCam-iOS/BobCamAgent/Pods
    write-file /Users/gunn.kim/Library/Developer/Xcode/DerivedData/BobCamAgent-elvzdrtgzbztmwhjwnkkxvaocirp/Build/Intermediates.noindex/ArchiveIntermediates/BobCamAgent/IntermediateBuildFilesPath/Pods.build/Debug-iphoneos/Pods-BobCamAgent.build/Pods_BobCamAgent-generated-files.hmap

WriteAuxiliaryFile /Users/gunn.kim/Library/Developer/Xcode/DerivedData/BobCamAgent-elvzdrtgzbztmwhjwnkkxvaocirp/Build/Intermediates.noindex/ArchiveIntermediates/BobCamAgent/IntermediateBuildFilesPath/Pods.build/Debug-iphoneos/Pods-BobCamAgent.build/Pods_BobCamAgent-own-target-headers.hmap (in target 'Pods-BobCamAgent' from project 'Pods')
    cd /Users/gunn.kim/study/BobCam/BobCam-iOS/BobCamAgent/Pods
    write-file /Users/gunn.kim/Library/Developer/Xcode/DerivedData/BobCamAgent-elvzdrtgzbztmwhjwnkkxvaocirp/Build/Intermediates.noindex/ArchiveIntermediates/BobCamAgent/IntermediateBuildFilesPath/Pods.build/Debug-iphoneos/Pods-BobCamAgent.build/Pods_BobCamAgent-own-target-headers.hmap

WriteAuxiliaryFile /Users/gunn.kim/Library/Developer/Xcode/DerivedData/BobCamAgent-elvzdrtgzbztmwhjwnkkxvaocirp/Build/Intermediates.noindex/ArchiveIntermediates/BobCamAgent/IntermediateBuildFilesPath/Pods.build/Debug-iphoneos/Pods-BobCamAgent.build/Pods_BobCamAgent-all-non-framework-target-headers.hmap (in target 'Pods-BobCamAgent' from project 'Pods')
    cd /Users/gunn.kim/study/BobCam/BobCam-iOS/BobCamAgent/Pods
    write-file /Users/gunn.kim/Library/Developer/Xcode/DerivedData/BobCamAgent-elvzdrtgzbztmwhjwnkkxvaocirp/Build/Intermediates.noindex/ArchiveIntermediates/BobCamAgent/IntermediateBuildFilesPath/Pods.build/Debug-iphoneos/Pods-BobCamAgent.build/Pods_BobCamAgent-all-non-framework-target-headers.hmap

WriteAuxiliaryFile /Users/gunn.kim/Library/Developer/Xcode/DerivedData/BobCamAgent-elvzdrtgzbztmwhjwnkkxvaocirp/Build/Intermediates.noindex/ArchiveIntermediates/BobCamAgent/IntermediateBuildFilesPath/Pods.build/Debug-iphoneos/Pods-BobCamAgent.build/Pods_BobCamAgent-all-target-headers.hmap (in target 'Pods-BobCamAgent' from project 'Pods')
    cd /Users/gunn.kim/study/BobCam/BobCam-iOS/BobCamAgent/Pods
    write-file /Users/gunn.kim/Library/Developer/Xcode/DerivedData/BobCamAgent-elvzdrtgzbztmwhjwnkkxvaocirp/Build/Intermediates.noindex/ArchiveIntermediates/BobCamAgent/IntermediateBuildFilesPath/Pods.build/Debug-iphoneos/Pods-BobCamAgent.build/Pods_BobCamAgent-all-target-headers.hmap

WriteAuxiliaryFile /Users/gunn.kim/Library/Developer/Xcode/DerivedData/BobCamAgent-elvzdrtgzbztmwhjwnkkxvaocirp/Build/Intermediates.noindex/ArchiveIntermediates/BobCamAgent/IntermediateBuildFilesPath/Pods.build/Debug-iphoneos/Pods-BobCamAgent.build/Objects-normal/arm64/7187679823f38a2a940e0043cdf9d637-common-args.resp (in target 'Pods-BobCamAgent' from project 'Pods')
    cd /Users/gunn.kim/study/BobCam/BobCam-iOS/BobCamAgent/Pods
    write-file /Users/gunn.kim/Library/Developer/Xcode/DerivedData/BobCamAgent-elvzdrtgzbztmwhjwnkkxvaocirp/Build/Intermediates.noindex/ArchiveIntermediates/BobCamAgent/IntermediateBuildFilesPath/Pods.build/Debug-iphoneos/Pods-BobCamAgent.build/Objects-normal/arm64/7187679823f38a2a940e0043cdf9d637-common-args.resp
-target arm64-apple-ios15.0 '-std=gnu11' -fmodules -gmodules '-fmodules-cache-path=/Users/gunn.kim/Library/Developer/Xcode/DerivedData/ModuleCache.noindex' '-fmodule-name=Pods_BobCamAgent' -fpascal-strings -O0 -fno-common '-DPOD_CONFIGURATION_DEBUG=1' '-DDEBUG=1' '-DCOCOAPODS=1' -isysroot /Applications/Xcode.app/Contents/Developer/Platforms/iPhoneOS.platform/Developer/SDKs/iPhoneOS18.5.sdk -g -iquote /Users/gunn.kim/Library/Developer/Xcode/DerivedData/BobCamAgent-elvzdrtgzbztmwhjwnkkxvaocirp/Build/Intermediates.noindex/ArchiveIntermediates/BobCamAgent/IntermediateBuildFilesPath/Pods.build/Debug-iphoneos/Pods-BobCamAgent.build/Pods_BobCamAgent-generated-files.hmap -I/Users/gunn.kim/Library/Developer/Xcode/DerivedData/BobCamAgent-elvzdrtgzbztmwhjwnkkxvaocirp/Build/Intermediates.noindex/ArchiveIntermediates/BobCamAgent/IntermediateBuildFilesPath/Pods.build/Debug-iphoneos/Pods-BobCamAgent.build/Pods_BobCamAgent-own-target-headers.hmap -I/Users/gunn.kim/Library/Developer/Xcode/DerivedData/BobCamAgent-elvzdrtgzbztmwhjwnkkxvaocirp/Build/Intermediates.noindex/ArchiveIntermediates/BobCamAgent/IntermediateBuildFilesPath/Pods.build/Debug-iphoneos/Pods-BobCamAgent.build/Pods_BobCamAgent-all-non-framework-target-headers.hmap -ivfsoverlay /Users/gunn.kim/Library/Developer/Xcode/DerivedData/BobCamAgent-elvzdrtgzbztmwhjwnkkxvaocirp/Build/Intermediates.noindex/ArchiveIntermediates/BobCamAgent/IntermediateBuildFilesPath/Pods.build/Debug-iphoneos/Pods-8699adb1dd336b26511df848a716bd42-VFS-iphoneos/all-product-headers.yaml -iquote /Users/gunn.kim/Library/Developer/Xcode/DerivedData/BobCamAgent-elvzdrtgzbztmwhjwnkkxvaocirp/Build/Intermediates.noindex/ArchiveIntermediates/BobCamAgent/IntermediateBuildFilesPath/Pods.build/Debug-iphoneos/Pods-BobCamAgent.build/Pods_BobCamAgent-project-headers.hmap -I/Users/gunn.kim/Library/Developer/Xcode/DerivedData/BobCamAgent-elvzdrtgzbztmwhjwnkkxvaocirp/Build/Intermediates.noindex/ArchiveIntermediates/BobCamAgent/BuildProductsPath/Debug-iphoneos/include -I/Users/gunn.kim/Library/Developer/Xcode/DerivedData/BobCamAgent-elvzdrtgzbztmwhjwnkkxvaocirp/Build/Intermediates.noindex/ArchiveIntermediates/BobCamAgent/IntermediateBuildFilesPath/Pods.build/Debug-iphoneos/Pods-BobCamAgent.build/DerivedSources-normal/arm64 -I/Users/gunn.kim/Library/Developer/Xcode/DerivedData/BobCamAgent-elvzdrtgzbztmwhjwnkkxvaocirp/Build/Intermediates.noindex/ArchiveIntermediates/BobCamAgent/IntermediateBuildFilesPath/Pods.build/Debug-iphoneos/Pods-BobCamAgent.build/DerivedSources/arm64 -I/Users/gunn.kim/Library/Developer/Xcode/DerivedData/BobCamAgent-elvzdrtgzbztmwhjwnkkxvaocirp/Build/Intermediates.noindex/ArchiveIntermediates/BobCamAgent/IntermediateBuildFilesPath/Pods.build/Debug-iphoneos/Pods-BobCamAgent.build/DerivedSources -F/Users/gunn.kim/Library/Developer/Xcode/DerivedData/BobCamAgent-elvzdrtgzbztmwhjwnkkxvaocirp/Build/Intermediates.noindex/ArchiveIntermediates/BobCamAgent/BuildProductsPath/Debug-iphoneos

WriteAuxiliaryFile /Users/gunn.kim/Library/Developer/Xcode/DerivedData/BobCamAgent-elvzdrtgzbztmwhjwnkkxvaocirp/Build/Intermediates.noindex/ArchiveIntermediates/BobCamAgent/IntermediateBuildFilesPath/Pods.build/Debug-iphoneos/Pods-BobCamAgent.build/Objects-normal/arm64/Pods_BobCamAgent.LinkFileList (in target 'Pods-BobCamAgent' from project 'Pods')
    cd /Users/gunn.kim/study/BobCam/BobCam-iOS/BobCamAgent/Pods
    write-file /Users/gunn.kim/Library/Developer/Xcode/DerivedData/BobCamAgent-elvzdrtgzbztmwhjwnkkxvaocirp/Build/Intermediates.noindex/ArchiveIntermediates/BobCamAgent/IntermediateBuildFilesPath/Pods.build/Debug-iphoneos/Pods-BobCamAgent.build/Objects-normal/arm64/Pods_BobCamAgent.LinkFileList

WriteAuxiliaryFile /Users/gunn.kim/Library/Developer/Xcode/DerivedData/BobCamAgent-elvzdrtgzbztmwhjwnkkxvaocirp/Build/Intermediates.noindex/ArchiveIntermediates/BobCamAgent/IntermediateBuildFilesPath/Pods.build/Debug-iphoneos/Pods-BobCamAgent.build/Objects-normal/arm64/e6072d4f65d7061329687fe24e3d63a7-common-args.resp (in target 'Pods-BobCamAgent' from project 'Pods')
    cd /Users/gunn.kim/study/BobCam/BobCam-iOS/BobCamAgent/Pods
    write-file /Users/gunn.kim/Library/Developer/Xcode/DerivedData/BobCamAgent-elvzdrtgzbztmwhjwnkkxvaocirp/Build/Intermediates.noindex/ArchiveIntermediates/BobCamAgent/IntermediateBuildFilesPath/Pods.build/Debug-iphoneos/Pods-BobCamAgent.build/Objects-normal/arm64/e6072d4f65d7061329687fe24e3d63a7-common-args.resp
-target arm64-apple-ios15.0 '-std=gnu11' -fobjc-arc -fmodules -gmodules '-fmodules-cache-path=/Users/gunn.kim/Library/Developer/Xcode/DerivedData/ModuleCache.noindex' '-fmodule-name=Pods_BobCamAgent' -fpascal-strings -O0 -fno-common '-DPOD_CONFIGURATION_DEBUG=1' '-DDEBUG=1' '-DCOCOAPODS=1' '-DOBJC_OLD_DISPATCH_PROTOTYPES=0' -isysroot /Applications/Xcode.app/Contents/Developer/Platforms/iPhoneOS.platform/Developer/SDKs/iPhoneOS18.5.sdk -g -iquote /Users/gunn.kim/Library/Developer/Xcode/DerivedData/BobCamAgent-elvzdrtgzbztmwhjwnkkxvaocirp/Build/Intermediates.noindex/ArchiveIntermediates/BobCamAgent/IntermediateBuildFilesPath/Pods.build/Debug-iphoneos/Pods-BobCamAgent.build/Pods_BobCamAgent-generated-files.hmap -I/Users/gunn.kim/Library/Developer/Xcode/DerivedData/BobCamAgent-elvzdrtgzbztmwhjwnkkxvaocirp/Build/Intermediates.noindex/ArchiveIntermediates/BobCamAgent/IntermediateBuildFilesPath/Pods.build/Debug-iphoneos/Pods-BobCamAgent.build/Pods_BobCamAgent-own-target-headers.hmap -I/Users/gunn.kim/Library/Developer/Xcode/DerivedData/BobCamAgent-elvzdrtgzbztmwhjwnkkxvaocirp/Build/Intermediates.noindex/ArchiveIntermediates/BobCamAgent/IntermediateBuildFilesPath/Pods.build/Debug-iphoneos/Pods-BobCamAgent.build/Pods_BobCamAgent-all-non-framework-target-headers.hmap -ivfsoverlay /Users/gunn.kim/Library/Developer/Xcode/DerivedData/BobCamAgent-elvzdrtgzbztmwhjwnkkxvaocirp/Build/Intermediates.noindex/ArchiveIntermediates/BobCamAgent/IntermediateBuildFilesPath/Pods.build/Debug-iphoneos/Pods-8699adb1dd336b26511df848a716bd42-VFS-iphoneos/all-product-headers.yaml -iquote /Users/gunn.kim/Library/Developer/Xcode/DerivedData/BobCamAgent-elvzdrtgzbztmwhjwnkkxvaocirp/Build/Intermediates.noindex/ArchiveIntermediates/BobCamAgent/IntermediateBuildFilesPath/Pods.build/Debug-iphoneos/Pods-BobCamAgent.build/Pods_BobCamAgent-project-headers.hmap -I/Users/gunn.kim/Library/Developer/Xcode/DerivedData/BobCamAgent-elvzdrtgzbztmwhjwnkkxvaocirp/Build/Intermediates.noindex/ArchiveIntermediates/BobCamAgent/BuildProductsPath/Debug-iphoneos/include -I/Users/gunn.kim/Library/Developer/Xcode/DerivedData/BobCamAgent-elvzdrtgzbztmwhjwnkkxvaocirp/Build/Intermediates.noindex/ArchiveIntermediates/BobCamAgent/IntermediateBuildFilesPath/Pods.build/Debug-iphoneos/Pods-BobCamAgent.build/DerivedSources-normal/arm64 -I/Users/gunn.kim/Library/Developer/Xcode/DerivedData/BobCamAgent-elvzdrtgzbztmwhjwnkkxvaocirp/Build/Intermediates.noindex/ArchiveIntermediates/BobCamAgent/IntermediateBuildFilesPath/Pods.build/Debug-iphoneos/Pods-BobCamAgent.build/DerivedSources/arm64 -I/Users/gunn.kim/Library/Developer/Xcode/DerivedData/BobCamAgent-elvzdrtgzbztmwhjwnkkxvaocirp/Build/Intermediates.noindex/ArchiveIntermediates/BobCamAgent/IntermediateBuildFilesPath/Pods.build/Debug-iphoneos/Pods-BobCamAgent.build/DerivedSources -F/Users/gunn.kim/Library/Developer/Xcode/DerivedData/BobCamAgent-elvzdrtgzbztmwhjwnkkxvaocirp/Build/Intermediates.noindex/ArchiveIntermediates/BobCamAgent/BuildProductsPath/Debug-iphoneos

WriteAuxiliaryFile /Users/gunn.kim/Library/Developer/Xcode/DerivedData/BobCamAgent-elvzdrtgzbztmwhjwnkkxvaocirp/Build/Intermediates.noindex/ArchiveIntermediates/BobCamAgent/IntermediateBuildFilesPath/Pods.build/Debug-iphoneos/Pods-BobCamAgent.build/DerivedSources/Pods_BobCamAgent_vers.c (in target 'Pods-BobCamAgent' from project 'Pods')
    cd /Users/gunn.kim/study/BobCam/BobCam-iOS/BobCamAgent/Pods
    write-file /Users/gunn.kim/Library/Developer/Xcode/DerivedData/BobCamAgent-elvzdrtgzbztmwhjwnkkxvaocirp/Build/Intermediates.noindex/ArchiveIntermediates/BobCamAgent/IntermediateBuildFilesPath/Pods.build/Debug-iphoneos/Pods-BobCamAgent.build/DerivedSources/Pods_BobCamAgent_vers.c

Copy /Users/gunn.kim/Library/Developer/Xcode/DerivedData/BobCamAgent-elvzdrtgzbztmwhjwnkkxvaocirp/Build/Intermediates.noindex/ArchiveIntermediates/BobCamAgent/IntermediateBuildFilesPath/Pods.build/Debug-iphoneos/Pods-BobCamAgent.build/module.modulemap /Users/gunn.kim/study/BobCam/BobCam-iOS/BobCamAgent/Pods/Target\ Support\ Files/Pods-BobCamAgent/Pods-BobCamAgent.modulemap (in target 'Pods-BobCamAgent' from project 'Pods')
    cd /Users/gunn.kim/study/BobCam/BobCam-iOS/BobCamAgent/Pods
    builtin-copy -exclude .DS_Store -exclude CVS -exclude .svn -exclude .git -exclude .hg -resolve-src-symlinks -rename /Users/gunn.kim/study/BobCam/BobCam-iOS/BobCamAgent/Pods/Target\ Support\ Files/Pods-BobCamAgent/Pods-BobCamAgent.modulemap /Users/gunn.kim/Library/Developer/Xcode/DerivedData/BobCamAgent-elvzdrtgzbztmwhjwnkkxvaocirp/Build/Intermediates.noindex/ArchiveIntermediates/BobCamAgent/IntermediateBuildFilesPath/Pods.build/Debug-iphoneos/Pods-BobCamAgent.build/module.modulemap

WriteAuxiliaryFile /Users/gunn.kim/Library/Developer/Xcode/DerivedData/BobCamAgent-elvzdrtgzbztmwhjwnkkxvaocirp/Build/Intermediates.noindex/ArchiveIntermediates/BobCamAgent/IntermediateBuildFilesPath/BobCamAgent.build/Debug-iphoneos/BobCamAgent.build/Script-15EAECB89F70FD456E8DD2B0.sh (in target 'BobCamAgent' from project 'BobCamAgent')
    cd /Users/gunn.kim/study/BobCam/BobCam-iOS/BobCamAgent
    write-file /Users/gunn.kim/Library/Developer/Xcode/DerivedData/BobCamAgent-elvzdrtgzbztmwhjwnkkxvaocirp/Build/Intermediates.noindex/ArchiveIntermediates/BobCamAgent/IntermediateBuildFilesPath/BobCamAgent.build/Debug-iphoneos/BobCamAgent.build/Script-15EAECB89F70FD456E8DD2B0.sh

WriteAuxiliaryFile /Users/gunn.kim/Library/Developer/Xcode/DerivedData/BobCamAgent-elvzdrtgzbztmwhjwnkkxvaocirp/Build/Intermediates.noindex/ArchiveIntermediates/BobCamAgent/IntermediateBuildFilesPath/BobCamAgent.build/Debug-iphoneos/BobCamAgent.build/d59d2221d6c52944e2ca7406f916b64b.sb (in target 'BobCamAgent' from project 'BobCamAgent')
    cd /Users/gunn.kim/study/BobCam/BobCam-iOS/BobCamAgent
    write-file /Users/gunn.kim/Library/Developer/Xcode/DerivedData/BobCamAgent-elvzdrtgzbztmwhjwnkkxvaocirp/Build/Intermediates.noindex/ArchiveIntermediates/BobCamAgent/IntermediateBuildFilesPath/BobCamAgent.build/Debug-iphoneos/BobCamAgent.build/d59d2221d6c52944e2ca7406f916b64b.sb

CpHeader /Users/gunn.kim/Library/Developer/Xcode/DerivedData/BobCamAgent-elvzdrtgzbztmwhjwnkkxvaocirp/Build/Intermediates.noindex/ArchiveIntermediates/BobCamAgent/IntermediateBuildFilesPath/UninstalledProducts/iphoneos/Pods_BobCamAgent.framework/Headers/Pods-BobCamAgent-umbrella.h /Users/gunn.kim/study/BobCam/BobCam-iOS/BobCamAgent/Pods/Target\ Support\ Files/Pods-BobCamAgent/Pods-BobCamAgent-umbrella.h (in target 'Pods-BobCamAgent' from project 'Pods')
    cd /Users/gunn.kim/study/BobCam/BobCam-iOS/BobCamAgent/Pods
    builtin-copy -exclude .DS_Store -exclude CVS -exclude .svn -exclude .git -exclude .hg -resolve-src-symlinks /Users/gunn.kim/study/BobCam/BobCam-iOS/BobCamAgent/Pods/Target\ Support\ Files/Pods-BobCamAgent/Pods-BobCamAgent-umbrella.h /Users/gunn.kim/Library/Developer/Xcode/DerivedData/BobCamAgent-elvzdrtgzbztmwhjwnkkxvaocirp/Build/Intermediates.noindex/ArchiveIntermediates/BobCamAgent/IntermediateBuildFilesPath/UninstalledProducts/iphoneos/Pods_BobCamAgent.framework/Headers

WriteAuxiliaryFile /Users/gunn.kim/Library/Developer/Xcode/DerivedData/BobCamAgent-elvzdrtgzbztmwhjwnkkxvaocirp/Build/Intermediates.noindex/ArchiveIntermediates/BobCamAgent/IntermediateBuildFilesPath/BobCamAgent.build/Debug-iphoneos/BobCamAgent.build/Objects-normal/arm64/BobCamAgent.SwiftFileList (in target 'BobCamAgent' from project 'BobCamAgent')
    cd /Users/gunn.kim/study/BobCam/BobCam-iOS/BobCamAgent
    write-file /Users/gunn.kim/Library/Developer/Xcode/DerivedData/BobCamAgent-elvzdrtgzbztmwhjwnkkxvaocirp/Build/Intermediates.noindex/ArchiveIntermediates/BobCamAgent/IntermediateBuildFilesPath/BobCamAgent.build/Debug-iphoneos/BobCamAgent.build/Objects-normal/arm64/BobCamAgent.SwiftFileList

WriteAuxiliaryFile /Users/gunn.kim/Library/Developer/Xcode/DerivedData/BobCamAgent-elvzdrtgzbztmwhjwnkkxvaocirp/Build/Intermediates.noindex/ArchiveIntermediates/BobCamAgent/IntermediateBuildFilesPath/BobCamAgent.build/Debug-iphoneos/BobCamAgent.build/Objects-normal/arm64/BobCamAgent_const_extract_protocols.json (in target 'BobCamAgent' from project 'BobCamAgent')
    cd /Users/gunn.kim/study/BobCam/BobCam-iOS/BobCamAgent
    write-file /Users/gunn.kim/Library/Developer/Xcode/DerivedData/BobCamAgent-elvzdrtgzbztmwhjwnkkxvaocirp/Build/Intermediates.noindex/ArchiveIntermediates/BobCamAgent/IntermediateBuildFilesPath/BobCamAgent.build/Debug-iphoneos/BobCamAgent.build/Objects-normal/arm64/BobCamAgent_const_extract_protocols.json

WriteAuxiliaryFile /Users/gunn.kim/Library/Developer/Xcode/DerivedData/BobCamAgent-elvzdrtgzbztmwhjwnkkxvaocirp/Build/Intermediates.noindex/ArchiveIntermediates/BobCamAgent/IntermediateBuildFilesPath/BobCamAgent.build/Debug-iphoneos/BobCamAgent.build/Objects-normal/arm64/BobCamAgent.SwiftConstValuesFileList (in target 'BobCamAgent' from project 'BobCamAgent')
    cd /Users/gunn.kim/study/BobCam/BobCam-iOS/BobCamAgent
    write-file /Users/gunn.kim/Library/Developer/Xcode/DerivedData/BobCamAgent-elvzdrtgzbztmwhjwnkkxvaocirp/Build/Intermediates.noindex/ArchiveIntermediates/BobCamAgent/IntermediateBuildFilesPath/BobCamAgent.build/Debug-iphoneos/BobCamAgent.build/Objects-normal/arm64/BobCamAgent.SwiftConstValuesFileList

WriteAuxiliaryFile /Users/gunn.kim/Library/Developer/Xcode/DerivedData/BobCamAgent-elvzdrtgzbztmwhjwnkkxvaocirp/Build/Intermediates.noindex/ArchiveIntermediates/BobCamAgent/IntermediateBuildFilesPath/BobCamAgent.build/Debug-iphoneos/BobCamAgent.build/Objects-normal/arm64/BobCamAgent.LinkFileList (in target 'BobCamAgent' from project 'BobCamAgent')
    cd /Users/gunn.kim/study/BobCam/BobCam-iOS/BobCamAgent
    write-file /Users/gunn.kim/Library/Developer/Xcode/DerivedData/BobCamAgent-elvzdrtgzbztmwhjwnkkxvaocirp/Build/Intermediates.noindex/ArchiveIntermediates/BobCamAgent/IntermediateBuildFilesPath/BobCamAgent.build/Debug-iphoneos/BobCamAgent.build/Objects-normal/arm64/BobCamAgent.LinkFileList

WriteAuxiliaryFile /Users/gunn.kim/Library/Developer/Xcode/DerivedData/BobCamAgent-elvzdrtgzbztmwhjwnkkxvaocirp/Build/Intermediates.noindex/ArchiveIntermediates/BobCamAgent/IntermediateBuildFilesPath/BobCamAgent.build/Debug-iphoneos/BobCamAgent.build/Objects-normal/arm64/BobCamAgent-OutputFileMap.json (in target 'BobCamAgent' from project 'BobCamAgent')
    cd /Users/gunn.kim/study/BobCam/BobCam-iOS/BobCamAgent
    write-file /Users/gunn.kim/Library/Developer/Xcode/DerivedData/BobCamAgent-elvzdrtgzbztmwhjwnkkxvaocirp/Build/Intermediates.noindex/ArchiveIntermediates/BobCamAgent/IntermediateBuildFilesPath/BobCamAgent.build/Debug-iphoneos/BobCamAgent.build/Objects-normal/arm64/BobCamAgent-OutputFileMap.json

WriteAuxiliaryFile /Users/gunn.kim/Library/Developer/Xcode/DerivedData/BobCamAgent-elvzdrtgzbztmwhjwnkkxvaocirp/Build/Intermediates.noindex/ArchiveIntermediates/BobCamAgent/IntermediateBuildFilesPath/BobCamAgent.build/Debug-iphoneos/BobCamAgent.build/DerivedSources/Entitlements.plist (in target 'BobCamAgent' from project 'BobCamAgent')
    cd /Users/gunn.kim/study/BobCam/BobCam-iOS/BobCamAgent
    write-file /Users/gunn.kim/Library/Developer/Xcode/DerivedData/BobCamAgent-elvzdrtgzbztmwhjwnkkxvaocirp/Build/Intermediates.noindex/ArchiveIntermediates/BobCamAgent/IntermediateBuildFilesPath/BobCamAgent.build/Debug-iphoneos/BobCamAgent.build/DerivedSources/Entitlements.plist

WriteAuxiliaryFile /Users/gunn.kim/Library/Developer/Xcode/DerivedData/BobCamAgent-elvzdrtgzbztmwhjwnkkxvaocirp/Build/Intermediates.noindex/ArchiveIntermediates/BobCamAgent/IntermediateBuildFilesPath/BobCamAgent.build/Debug-iphoneos/BobCamAgent.build/BobCamAgent.hmap (in target 'BobCamAgent' from project 'BobCamAgent')
    cd /Users/gunn.kim/study/BobCam/BobCam-iOS/BobCamAgent
    write-file /Users/gunn.kim/Library/Developer/Xcode/DerivedData/BobCamAgent-elvzdrtgzbztmwhjwnkkxvaocirp/Build/Intermediates.noindex/ArchiveIntermediates/BobCamAgent/IntermediateBuildFilesPath/BobCamAgent.build/Debug-iphoneos/BobCamAgent.build/BobCamAgent.hmap

WriteAuxiliaryFile /Users/gunn.kim/Library/Developer/Xcode/DerivedData/BobCamAgent-elvzdrtgzbztmwhjwnkkxvaocirp/Build/Intermediates.noindex/ArchiveIntermediates/BobCamAgent/IntermediateBuildFilesPath/BobCamAgent.build/Debug-iphoneos/BobCamAgent.build/BobCamAgent.DependencyStaticMetadataFileList (in target 'BobCamAgent' from project 'BobCamAgent')
    cd /Users/gunn.kim/study/BobCam/BobCam-iOS/BobCamAgent
    write-file /Users/gunn.kim/Library/Developer/Xcode/DerivedData/BobCamAgent-elvzdrtgzbztmwhjwnkkxvaocirp/Build/Intermediates.noindex/ArchiveIntermediates/BobCamAgent/IntermediateBuildFilesPath/BobCamAgent.build/Debug-iphoneos/BobCamAgent.build/BobCamAgent.DependencyStaticMetadataFileList

WriteAuxiliaryFile /Users/gunn.kim/Library/Developer/Xcode/DerivedData/BobCamAgent-elvzdrtgzbztmwhjwnkkxvaocirp/Build/Intermediates.noindex/ArchiveIntermediates/BobCamAgent/IntermediateBuildFilesPath/BobCamAgent.build/Debug-iphoneos/BobCamAgent.build/BobCamAgent.DependencyMetadataFileList (in target 'BobCamAgent' from project 'BobCamAgent')
    cd /Users/gunn.kim/study/BobCam/BobCam-iOS/BobCamAgent
    write-file /Users/gunn.kim/Library/Developer/Xcode/DerivedData/BobCamAgent-elvzdrtgzbztmwhjwnkkxvaocirp/Build/Intermediates.noindex/ArchiveIntermediates/BobCamAgent/IntermediateBuildFilesPath/BobCamAgent.build/Debug-iphoneos/BobCamAgent.build/BobCamAgent.DependencyMetadataFileList

WriteAuxiliaryFile /Users/gunn.kim/Library/Developer/Xcode/DerivedData/BobCamAgent-elvzdrtgzbztmwhjwnkkxvaocirp/Build/Intermediates.noindex/ArchiveIntermediates/BobCamAgent/IntermediateBuildFilesPath/BobCamAgent.build/Debug-iphoneos/BobCamAgent.build/BobCamAgent-project-headers.hmap (in target 'BobCamAgent' from project 'BobCamAgent')
    cd /Users/gunn.kim/study/BobCam/BobCam-iOS/BobCamAgent
    write-file /Users/gunn.kim/Library/Developer/Xcode/DerivedData/BobCamAgent-elvzdrtgzbztmwhjwnkkxvaocirp/Build/Intermediates.noindex/ArchiveIntermediates/BobCamAgent/IntermediateBuildFilesPath/BobCamAgent.build/Debug-iphoneos/BobCamAgent.build/BobCamAgent-project-headers.hmap

WriteAuxiliaryFile /Users/gunn.kim/Library/Developer/Xcode/DerivedData/BobCamAgent-elvzdrtgzbztmwhjwnkkxvaocirp/Build/Intermediates.noindex/ArchiveIntermediates/BobCamAgent/IntermediateBuildFilesPath/BobCamAgent.build/Debug-iphoneos/BobCamAgent.build/BobCamAgent-own-target-headers.hmap (in target 'BobCamAgent' from project 'BobCamAgent')
    cd /Users/gunn.kim/study/BobCam/BobCam-iOS/BobCamAgent
    write-file /Users/gunn.kim/Library/Developer/Xcode/DerivedData/BobCamAgent-elvzdrtgzbztmwhjwnkkxvaocirp/Build/Intermediates.noindex/ArchiveIntermediates/BobCamAgent/IntermediateBuildFilesPath/BobCamAgent.build/Debug-iphoneos/BobCamAgent.build/BobCamAgent-own-target-headers.hmap

WriteAuxiliaryFile /Users/gunn.kim/Library/Developer/Xcode/DerivedData/BobCamAgent-elvzdrtgzbztmwhjwnkkxvaocirp/Build/Intermediates.noindex/ArchiveIntermediates/BobCamAgent/IntermediateBuildFilesPath/BobCamAgent.build/Debug-iphoneos/BobCamAgent.build/BobCamAgent-generated-files.hmap (in target 'BobCamAgent' from project 'BobCamAgent')
    cd /Users/gunn.kim/study/BobCam/BobCam-iOS/BobCamAgent
    write-file /Users/gunn.kim/Library/Developer/Xcode/DerivedData/BobCamAgent-elvzdrtgzbztmwhjwnkkxvaocirp/Build/Intermediates.noindex/ArchiveIntermediates/BobCamAgent/IntermediateBuildFilesPath/BobCamAgent.build/Debug-iphoneos/BobCamAgent.build/BobCamAgent-generated-files.hmap

WriteAuxiliaryFile /Users/gunn.kim/Library/Developer/Xcode/DerivedData/BobCamAgent-elvzdrtgzbztmwhjwnkkxvaocirp/Build/Intermediates.noindex/ArchiveIntermediates/BobCamAgent/IntermediateBuildFilesPath/BobCamAgent.build/Debug-iphoneos/BobCamAgent.build/BobCamAgent-all-non-framework-target-headers.hmap (in target 'BobCamAgent' from project 'BobCamAgent')
    cd /Users/gunn.kim/study/BobCam/BobCam-iOS/BobCamAgent
    write-file /Users/gunn.kim/Library/Developer/Xcode/DerivedData/BobCamAgent-elvzdrtgzbztmwhjwnkkxvaocirp/Build/Intermediates.noindex/ArchiveIntermediates/BobCamAgent/IntermediateBuildFilesPath/BobCamAgent.build/Debug-iphoneos/BobCamAgent.build/BobCamAgent-all-non-framework-target-headers.hmap

Copy /Users/gunn.kim/Library/Developer/Xcode/DerivedData/BobCamAgent-elvzdrtgzbztmwhjwnkkxvaocirp/Build/Intermediates.noindex/ArchiveIntermediates/BobCamAgent/IntermediateBuildFilesPath/UninstalledProducts/iphoneos/Pods_BobCamAgent.framework/Modules/module.modulemap /Users/gunn.kim/Library/Developer/Xcode/DerivedData/BobCamAgent-elvzdrtgzbztmwhjwnkkxvaocirp/Build/Intermediates.noindex/ArchiveIntermediates/BobCamAgent/IntermediateBuildFilesPath/Pods.build/Debug-iphoneos/Pods-BobCamAgent.build/module.modulemap (in target 'Pods-BobCamAgent' from project 'Pods')
    cd /Users/gunn.kim/study/BobCam/BobCam-iOS/BobCamAgent/Pods
    builtin-copy -exclude .DS_Store -exclude CVS -exclude .svn -exclude .git -exclude .hg -resolve-src-symlinks /Users/gunn.kim/Library/Developer/Xcode/DerivedData/BobCamAgent-elvzdrtgzbztmwhjwnkkxvaocirp/Build/Intermediates.noindex/ArchiveIntermediates/BobCamAgent/IntermediateBuildFilesPath/Pods.build/Debug-iphoneos/Pods-BobCamAgent.build/module.modulemap /Users/gunn.kim/Library/Developer/Xcode/DerivedData/BobCamAgent-elvzdrtgzbztmwhjwnkkxvaocirp/Build/Intermediates.noindex/ArchiveIntermediates/BobCamAgent/IntermediateBuildFilesPath/UninstalledProducts/iphoneos/Pods_BobCamAgent.framework/Modules

WriteAuxiliaryFile /Users/gunn.kim/Library/Developer/Xcode/DerivedData/BobCamAgent-elvzdrtgzbztmwhjwnkkxvaocirp/Build/Intermediates.noindex/ArchiveIntermediates/BobCamAgent/IntermediateBuildFilesPath/BobCamAgent.build/Debug-iphoneos/BobCamAgent.build/BobCamAgent-all-target-headers.hmap (in target 'BobCamAgent' from project 'BobCamAgent')
    cd /Users/gunn.kim/study/BobCam/BobCam-iOS/BobCamAgent
    write-file /Users/gunn.kim/Library/Developer/Xcode/DerivedData/BobCamAgent-elvzdrtgzbztmwhjwnkkxvaocirp/Build/Intermediates.noindex/ArchiveIntermediates/BobCamAgent/IntermediateBuildFilesPath/BobCamAgent.build/Debug-iphoneos/BobCamAgent.build/BobCamAgent-all-target-headers.hmap

SymLink /Users/gunn.kim/Library/Developer/Xcode/DerivedData/BobCamAgent-elvzdrtgzbztmwhjwnkkxvaocirp/Build/Intermediates.noindex/ArchiveIntermediates/BobCamAgent/BuildProductsPath/Debug-iphoneos/Pods_BobCamAgent.framework ../../IntermediateBuildFilesPath/UninstalledProducts/iphoneos/Pods_BobCamAgent.framework (in target 'Pods-BobCamAgent' from project 'Pods')
    cd /Users/gunn.kim/study/BobCam/BobCam-iOS/BobCamAgent/Pods
    /bin/ln -sfh ../../IntermediateBuildFilesPath/UninstalledProducts/iphoneos/Pods_BobCamAgent.framework /Users/gunn.kim/Library/Developer/Xcode/DerivedData/BobCamAgent-elvzdrtgzbztmwhjwnkkxvaocirp/Build/Intermediates.noindex/ArchiveIntermediates/BobCamAgent/BuildProductsPath/Debug-iphoneos/Pods_BobCamAgent.framework

MkDir /Users/gunn.kim/Library/Developer/Xcode/DerivedData/BobCamAgent-elvzdrtgzbztmwhjwnkkxvaocirp/Build/Intermediates.noindex/ArchiveIntermediates/BobCamAgent/IntermediateBuildFilesPath/UninstalledProducts/iphoneos/Pods_BobCamAgent.framework/Headers (in target 'Pods-BobCamAgent' from project 'Pods')
    cd /Users/gunn.kim/study/BobCam/BobCam-iOS/BobCamAgent/Pods
    /bin/mkdir -p /Users/gunn.kim/Library/Developer/Xcode/DerivedData/BobCamAgent-elvzdrtgzbztmwhjwnkkxvaocirp/Build/Intermediates.noindex/ArchiveIntermediates/BobCamAgent/IntermediateBuildFilesPath/UninstalledProducts/iphoneos/Pods_BobCamAgent.framework/Headers

MkDir /Users/gunn.kim/Library/Developer/Xcode/DerivedData/BobCamAgent-elvzdrtgzbztmwhjwnkkxvaocirp/Build/Intermediates.noindex/ArchiveIntermediates/BobCamAgent/IntermediateBuildFilesPath/UninstalledProducts/iphoneos/Pods_BobCamAgent.framework (in target 'Pods-BobCamAgent' from project 'Pods')
    cd /Users/gunn.kim/study/BobCam/BobCam-iOS/BobCamAgent/Pods
    /bin/mkdir -p /Users/gunn.kim/Library/Developer/Xcode/DerivedData/BobCamAgent-elvzdrtgzbztmwhjwnkkxvaocirp/Build/Intermediates.noindex/ArchiveIntermediates/BobCamAgent/IntermediateBuildFilesPath/UninstalledProducts/iphoneos/Pods_BobCamAgent.framework

SymLink /Users/gunn.kim/Library/Developer/Xcode/DerivedData/BobCamAgent-elvzdrtgzbztmwhjwnkkxvaocirp/Build/Intermediates.noindex/ArchiveIntermediates/BobCamAgent/BuildProductsPath/Debug-iphoneos/BobCamAgent.app ../../InstallationBuildProductsLocation/Applications/BobCamAgent.app (in target 'BobCamAgent' from project 'BobCamAgent')
    cd /Users/gunn.kim/study/BobCam/BobCam-iOS/BobCamAgent
    /bin/ln -sfh ../../InstallationBuildProductsLocation/Applications/BobCamAgent.app /Users/gunn.kim/Library/Developer/Xcode/DerivedData/BobCamAgent-elvzdrtgzbztmwhjwnkkxvaocirp/Build/Intermediates.noindex/ArchiveIntermediates/BobCamAgent/BuildProductsPath/Debug-iphoneos/BobCamAgent.app

MkDir /Users/gunn.kim/Library/Developer/Xcode/DerivedData/BobCamAgent-elvzdrtgzbztmwhjwnkkxvaocirp/Build/Intermediates.noindex/ArchiveIntermediates/BobCamAgent/InstallationBuildProductsLocation/Applications/BobCamAgent.app (in target 'BobCamAgent' from project 'BobCamAgent')
    cd /Users/gunn.kim/study/BobCam/BobCam-iOS/BobCamAgent
    /bin/mkdir -p /Users/gunn.kim/Library/Developer/Xcode/DerivedData/BobCamAgent-elvzdrtgzbztmwhjwnkkxvaocirp/Build/Intermediates.noindex/ArchiveIntermediates/BobCamAgent/InstallationBuildProductsLocation/Applications/BobCamAgent.app

ProcessInfoPlistFile /Users/gunn.kim/Library/Developer/Xcode/DerivedData/BobCamAgent-elvzdrtgzbztmwhjwnkkxvaocirp/Build/Intermediates.noindex/ArchiveIntermediates/BobCamAgent/IntermediateBuildFilesPath/UninstalledProducts/iphoneos/Pods_BobCamAgent.framework/Info.plist /Users/gunn.kim/study/BobCam/BobCam-iOS/BobCamAgent/Pods/Target\ Support\ Files/Pods-BobCamAgent/Pods-BobCamAgent-Info.plist (in target 'Pods-BobCamAgent' from project 'Pods')
    cd /Users/gunn.kim/study/BobCam/BobCam-iOS/BobCamAgent/Pods
    builtin-infoPlistUtility /Users/gunn.kim/study/BobCam/BobCam-iOS/BobCamAgent/Pods/Target\ Support\ Files/Pods-BobCamAgent/Pods-BobCamAgent-Info.plist -producttype com.apple.product-type.framework -expandbuildsettings -format binary -platform iphoneos -requiredArchitecture arm64 -o /Users/gunn.kim/Library/Developer/Xcode/DerivedData/BobCamAgent-elvzdrtgzbztmwhjwnkkxvaocirp/Build/Intermediates.noindex/ArchiveIntermediates/BobCamAgent/IntermediateBuildFilesPath/UninstalledProducts/iphoneos/Pods_BobCamAgent.framework/Info.plist

ProcessProductPackaging /Users/gunn.kim/Library/Developer/Xcode/UserData/Provisioning\ Profiles/6b32fc7f-1ec8-4dba-98f7-119db86d75f1.mobileprovision /Users/gunn.kim/Library/Developer/Xcode/DerivedData/BobCamAgent-elvzdrtgzbztmwhjwnkkxvaocirp/Build/Intermediates.noindex/ArchiveIntermediates/BobCamAgent/InstallationBuildProductsLocation/Applications/BobCamAgent.app/embedded.mobileprovision (in target 'BobCamAgent' from project 'BobCamAgent')
    cd /Users/gunn.kim/study/BobCam/BobCam-iOS/BobCamAgent
    builtin-productPackagingUtility /Users/gunn.kim/Library/Developer/Xcode/UserData/Provisioning\ Profiles/6b32fc7f-1ec8-4dba-98f7-119db86d75f1.mobileprovision -o /Users/gunn.kim/Library/Developer/Xcode/DerivedData/BobCamAgent-elvzdrtgzbztmwhjwnkkxvaocirp/Build/Intermediates.noindex/ArchiveIntermediates/BobCamAgent/InstallationBuildProductsLocation/Applications/BobCamAgent.app/embedded.mobileprovision

ProcessProductPackaging "" /Users/gunn.kim/Library/Developer/Xcode/DerivedData/BobCamAgent-elvzdrtgzbztmwhjwnkkxvaocirp/Build/Intermediates.noindex/ArchiveIntermediates/BobCamAgent/IntermediateBuildFilesPath/BobCamAgent.build/Debug-iphoneos/BobCamAgent.build/BobCamAgent.app.xcent (in target 'BobCamAgent' from project 'BobCamAgent')
    cd /Users/gunn.kim/study/BobCam/BobCam-iOS/BobCamAgent
    
    Entitlements:
    
    {
    "application-identifier" = "DF494HR686.com.bobcam.ios.app";
    "com.apple.developer.team-identifier" = DF494HR686;
    "get-task-allow" = 1;
}
    
    builtin-productPackagingUtility -entitlements -format xml -o /Users/gunn.kim/Library/Developer/Xcode/DerivedData/BobCamAgent-elvzdrtgzbztmwhjwnkkxvaocirp/Build/Intermediates.noindex/ArchiveIntermediates/BobCamAgent/IntermediateBuildFilesPath/BobCamAgent.build/Debug-iphoneos/BobCamAgent.build/BobCamAgent.app.xcent

ProcessProductPackagingDER /Users/gunn.kim/Library/Developer/Xcode/DerivedData/BobCamAgent-elvzdrtgzbztmwhjwnkkxvaocirp/Build/Intermediates.noindex/ArchiveIntermediates/BobCamAgent/IntermediateBuildFilesPath/BobCamAgent.build/Debug-iphoneos/BobCamAgent.build/BobCamAgent.app.xcent /Users/gunn.kim/Library/Developer/Xcode/DerivedData/BobCamAgent-elvzdrtgzbztmwhjwnkkxvaocirp/Build/Intermediates.noindex/ArchiveIntermediates/BobCamAgent/IntermediateBuildFilesPath/BobCamAgent.build/Debug-iphoneos/BobCamAgent.build/BobCamAgent.app.xcent.der (in target 'BobCamAgent' from project 'BobCamAgent')
    cd /Users/gunn.kim/study/BobCam/BobCam-iOS/BobCamAgent
    /usr/bin/derq query -f xml -i /Users/gunn.kim/Library/Developer/Xcode/DerivedData/BobCamAgent-elvzdrtgzbztmwhjwnkkxvaocirp/Build/Intermediates.noindex/ArchiveIntermediates/BobCamAgent/IntermediateBuildFilesPath/BobCamAgent.build/Debug-iphoneos/BobCamAgent.build/BobCamAgent.app.xcent -o /Users/gunn.kim/Library/Developer/Xcode/DerivedData/BobCamAgent-elvzdrtgzbztmwhjwnkkxvaocirp/Build/Intermediates.noindex/ArchiveIntermediates/BobCamAgent/IntermediateBuildFilesPath/BobCamAgent.build/Debug-iphoneos/BobCamAgent.build/BobCamAgent.app.xcent.der --raw

PhaseScriptExecution [CP]\ Check\ Pods\ Manifest.lock /Users/gunn.kim/Library/Developer/Xcode/DerivedData/BobCamAgent-elvzdrtgzbztmwhjwnkkxvaocirp/Build/Intermediates.noindex/ArchiveIntermediates/BobCamAgent/IntermediateBuildFilesPath/BobCamAgent.build/Debug-iphoneos/BobCamAgent.build/Script-15EAECB89F70FD456E8DD2B0.sh (in target 'BobCamAgent' from project 'BobCamAgent')
    cd /Users/gunn.kim/study/BobCam/BobCam-iOS/BobCamAgent
    /usr/bin/sandbox-exec -D SCRIPT_OUTPUT_FILE_0\=/Users/gunn.kim/Library/Developer/Xcode/DerivedData/BobCamAgent-elvzdrtgzbztmwhjwnkkxvaocirp/Build/Intermediates.noindex/ArchiveIntermediates/BobCamAgent/IntermediateBuildFilesPath/BobCamAgent.build/Debug-iphoneos/BobCamAgent.build/DerivedSources/Pods-BobCamAgent-checkManifestLockResult.txt -D SCRIPT_INPUT_FILE_0\=/Users/gunn.kim/study/BobCam/BobCam-iOS/BobCamAgent/Podfile.lock -D SCRIPT_INPUT_FILE_1\=/Users/gunn.kim/study/BobCam/BobCam-iOS/BobCamAgent/Pods/Manifest.lock -D SCRIPT_INPUT_FILE_2\=/Users/gunn.kim/Library/Developer/Xcode/DerivedData/BobCamAgent-elvzdrtgzbztmwhjwnkkxvaocirp/Build/Intermediates.noindex/ArchiveIntermediates/BobCamAgent/IntermediateBuildFilesPath/BobCamAgent.build/Debug-iphoneos/BobCamAgent.build/Script-15EAECB89F70FD456E8DD2B0.sh -D SCRIPT_INPUT_ANCESTOR_0\=/ -D SCRIPT_INPUT_ANCESTOR_1\=/Users -D SCRIPT_INPUT_ANCESTOR_2\=/Users/gunn.kim -D SCRIPT_INPUT_ANCESTOR_3\=/Users/gunn.kim/Library -D SCRIPT_INPUT_ANCESTOR_4\=/Users/gunn.kim/Library/Developer -D SCRIPT_INPUT_ANCESTOR_5\=/Users/gunn.kim/Library/Developer/Xcode -D SCRIPT_INPUT_ANCESTOR_6\=/Users/gunn.kim/Library/Developer/Xcode/DerivedData -D SCRIPT_INPUT_ANCESTOR_7\=/Users/gunn.kim/Library/Developer/Xcode/DerivedData/BobCamAgent-elvzdrtgzbztmwhjwnkkxvaocirp -D SCRIPT_INPUT_ANCESTOR_8\=/Users/gunn.kim/Library/Developer/Xcode/DerivedData/BobCamAgent-elvzdrtgzbztmwhjwnkkxvaocirp/Build -D SCRIPT_INPUT_ANCESTOR_9\=/Users/gunn.kim/Library/Developer/Xcode/DerivedData/BobCamAgent-elvzdrtgzbztmwhjwnkkxvaocirp/Build/Intermediates.noindex -D SCRIPT_INPUT_ANCESTOR_10\=/Users/gunn.kim/Library/Developer/Xcode/DerivedData/BobCamAgent-elvzdrtgzbztmwhjwnkkxvaocirp/Build/Intermediates.noindex/ArchiveIntermediates -D SCRIPT_INPUT_ANCESTOR_11\=/Users/gunn.kim/Library/Developer/Xcode/DerivedData/BobCamAgent-elvzdrtgzbztmwhjwnkkxvaocirp/Build/Intermediates.noindex/ArchiveIntermediates/BobCamAgent -D SCRIPT_INPUT_ANCESTOR_12\=/Users/gunn.kim/Library/Developer/Xcode/DerivedData/BobCamAgent-elvzdrtgzbztmwhjwnkkxvaocirp/Build/Intermediates.noindex/ArchiveIntermediates/BobCamAgent/IntermediateBuildFilesPath -D SCRIPT_INPUT_ANCESTOR_13\=/Users/gunn.kim/Library/Developer/Xcode/DerivedData/BobCamAgent-elvzdrtgzbztmwhjwnkkxvaocirp/Build/Intermediates.noindex/ArchiveIntermediates/BobCamAgent/IntermediateBuildFilesPath/BobCamAgent.build -D SCRIPT_INPUT_ANCESTOR_14\=/Users/gunn.kim/Library/Developer/Xcode/DerivedData/BobCamAgent-elvzdrtgzbztmwhjwnkkxvaocirp/Build/Intermediates.noindex/ArchiveIntermediates/BobCamAgent/IntermediateBuildFilesPath/BobCamAgent.build/Debug-iphoneos -D SCRIPT_INPUT_ANCESTOR_15\=/Users/gunn.kim/Library/Developer/Xcode/DerivedData/BobCamAgent-elvzdrtgzbztmwhjwnkkxvaocirp/Build/Intermediates.noindex/ArchiveIntermediates/BobCamAgent/IntermediateBuildFilesPath/BobCamAgent.build/Debug-iphoneos/BobCamAgent.build -D SCRIPT_INPUT_ANCESTOR_16\=/Users/gunn.kim/study -D SCRIPT_INPUT_ANCESTOR_17\=/Users/gunn.kim/study/BobCam -D SCRIPT_INPUT_ANCESTOR_18\=/Users/gunn.kim/study/BobCam/BobCam-iOS -D SCRIPT_INPUT_ANCESTOR_19\=/Users/gunn.kim/study/BobCam/BobCam-iOS/BobCamAgent -D SCRIPT_INPUT_ANCESTOR_20\=/Users/gunn.kim/study/BobCam/BobCam-iOS/BobCamAgent/Pods -D SCRIPT_OUTPUT_ANCESTOR_0\=/ -D SCRIPT_OUTPUT_ANCESTOR_1\=/Users -D SCRIPT_OUTPUT_ANCESTOR_2\=/Users/gunn.kim -D SCRIPT_OUTPUT_ANCESTOR_3\=/Users/gunn.kim/Library -D SCRIPT_OUTPUT_ANCESTOR_4\=/Users/gunn.kim/Library/Developer -D SCRIPT_OUTPUT_ANCESTOR_5\=/Users/gunn.kim/Library/Developer/Xcode -D SCRIPT_OUTPUT_ANCESTOR_6\=/Users/gunn.kim/Library/Developer/Xcode/DerivedData -D SCRIPT_OUTPUT_ANCESTOR_7\=/Users/gunn.kim/Library/Developer/Xcode/DerivedData/BobCamAgent-elvzdrtgzbztmwhjwnkkxvaocirp -D SCRIPT_OUTPUT_ANCESTOR_8\=/Users/gunn.kim/Library/Developer/Xcode/DerivedData/BobCamAgent-elvzdrtgzbztmwhjwnkkxvaocirp/Build -D SCRIPT_OUTPUT_ANCESTOR_9\=/Users/gunn.kim/Library/Developer/Xcode/DerivedData/BobCamAgent-elvzdrtgzbztmwhjwnkkxvaocirp/Build/Intermediates.noindex -D SCRIPT_OUTPUT_ANCESTOR_10\=/Users/gunn.kim/Library/Developer/Xcode/DerivedData/BobCamAgent-elvzdrtgzbztmwhjwnkkxvaocirp/Build/Intermediates.noindex/ArchiveIntermediates -D SCRIPT_OUTPUT_ANCESTOR_11\=/Users/gunn.kim/Library/Developer/Xcode/DerivedData/BobCamAgent-elvzdrtgzbztmwhjwnkkxvaocirp/Build/Intermediates.noindex/ArchiveIntermediates/BobCamAgent -D SCRIPT_OUTPUT_ANCESTOR_12\=/Users/gunn.kim/Library/Developer/Xcode/DerivedData/BobCamAgent-elvzdrtgzbztmwhjwnkkxvaocirp/Build/Intermediates.noindex/ArchiveIntermediates/BobCamAgent/IntermediateBuildFilesPath -D SCRIPT_OUTPUT_ANCESTOR_13\=/Users/gunn.kim/Library/Developer/Xcode/DerivedData/BobCamAgent-elvzdrtgzbztmwhjwnkkxvaocirp/Build/Intermediates.noindex/ArchiveIntermediates/BobCamAgent/IntermediateBuildFilesPath/BobCamAgent.build -D SCRIPT_OUTPUT_ANCESTOR_14\=/Users/gunn.kim/Library/Developer/Xcode/DerivedData/BobCamAgent-elvzdrtgzbztmwhjwnkkxvaocirp/Build/Intermediates.noindex/ArchiveIntermediates/BobCamAgent/IntermediateBuildFilesPath/BobCamAgent.build/Debug-iphoneos -D SCRIPT_OUTPUT_ANCESTOR_15\=/Users/gunn.kim/Library/Developer/Xcode/DerivedData/BobCamAgent-elvzdrtgzbztmwhjwnkkxvaocirp/Build/Intermediates.noindex/ArchiveIntermediates/BobCamAgent/IntermediateBuildFilesPath/BobCamAgent.build/Debug-iphoneos/BobCamAgent.build -D SCRIPT_OUTPUT_ANCESTOR_16\=/Users/gunn.kim/Library/Developer/Xcode/DerivedData/BobCamAgent-elvzdrtgzbztmwhjwnkkxvaocirp/Build/Intermediates.noindex/ArchiveIntermediates/BobCamAgent/IntermediateBuildFilesPath/BobCamAgent.build/Debug-iphoneos/BobCamAgent.build/DerivedSources -D SRCROOT\=/Users/gunn.kim/study/BobCam/BobCam-iOS/BobCamAgent -D PROJECT_DIR\=/Users/gunn.kim/study/BobCam/BobCam-iOS/BobCamAgent -D OBJROOT\=/Users/gunn.kim/Library/Developer/Xcode/DerivedData/BobCamAgent-elvzdrtgzbztmwhjwnkkxvaocirp/Build/Intermediates.noindex/ArchiveIntermediates/BobCamAgent/IntermediateBuildFilesPath -D SYMROOT\=/Users/gunn.kim/Library/Developer/Xcode/DerivedData/BobCamAgent-elvzdrtgzbztmwhjwnkkxvaocirp/Build/Intermediates.noindex/ArchiveIntermediates/BobCamAgent/BuildProductsPath -D DSTROOT\=/Users/gunn.kim/Library/Developer/Xcode/DerivedData/BobCamAgent-elvzdrtgzbztmwhjwnkkxvaocirp/Build/Intermediates.noindex/ArchiveIntermediates/BobCamAgent/InstallationBuildProductsLocation -D SHARED_PRECOMPS_DIR\=/Users/gunn.kim/Library/Developer/Xcode/DerivedData/BobCamAgent-elvzdrtgzbztmwhjwnkkxvaocirp/Build/Intermediates.noindex/ArchiveIntermediates/BobCamAgent/PrecompiledHeaders -D CACHE_ROOT\=/var/folders/f_/zhyycd_j1pxc_j4vkz7gf34w0000gn/C/com.apple.DeveloperTools/16.4-16F6/Xcode -D CONFIGURATION_BUILD_DIR\=/Users/gunn.kim/Library/Developer/Xcode/DerivedData/BobCamAgent-elvzdrtgzbztmwhjwnkkxvaocirp/Build/Intermediates.noindex/ArchiveIntermediates/BobCamAgent/BuildProductsPath/Debug-iphoneos -D CONFIGURATION_TEMP_DIR\=/Users/gunn.kim/Library/Developer/Xcode/DerivedData/BobCamAgent-elvzdrtgzbztmwhjwnkkxvaocirp/Build/Intermediates.noindex/ArchiveIntermediates/BobCamAgent/IntermediateBuildFilesPath/BobCamAgent.build/Debug-iphoneos -D LOCROOT\=/Users/gunn.kim/study/BobCam/BobCam-iOS/BobCamAgent -D LOCSYMROOT\=/Users/gunn.kim/study/BobCam/BobCam-iOS/BobCamAgent -D INDEX_PRECOMPS_DIR\=/Users/gunn.kim/Library/Developer/Xcode/DerivedData/BobCamAgent-elvzdrtgzbztmwhjwnkkxvaocirp/Index.noindex/PrecompiledHeaders -D INDEX_DATA_STORE_DIR\=/Users/gunn.kim/Library/Developer/Xcode/DerivedData/BobCamAgent-elvzdrtgzbztmwhjwnkkxvaocirp/Index.noindex/DataStore -D TEMP_DIR\=/Users/gunn.kim/Library/Developer/Xcode/DerivedData/BobCamAgent-elvzdrtgzbztmwhjwnkkxvaocirp/Build/Intermediates.noindex/ArchiveIntermediates/BobCamAgent/IntermediateBuildFilesPath/BobCamAgent.build/Debug-iphoneos/BobCamAgent.build -D TARGET_TEMP_DIR\=/Users/gunn.kim/Library/Developer/Xcode/DerivedData/BobCamAgent-elvzdrtgzbztmwhjwnkkxvaocirp/Build/Intermediates.noindex/ArchiveIntermediates/BobCamAgent/IntermediateBuildFilesPath/BobCamAgent.build/Debug-iphoneos/BobCamAgent.build -D DERIVED_FILE_DIR\=/Users/gunn.kim/Library/Developer/Xcode/DerivedData/BobCamAgent-elvzdrtgzbztmwhjwnkkxvaocirp/Build/Intermediates.noindex/ArchiveIntermediates/BobCamAgent/IntermediateBuildFilesPath/BobCamAgent.build/Debug-iphoneos/BobCamAgent.build/DerivedSources -f /Users/gunn.kim/Library/Developer/Xcode/DerivedData/BobCamAgent-elvzdrtgzbztmwhjwnkkxvaocirp/Build/Intermediates.noindex/ArchiveIntermediates/BobCamAgent/IntermediateBuildFilesPath/BobCamAgent.build/Debug-iphoneos/BobCamAgent.build/d59d2221d6c52944e2ca7406f916b64b.sb /bin/sh -c /Users/gunn.kim/Library/Developer/Xcode/DerivedData/BobCamAgent-elvzdrtgzbztmwhjwnkkxvaocirp/Build/Intermediates.noindex/ArchiveIntermediates/BobCamAgent/IntermediateBuildFilesPath/BobCamAgent.build/Debug-iphoneos/BobCamAgent.build/Script-15EAECB89F70FD456E8DD2B0.sh

ScanDependencies /Users/gunn.kim/Library/Developer/Xcode/DerivedData/BobCamAgent-elvzdrtgzbztmwhjwnkkxvaocirp/Build/Intermediates.noindex/ArchiveIntermediates/BobCamAgent/IntermediateBuildFilesPath/Pods.build/Debug-iphoneos/Pods-BobCamAgent.build/Objects-normal/arm64/Pods_BobCamAgent_vers.o /Users/gunn.kim/Library/Developer/Xcode/DerivedData/BobCamAgent-elvzdrtgzbztmwhjwnkkxvaocirp/Build/Intermediates.noindex/ArchiveIntermediates/BobCamAgent/IntermediateBuildFilesPath/Pods.build/Debug-iphoneos/Pods-BobCamAgent.build/DerivedSources/Pods_BobCamAgent_vers.c normal arm64 c com.apple.compilers.llvm.clang.1_0.compiler (in target 'Pods-BobCamAgent' from project 'Pods')
    cd /Users/gunn.kim/study/BobCam/BobCam-iOS/BobCamAgent/Pods
    
    Using response file: /Users/gunn.kim/Library/Developer/Xcode/DerivedData/BobCamAgent-elvzdrtgzbztmwhjwnkkxvaocirp/Build/Intermediates.noindex/ArchiveIntermediates/BobCamAgent/IntermediateBuildFilesPath/Pods.build/Debug-iphoneos/Pods-BobCamAgent.build/Objects-normal/arm64/7187679823f38a2a940e0043cdf9d637-common-args.resp
    
    builtin-ScanDependencies -o /Users/gunn.kim/Library/Developer/Xcode/DerivedData/BobCamAgent-elvzdrtgzbztmwhjwnkkxvaocirp/Build/Intermediates.noindex/ArchiveIntermediates/BobCamAgent/IntermediateBuildFilesPath/Pods.build/Debug-iphoneos/Pods-BobCamAgent.build/Objects-normal/arm64/Pods_BobCamAgent_vers.o.scan -- /Applications/Xcode.app/Contents/Developer/Toolchains/XcodeDefault.xctoolchain/usr/bin/clang -x c -ivfsstatcache /Users/gunn.kim/Library/Developer/Xcode/DerivedData/SDKStatCaches.noindex/iphoneos18.5-22F76-7fa4eea80a99bbfdc046826b63ec4baf.sdkstatcache -fmessage-length\=0 -fdiagnostics-show-note-include-stack -fmacro-backtrace-limit\=0 -fno-color-diagnostics -fmodules-prune-interval\=86400 -fmodules-prune-after\=345600 -fbuild-session-file\=/Users/gunn.kim/Library/Developer/Xcode/DerivedData/ModuleCache.noindex/Session.modulevalidation -fmodules-validate-once-per-build-session -Wnon-modular-include-in-framework-module -Werror\=non-modular-include-in-framework-module -Wno-trigraphs -Wno-missing-field-initializers -Wno-missing-prototypes -Werror\=return-type -Wdocumentation -Wunreachable-code -Werror\=deprecated-objc-isa-usage -Werror\=objc-root-class -Wno-missing-braces -Wparentheses -Wswitch -Wunused-function -Wno-unused-label -Wno-unused-parameter -Wunused-variable -Wunused-value -Wempty-body -Wuninitialized -Wconditional-uninitialized -Wno-unknown-pragmas -Wno-shadow -Wno-four-char-constants -Wno-conversion -Wconstant-conversion -Wint-conversion -Wbool-conversion -Wenum-conversion -Wno-float-conversion -Wnon-literal-null-conversion -Wobjc-literal-conversion -Wshorten-64-to-32 -Wpointer-sign -Wno-newline-eof -Wno-implicit-fallthrough -fstrict-aliasing -Wdeprecated-declarations -Wno-sign-conversion -Winfinite-recursion -Wcomma -Wblock-capture-autoreleasing -Wstrict-prototypes -Wno-semicolon-before-method-body -Wunguarded-availability @/Users/gunn.kim/Library/Developer/Xcode/DerivedData/BobCamAgent-elvzdrtgzbztmwhjwnkkxvaocirp/Build/Intermediates.noindex/ArchiveIntermediates/BobCamAgent/IntermediateBuildFilesPath/Pods.build/Debug-iphoneos/Pods-BobCamAgent.build/Objects-normal/arm64/7187679823f38a2a940e0043cdf9d637-common-args.resp -MMD -MT dependencies -MF /Users/gunn.kim/Library/Developer/Xcode/DerivedData/BobCamAgent-elvzdrtgzbztmwhjwnkkxvaocirp/Build/Intermediates.noindex/ArchiveIntermediates/BobCamAgent/IntermediateBuildFilesPath/Pods.build/Debug-iphoneos/Pods-BobCamAgent.build/Objects-normal/arm64/Pods_BobCamAgent_vers.d --serialize-diagnostics /Users/gunn.kim/Library/Developer/Xcode/DerivedData/BobCamAgent-elvzdrtgzbztmwhjwnkkxvaocirp/Build/Intermediates.noindex/ArchiveIntermediates/BobCamAgent/IntermediateBuildFilesPath/Pods.build/Debug-iphoneos/Pods-BobCamAgent.build/Objects-normal/arm64/Pods_BobCamAgent_vers.dia -c /Users/gunn.kim/Library/Developer/Xcode/DerivedData/BobCamAgent-elvzdrtgzbztmwhjwnkkxvaocirp/Build/Intermediates.noindex/ArchiveIntermediates/BobCamAgent/IntermediateBuildFilesPath/Pods.build/Debug-iphoneos/Pods-BobCamAgent.build/DerivedSources/Pods_BobCamAgent_vers.c -o /Users/gunn.kim/Library/Developer/Xcode/DerivedData/BobCamAgent-elvzdrtgzbztmwhjwnkkxvaocirp/Build/Intermediates.noindex/ArchiveIntermediates/BobCamAgent/IntermediateBuildFilesPath/Pods.build/Debug-iphoneos/Pods-BobCamAgent.build/Objects-normal/arm64/Pods_BobCamAgent_vers.o

ScanDependencies /Users/gunn.kim/Library/Developer/Xcode/DerivedData/BobCamAgent-elvzdrtgzbztmwhjwnkkxvaocirp/Build/Intermediates.noindex/ArchiveIntermediates/BobCamAgent/IntermediateBuildFilesPath/Pods.build/Debug-iphoneos/Pods-BobCamAgent.build/Objects-normal/arm64/Pods-BobCamAgent-dummy.o /Users/gunn.kim/study/BobCam/BobCam-iOS/BobCamAgent/Pods/Target\ Support\ Files/Pods-BobCamAgent/Pods-BobCamAgent-dummy.m normal arm64 objective-c com.apple.compilers.llvm.clang.1_0.compiler (in target 'Pods-BobCamAgent' from project 'Pods')
    cd /Users/gunn.kim/study/BobCam/BobCam-iOS/BobCamAgent/Pods
    
    Using response file: /Users/gunn.kim/Library/Developer/Xcode/DerivedData/BobCamAgent-elvzdrtgzbztmwhjwnkkxvaocirp/Build/Intermediates.noindex/ArchiveIntermediates/BobCamAgent/IntermediateBuildFilesPath/Pods.build/Debug-iphoneos/Pods-BobCamAgent.build/Objects-normal/arm64/e6072d4f65d7061329687fe24e3d63a7-common-args.resp
    
    builtin-ScanDependencies -o /Users/gunn.kim/Library/Developer/Xcode/DerivedData/BobCamAgent-elvzdrtgzbztmwhjwnkkxvaocirp/Build/Intermediates.noindex/ArchiveIntermediates/BobCamAgent/IntermediateBuildFilesPath/Pods.build/Debug-iphoneos/Pods-BobCamAgent.build/Objects-normal/arm64/Pods-BobCamAgent-dummy.o.scan -- /Applications/Xcode.app/Contents/Developer/Toolchains/XcodeDefault.xctoolchain/usr/bin/clang -x objective-c -ivfsstatcache /Users/gunn.kim/Library/Developer/Xcode/DerivedData/SDKStatCaches.noindex/iphoneos18.5-22F76-7fa4eea80a99bbfdc046826b63ec4baf.sdkstatcache -fmessage-length\=0 -fdiagnostics-show-note-include-stack -fmacro-backtrace-limit\=0 -fno-color-diagnostics -fmodules-prune-interval\=86400 -fmodules-prune-after\=345600 -fbuild-session-file\=/Users/gunn.kim/Library/Developer/Xcode/DerivedData/ModuleCache.noindex/Session.modulevalidation -fmodules-validate-once-per-build-session -Wnon-modular-include-in-framework-module -Werror\=non-modular-include-in-framework-module -Wno-trigraphs -Wno-missing-field-initializers -Wno-missing-prototypes -Werror\=return-type -Wdocumentation -Wunreachable-code -Wno-implicit-atomic-properties -Werror\=deprecated-objc-isa-usage -Wno-objc-interface-ivars -Werror\=objc-root-class -Wno-arc-repeated-use-of-weak -Wimplicit-retain-self -Wduplicate-method-match -Wno-missing-braces -Wparentheses -Wswitch -Wunused-function -Wno-unused-label -Wno-unused-parameter -Wunused-variable -Wunused-value -Wempty-body -Wuninitialized -Wconditional-uninitialized -Wno-unknown-pragmas -Wno-shadow -Wno-four-char-constants -Wno-conversion -Wconstant-conversion -Wint-conversion -Wbool-conversion -Wenum-conversion -Wno-float-conversion -Wnon-literal-null-conversion -Wobjc-literal-conversion -Wshorten-64-to-32 -Wpointer-sign -Wno-newline-eof -Wno-selector -Wno-strict-selector-match -Wundeclared-selector -Wdeprecated-implementations -Wno-implicit-fallthrough -fstrict-aliasing -Wprotocol -Wdeprecated-declarations -Wno-sign-conversion -Winfinite-recursion -Wcomma -Wblock-capture-autoreleasing -Wstrict-prototypes -Wno-semicolon-before-method-body -Wunguarded-availability @/Users/gunn.kim/Library/Developer/Xcode/DerivedData/BobCamAgent-elvzdrtgzbztmwhjwnkkxvaocirp/Build/Intermediates.noindex/ArchiveIntermediates/BobCamAgent/IntermediateBuildFilesPath/Pods.build/Debug-iphoneos/Pods-BobCamAgent.build/Objects-normal/arm64/e6072d4f65d7061329687fe24e3d63a7-common-args.resp -MMD -MT dependencies -MF /Users/gunn.kim/Library/Developer/Xcode/DerivedData/BobCamAgent-elvzdrtgzbztmwhjwnkkxvaocirp/Build/Intermediates.noindex/ArchiveIntermediates/BobCamAgent/IntermediateBuildFilesPath/Pods.build/Debug-iphoneos/Pods-BobCamAgent.build/Objects-normal/arm64/Pods-BobCamAgent-dummy.d --serialize-diagnostics /Users/gunn.kim/Library/Developer/Xcode/DerivedData/BobCamAgent-elvzdrtgzbztmwhjwnkkxvaocirp/Build/Intermediates.noindex/ArchiveIntermediates/BobCamAgent/IntermediateBuildFilesPath/Pods.build/Debug-iphoneos/Pods-BobCamAgent.build/Objects-normal/arm64/Pods-BobCamAgent-dummy.dia -c /Users/gunn.kim/study/BobCam/BobCam-iOS/BobCamAgent/Pods/Target\ Support\ Files/Pods-BobCamAgent/Pods-BobCamAgent-dummy.m -o /Users/gunn.kim/Library/Developer/Xcode/DerivedData/BobCamAgent-elvzdrtgzbztmwhjwnkkxvaocirp/Build/Intermediates.noindex/ArchiveIntermediates/BobCamAgent/IntermediateBuildFilesPath/Pods.build/Debug-iphoneos/Pods-BobCamAgent.build/Objects-normal/arm64/Pods-BobCamAgent-dummy.o

CompileC /Users/gunn.kim/Library/Developer/Xcode/DerivedData/BobCamAgent-elvzdrtgzbztmwhjwnkkxvaocirp/Build/Intermediates.noindex/ArchiveIntermediates/BobCamAgent/IntermediateBuildFilesPath/Pods.build/Debug-iphoneos/Pods-BobCamAgent.build/Objects-normal/arm64/Pods_BobCamAgent_vers.o /Users/gunn.kim/Library/Developer/Xcode/DerivedData/BobCamAgent-elvzdrtgzbztmwhjwnkkxvaocirp/Build/Intermediates.noindex/ArchiveIntermediates/BobCamAgent/IntermediateBuildFilesPath/Pods.build/Debug-iphoneos/Pods-BobCamAgent.build/DerivedSources/Pods_BobCamAgent_vers.c normal arm64 c com.apple.compilers.llvm.clang.1_0.compiler (in target 'Pods-BobCamAgent' from project 'Pods')
    cd /Users/gunn.kim/study/BobCam/BobCam-iOS/BobCamAgent/Pods
    
    Using response file: /Users/gunn.kim/Library/Developer/Xcode/DerivedData/BobCamAgent-elvzdrtgzbztmwhjwnkkxvaocirp/Build/Intermediates.noindex/ArchiveIntermediates/BobCamAgent/IntermediateBuildFilesPath/Pods.build/Debug-iphoneos/Pods-BobCamAgent.build/Objects-normal/arm64/7187679823f38a2a940e0043cdf9d637-common-args.resp
    
    /Applications/Xcode.app/Contents/Developer/Toolchains/XcodeDefault.xctoolchain/usr/bin/clang -x c -ivfsstatcache /Users/gunn.kim/Library/Developer/Xcode/DerivedData/SDKStatCaches.noindex/iphoneos18.5-22F76-7fa4eea80a99bbfdc046826b63ec4baf.sdkstatcache -fmessage-length\=0 -fdiagnostics-show-note-include-stack -fmacro-backtrace-limit\=0 -fno-color-diagnostics -fmodules-prune-interval\=86400 -fmodules-prune-after\=345600 -fbuild-session-file\=/Users/gunn.kim/Library/Developer/Xcode/DerivedData/ModuleCache.noindex/Session.modulevalidation -fmodules-validate-once-per-build-session -Wnon-modular-include-in-framework-module -Werror\=non-modular-include-in-framework-module -Wno-trigraphs -Wno-missing-field-initializers -Wno-missing-prototypes -Werror\=return-type -Wdocumentation -Wunreachable-code -Werror\=deprecated-objc-isa-usage -Werror\=objc-root-class -Wno-missing-braces -Wparentheses -Wswitch -Wunused-function -Wno-unused-label -Wno-unused-parameter -Wunused-variable -Wunused-value -Wempty-body -Wuninitialized -Wconditional-uninitialized -Wno-unknown-pragmas -Wno-shadow -Wno-four-char-constants -Wno-conversion -Wconstant-conversion -Wint-conversion -Wbool-conversion -Wenum-conversion -Wno-float-conversion -Wnon-literal-null-conversion -Wobjc-literal-conversion -Wshorten-64-to-32 -Wpointer-sign -Wno-newline-eof -Wno-implicit-fallthrough -fstrict-aliasing -Wdeprecated-declarations -Wno-sign-conversion -Winfinite-recursion -Wcomma -Wblock-capture-autoreleasing -Wstrict-prototypes -Wno-semicolon-before-method-body -Wunguarded-availability @/Users/gunn.kim/Library/Developer/Xcode/DerivedData/BobCamAgent-elvzdrtgzbztmwhjwnkkxvaocirp/Build/Intermediates.noindex/ArchiveIntermediates/BobCamAgent/IntermediateBuildFilesPath/Pods.build/Debug-iphoneos/Pods-BobCamAgent.build/Objects-normal/arm64/7187679823f38a2a940e0043cdf9d637-common-args.resp -MMD -MT dependencies -MF /Users/gunn.kim/Library/Developer/Xcode/DerivedData/BobCamAgent-elvzdrtgzbztmwhjwnkkxvaocirp/Build/Intermediates.noindex/ArchiveIntermediates/BobCamAgent/IntermediateBuildFilesPath/Pods.build/Debug-iphoneos/Pods-BobCamAgent.build/Objects-normal/arm64/Pods_BobCamAgent_vers.d --serialize-diagnostics /Users/gunn.kim/Library/Developer/Xcode/DerivedData/BobCamAgent-elvzdrtgzbztmwhjwnkkxvaocirp/Build/Intermediates.noindex/ArchiveIntermediates/BobCamAgent/IntermediateBuildFilesPath/Pods.build/Debug-iphoneos/Pods-BobCamAgent.build/Objects-normal/arm64/Pods_BobCamAgent_vers.dia -c /Users/gunn.kim/Library/Developer/Xcode/DerivedData/BobCamAgent-elvzdrtgzbztmwhjwnkkxvaocirp/Build/Intermediates.noindex/ArchiveIntermediates/BobCamAgent/IntermediateBuildFilesPath/Pods.build/Debug-iphoneos/Pods-BobCamAgent.build/DerivedSources/Pods_BobCamAgent_vers.c -o /Users/gunn.kim/Library/Developer/Xcode/DerivedData/BobCamAgent-elvzdrtgzbztmwhjwnkkxvaocirp/Build/Intermediates.noindex/ArchiveIntermediates/BobCamAgent/IntermediateBuildFilesPath/Pods.build/Debug-iphoneos/Pods-BobCamAgent.build/Objects-normal/arm64/Pods_BobCamAgent_vers.o

SwiftDriver BobCamAgent normal arm64 com.apple.xcode.tools.swift.compiler (in target 'BobCamAgent' from project 'BobCamAgent')
    cd /Users/gunn.kim/study/BobCam/BobCam-iOS/BobCamAgent
    builtin-SwiftDriver -- /Applications/Xcode.app/Contents/Developer/Toolchains/XcodeDefault.xctoolchain/usr/bin/swiftc -module-name BobCamAgent -Onone -enforce-exclusivity\=checked @/Users/gunn.kim/Library/Developer/Xcode/DerivedData/BobCamAgent-elvzdrtgzbztmwhjwnkkxvaocirp/Build/Intermediates.noindex/ArchiveIntermediates/BobCamAgent/IntermediateBuildFilesPath/BobCamAgent.build/Debug-iphoneos/BobCamAgent.build/Objects-normal/arm64/BobCamAgent.SwiftFileList -DDEBUG -enable-bare-slash-regex -enable-experimental-feature DebugDescriptionMacro -sdk /Applications/Xcode.app/Contents/Developer/Platforms/iPhoneOS.platform/Developer/SDKs/iPhoneOS18.5.sdk -target arm64-apple-ios15.0 -g -module-cache-path /Users/gunn.kim/Library/Developer/Xcode/DerivedData/ModuleCache.noindex -Xfrontend -serialize-debugging-options -enable-testing -swift-version 5 -I /Users/gunn.kim/Library/Developer/Xcode/DerivedData/BobCamAgent-elvzdrtgzbztmwhjwnkkxvaocirp/Build/Intermediates.noindex/ArchiveIntermediates/BobCamAgent/BuildProductsPath/Debug-iphoneos -F /Users/gunn.kim/Library/Developer/Xcode/DerivedData/BobCamAgent-elvzdrtgzbztmwhjwnkkxvaocirp/Build/Intermediates.noindex/ArchiveIntermediates/BobCamAgent/BuildProductsPath/Debug-iphoneos -emit-localized-strings -emit-localized-strings-path /Users/gunn.kim/Library/Developer/Xcode/DerivedData/BobCamAgent-elvzdrtgzbztmwhjwnkkxvaocirp/Build/Intermediates.noindex/ArchiveIntermediates/BobCamAgent/IntermediateBuildFilesPath/BobCamAgent.build/Debug-iphoneos/BobCamAgent.build/Objects-normal/arm64 -c -j12 -enable-batch-mode -incremental -Xcc -ivfsstatcache -Xcc /Users/gunn.kim/Library/Developer/Xcode/DerivedData/SDKStatCaches.noindex/iphoneos18.5-22F76-7fa4eea80a99bbfdc046826b63ec4baf.sdkstatcache -output-file-map /Users/gunn.kim/Library/Developer/Xcode/DerivedData/BobCamAgent-elvzdrtgzbztmwhjwnkkxvaocirp/Build/Intermediates.noindex/ArchiveIntermediates/BobCamAgent/IntermediateBuildFilesPath/BobCamAgent.build/Debug-iphoneos/BobCamAgent.build/Objects-normal/arm64/BobCamAgent-OutputFileMap.json -use-frontend-parseable-output -save-temps -no-color-diagnostics -serialize-diagnostics -emit-dependencies -emit-module -emit-module-path /Users/gunn.kim/Library/Developer/Xcode/DerivedData/BobCamAgent-elvzdrtgzbztmwhjwnkkxvaocirp/Build/Intermediates.noindex/ArchiveIntermediates/BobCamAgent/IntermediateBuildFilesPath/BobCamAgent.build/Debug-iphoneos/BobCamAgent.build/Objects-normal/arm64/BobCamAgent.swiftmodule -validate-clang-modules-once -clang-build-session-file /Users/gunn.kim/Library/Developer/Xcode/DerivedData/ModuleCache.noindex/Session.modulevalidation -Xcc -I/Users/gunn.kim/Library/Developer/Xcode/DerivedData/BobCamAgent-elvzdrtgzbztmwhjwnkkxvaocirp/Build/Intermediates.noindex/ArchiveIntermediates/BobCamAgent/IntermediateBuildFilesPath/BobCamAgent.build/Debug-iphoneos/BobCamAgent.build/swift-overrides.hmap -emit-const-values -Xfrontend -const-gather-protocols-file -Xfrontend /Users/gunn.kim/Library/Developer/Xcode/DerivedData/BobCamAgent-elvzdrtgzbztmwhjwnkkxvaocirp/Build/Intermediates.noindex/ArchiveIntermediates/BobCamAgent/IntermediateBuildFilesPath/BobCamAgent.build/Debug-iphoneos/BobCamAgent.build/Objects-normal/arm64/BobCamAgent_const_extract_protocols.json -Xcc -iquote -Xcc /Users/gunn.kim/Library/Developer/Xcode/DerivedData/BobCamAgent-elvzdrtgzbztmwhjwnkkxvaocirp/Build/Intermediates.noindex/ArchiveIntermediates/BobCamAgent/IntermediateBuildFilesPath/BobCamAgent.build/Debug-iphoneos/BobCamAgent.build/BobCamAgent-generated-files.hmap -Xcc -I/Users/gunn.kim/Library/Developer/Xcode/DerivedData/BobCamAgent-elvzdrtgzbztmwhjwnkkxvaocirp/Build/Intermediates.noindex/ArchiveIntermediates/BobCamAgent/IntermediateBuildFilesPath/BobCamAgent.build/Debug-iphoneos/BobCamAgent.build/BobCamAgent-own-target-headers.hmap -Xcc -I/Users/gunn.kim/Library/Developer/Xcode/DerivedData/BobCamAgent-elvzdrtgzbztmwhjwnkkxvaocirp/Build/Intermediates.noindex/ArchiveIntermediates/BobCamAgent/IntermediateBuildFilesPath/BobCamAgent.build/Debug-iphoneos/BobCamAgent.build/BobCamAgent-all-non-framework-target-headers.hmap -Xcc -ivfsoverlay -Xcc /Users/gunn.kim/Library/Developer/Xcode/DerivedData/BobCamAgent-elvzdrtgzbztmwhjwnkkxvaocirp/Build/Intermediates.noindex/ArchiveIntermediates/BobCamAgent/IntermediateBuildFilesPath/BobCamAgent.build/Debug-iphoneos/BobCamAgent-7bcf04dd287a8a6fc515f927e120d9d2-VFS-iphoneos/all-product-headers.yaml -Xcc -iquote -Xcc /Users/gunn.kim/Library/Developer/Xcode/DerivedData/BobCamAgent-elvzdrtgzbztmwhjwnkkxvaocirp/Build/Intermediates.noindex/ArchiveIntermediates/BobCamAgent/IntermediateBuildFilesPath/BobCamAgent.build/Debug-iphoneos/BobCamAgent.build/BobCamAgent-project-headers.hmap -Xcc -I/Users/gunn.kim/Library/Developer/Xcode/DerivedData/BobCamAgent-elvzdrtgzbztmwhjwnkkxvaocirp/Build/Intermediates.noindex/ArchiveIntermediates/BobCamAgent/BuildProductsPath/Debug-iphoneos/include -Xcc -I/Users/gunn.kim/Library/Developer/Xcode/DerivedData/BobCamAgent-elvzdrtgzbztmwhjwnkkxvaocirp/Build/Intermediates.noindex/ArchiveIntermediates/BobCamAgent/IntermediateBuildFilesPath/BobCamAgent.build/Debug-iphoneos/BobCamAgent.build/DerivedSources-normal/arm64 -Xcc -I/Users/gunn.kim/Library/Developer/Xcode/DerivedData/BobCamAgent-elvzdrtgzbztmwhjwnkkxvaocirp/Build/Intermediates.noindex/ArchiveIntermediates/BobCamAgent/IntermediateBuildFilesPath/BobCamAgent.build/Debug-iphoneos/BobCamAgent.build/DerivedSources/arm64 -Xcc -I/Users/gunn.kim/Library/Developer/Xcode/DerivedData/BobCamAgent-elvzdrtgzbztmwhjwnkkxvaocirp/Build/Intermediates.noindex/ArchiveIntermediates/BobCamAgent/IntermediateBuildFilesPath/BobCamAgent.build/Debug-iphoneos/BobCamAgent.build/DerivedSources -Xcc -DDEBUG\=1 -Xcc -DCOCOAPODS\=1 -emit-objc-header -emit-objc-header-path /Users/gunn.kim/Library/Developer/Xcode/DerivedData/BobCamAgent-elvzdrtgzbztmwhjwnkkxvaocirp/Build/Intermediates.noindex/ArchiveIntermediates/BobCamAgent/IntermediateBuildFilesPath/BobCamAgent.build/Debug-iphoneos/BobCamAgent.build/Objects-normal/arm64/BobCamAgent-Swift.h -working-directory /Users/gunn.kim/study/BobCam/BobCam-iOS/BobCamAgent -experimental-emit-module-separately -disable-cmo

SwiftCompile normal arm64 Compiling\ FeedbackBannerView.swift,\ StatusBar.swift,\ VideoPickerView.swift /Users/gunn.kim/study/BobCam/BobCam-iOS/BobCamAgent/BobCamAgent/FeedbackBannerView.swift /Users/gunn.kim/study/BobCam/BobCam-iOS/BobCamAgent/BobCamAgent/StatusBar.swift /Users/gunn.kim/study/BobCam/BobCam-iOS/BobCamAgent/BobCamAgent/VideoPickerView.swift (in target 'BobCamAgent' from project 'BobCamAgent')
SwiftCompile normal arm64 /Users/gunn.kim/study/BobCam/BobCam-iOS/BobCamAgent/BobCamAgent/FeedbackBannerView.swift (in target 'BobCamAgent' from project 'BobCamAgent')
    cd /Users/gunn.kim/study/BobCam/BobCam-iOS/BobCamAgent
    
/Users/gunn.kim/study/BobCam/BobCam-iOS/BobCamAgent/BobCamAgent/FeedbackBannerView.swift:63:6: warning: previewLayout is ignored in a #Preview macro. Use the `traits` argument of the macro to provide the desired layout, e.g. `.sizeThatFitsLayout. (from macro 'Preview')
    .previewLayout(.sizeThatFits)
     ^

SwiftCompile normal arm64 /Users/gunn.kim/study/BobCam/BobCam-iOS/BobCamAgent/BobCamAgent/StatusBar.swift (in target 'BobCamAgent' from project 'BobCamAgent')
    cd /Users/gunn.kim/study/BobCam/BobCam-iOS/BobCamAgent
    

SwiftCompile normal arm64 /Users/gunn.kim/study/BobCam/BobCam-iOS/BobCamAgent/BobCamAgent/VideoPickerView.swift (in target 'BobCamAgent' from project 'BobCamAgent')
    cd /Users/gunn.kim/study/BobCam/BobCam-iOS/BobCamAgent
    

SwiftCompile normal arm64 Compiling\ CameraView.swift,\ VisionService.swift,\ VideoService.swift /Users/gunn.kim/study/BobCam/BobCam-iOS/BobCamAgent/BobCamAgent/CameraView.swift /Users/gunn.kim/study/BobCam/BobCam-iOS/BobCamAgent/BobCamAgent/VisionService.swift /Users/gunn.kim/study/BobCam/BobCam-iOS/BobCamAgent/BobCamAgent/VideoService.swift (in target 'BobCamAgent' from project 'BobCamAgent')
SwiftCompile normal arm64 /Users/gunn.kim/study/BobCam/BobCam-iOS/BobCamAgent/BobCamAgent/CameraView.swift (in target 'BobCamAgent' from project 'BobCamAgent')
    cd /Users/gunn.kim/study/BobCam/BobCam-iOS/BobCamAgent
    

SwiftCompile normal arm64 /Users/gunn.kim/study/BobCam/BobCam-iOS/BobCamAgent/BobCamAgent/VisionService.swift (in target 'BobCamAgent' from project 'BobCamAgent')
    cd /Users/gunn.kim/study/BobCam/BobCam-iOS/BobCamAgent
    

SwiftCompile normal arm64 /Users/gunn.kim/study/BobCam/BobCam-iOS/BobCamAgent/BobCamAgent/VideoService.swift (in target 'BobCamAgent' from project 'BobCamAgent')
    cd /Users/gunn.kim/study/BobCam/BobCam-iOS/BobCamAgent
    

SwiftCompile normal arm64 Compiling\ VideoSelectionService.swift,\ OnboardingView.swift,\ SettingsView.swift /Users/gunn.kim/study/BobCam/BobCam-iOS/BobCamAgent/BobCamAgent/VideoSelectionService.swift /Users/gunn.kim/study/BobCam/BobCam-iOS/BobCamAgent/BobCamAgent/OnboardingView.swift /Users/gunn.kim/study/BobCam/BobCam-iOS/BobCamAgent/BobCamAgent/SettingsView.swift (in target 'BobCamAgent' from project 'BobCamAgent')
SwiftCompile normal arm64 /Users/gunn.kim/study/BobCam/BobCam-iOS/BobCamAgent/BobCamAgent/VideoSelectionService.swift (in target 'BobCamAgent' from project 'BobCamAgent')
    cd /Users/gunn.kim/study/BobCam/BobCam-iOS/BobCamAgent
    
/Users/gunn.kim/study/BobCam/BobCam-iOS/BobCamAgent/BobCamAgent/VideoSelectionService.swift:103:64: warning: call to main actor-isolated static method 'copyVideoToDocumentsSync(from:)' in a synchronous nonisolated context; this is an error in the Swift 6 language mode
                let destinationURL = try VideoSelectionService.copyVideoToDocumentsSync(from: tempURL)
                                                               ^
/Users/gunn.kim/study/BobCam/BobCam-iOS/BobCamAgent/BobCamAgent/VideoSelectionService.swift:219:25: note: calls to static method 'copyVideoToDocumentsSync(from:)' from outside of its actor context are implicitly asynchronous
    private static func copyVideoToDocumentsSync(from sourceURL: URL) throws -> URL {
                        ^

SwiftCompile normal arm64 /Users/gunn.kim/study/BobCam/BobCam-iOS/BobCamAgent/BobCamAgent/OnboardingView.swift (in target 'BobCamAgent' from project 'BobCamAgent')
    cd /Users/gunn.kim/study/BobCam/BobCam-iOS/BobCamAgent
    

SwiftCompile normal arm64 /Users/gunn.kim/study/BobCam/BobCam-iOS/BobCamAgent/BobCamAgent/SettingsView.swift (in target 'BobCamAgent' from project 'BobCamAgent')
    cd /Users/gunn.kim/study/BobCam/BobCam-iOS/BobCamAgent
    
/Users/gunn.kim/study/BobCam/BobCam-iOS/BobCamAgent/BobCamAgent/FeedbackBannerView.swift:63:6: warning: previewLayout is ignored in a #Preview macro. Use the `traits` argument of the macro to provide the desired layout, e.g. `.sizeThatFitsLayout. (from macro 'Preview')
    .previewLayout(.sizeThatFits)
     ^

SwiftCompile normal arm64 Compiling\ AccuracyMonitor.swift,\ PerformanceMonitor.swift /Users/gunn.kim/study/BobCam/BobCam-iOS/BobCamAgent/BobCamAgent/Monitoring/AccuracyMonitor.swift /Users/gunn.kim/study/BobCam/BobCam-iOS/BobCamAgent/BobCamAgent/Monitoring/PerformanceMonitor.swift (in target 'BobCamAgent' from project 'BobCamAgent')

SwiftCompile normal arm64 /Users/gunn.kim/study/BobCam/BobCam-iOS/BobCamAgent/BobCamAgent/Monitoring/AccuracyMonitor.swift (in target 'BobCamAgent' from project 'BobCamAgent')
    cd /Users/gunn.kim/study/BobCam/BobCam-iOS/BobCamAgent
    

SwiftCompile normal arm64 /Users/gunn.kim/study/BobCam/BobCam-iOS/BobCamAgent/BobCamAgent/Monitoring/PerformanceMonitor.swift (in target 'BobCamAgent' from project 'BobCamAgent')
    cd /Users/gunn.kim/study/BobCam/BobCam-iOS/BobCamAgent
    

SwiftCompile normal arm64 Compiling\ BobCamApp.swift,\ ContentView.swift,\ CameraService.swift /Users/gunn.kim/study/BobCam/BobCam-iOS/BobCamAgent/BobCamAgent/BobCamApp.swift /Users/gunn.kim/study/BobCam/BobCam-iOS/BobCamAgent/BobCamAgent/ContentView.swift /Users/gunn.kim/study/BobCam/BobCam-iOS/BobCamAgent/BobCamAgent/CameraService.swift (in target 'BobCamAgent' from project 'BobCamAgent')

SwiftCompile normal arm64 /Users/gunn.kim/study/BobCam/BobCam-iOS/BobCamAgent/BobCamAgent/BobCamApp.swift (in target 'BobCamAgent' from project 'BobCamAgent')
    cd /Users/gunn.kim/study/BobCam/BobCam-iOS/BobCamAgent
    

SwiftCompile normal arm64 /Users/gunn.kim/study/BobCam/BobCam-iOS/BobCamAgent/BobCamAgent/ContentView.swift (in target 'BobCamAgent' from project 'BobCamAgent')
    cd /Users/gunn.kim/study/BobCam/BobCam-iOS/BobCamAgent
    
/Users/gunn.kim/study/BobCam/BobCam-iOS/BobCamAgent/BobCamAgent/FeedbackBannerView.swift:63:6: warning: previewLayout is ignored in a #Preview macro. Use the `traits` argument of the macro to provide the desired layout, e.g. `.sizeThatFitsLayout. (from macro 'Preview')
    .previewLayout(.sizeThatFits)
     ^

SwiftCompile normal arm64 /Users/gunn.kim/study/BobCam/BobCam-iOS/BobCamAgent/BobCamAgent/CameraService.swift (in target 'BobCamAgent' from project 'BobCamAgent')
    cd /Users/gunn.kim/study/BobCam/BobCam-iOS/BobCamAgent
    
/Users/gunn.kim/study/BobCam/BobCam-iOS/BobCamAgent/BobCamAgent/CameraService.swift:81:29: warning: capture of 'self' with non-sendable type 'CameraService?' in a '@Sendable' closure
                            self?.startCaptureSession()
                            ^
/Users/gunn.kim/study/BobCam/BobCam-iOS/BobCamAgent/BobCamAgent/CameraService.swift:34:7: note: class 'CameraService' does not conform to the 'Sendable' protocol
class CameraService: NSObject, ObservableObject {
      ^
/Users/gunn.kim/study/BobCam/BobCam-iOS/BobCamAgent/BobCamAgent/CameraService.swift:85:29: warning: capture of 'self' with non-sendable type 'CameraService?' in a '@Sendable' closure
                            self?.delegate?.didEncounterCameraError(.permissionDenied)
                            ^
/Users/gunn.kim/study/BobCam/BobCam-iOS/BobCamAgent/BobCamAgent/CameraService.swift:34:7: note: class 'CameraService' does not conform to the 'Sendable' protocol
class CameraService: NSObject, ObservableObject {
      ^

SwiftCompile normal arm64 Compiling\ CircularBuffer.swift,\ MetricsCalculator.swift /Users/gunn.kim/study/BobCam/BobCam-iOS/BobCamAgent/BobCamAgent/Utils/CircularBuffer.swift /Users/gunn.kim/study/BobCam/BobCam-iOS/BobCamAgent/BobCamAgent/Utils/MetricsCalculator.swift (in target 'BobCamAgent' from project 'BobCamAgent')

SwiftCompile normal arm64 /Users/gunn.kim/study/BobCam/BobCam-iOS/BobCamAgent/BobCamAgent/Utils/CircularBuffer.swift (in target 'BobCamAgent' from project 'BobCamAgent')
    cd /Users/gunn.kim/study/BobCam/BobCam-iOS/BobCamAgent
    

SwiftCompile normal arm64 /Users/gunn.kim/study/BobCam/BobCam-iOS/BobCamAgent/BobCamAgent/Utils/MetricsCalculator.swift (in target 'BobCamAgent' from project 'BobCamAgent')
    cd /Users/gunn.kim/study/BobCam/BobCam-iOS/BobCamAgent
    

SwiftCompile normal arm64 Compiling\ GroundTruthManager.swift,\ OptimizationEngine.swift /Users/gunn.kim/study/BobCam/BobCam-iOS/BobCamAgent/BobCamAgent/ParameterTuning/GroundTruthManager.swift /Users/gunn.kim/study/BobCam/BobCam-iOS/BobCamAgent/BobCamAgent/ParameterTuning/OptimizationEngine.swift (in target 'BobCamAgent' from project 'BobCamAgent')

SwiftCompile normal arm64 /Users/gunn.kim/study/BobCam/BobCam-iOS/BobCamAgent/BobCamAgent/ParameterTuning/GroundTruthManager.swift (in target 'BobCamAgent' from project 'BobCamAgent')
    cd /Users/gunn.kim/study/BobCam/BobCam-iOS/BobCamAgent
    
/Users/gunn.kim/study/BobCam/BobCam-iOS/BobCamAgent/BobCamAgent/ParameterTuning/GroundTruthManager.swift:120:13: warning: capture of 'self' with non-sendable type 'GroundTruthManager' in a '@Sendable' closure
            self.frameCache[dataset.id] = frames
            ^
/Users/gunn.kim/study/BobCam/BobCam-iOS/BobCamAgent/BobCamAgent/ParameterTuning/GroundTruthManager.swift:77:7: note: class 'GroundTruthManager' does not conform to the 'Sendable' protocol
class GroundTruthManager: ObservableObject {
      ^
/Users/gunn.kim/study/BobCam/BobCam-iOS/BobCamAgent/BobCamAgent/ParameterTuning/GroundTruthManager.swift:120:43: warning: capture of 'frames' with non-sendable type '[(CVPixelBuffer, TimeInterval)]' (aka 'Array<(CVBuffer, Double)>') in a '@Sendable' closure
            self.frameCache[dataset.id] = frames
                                          ^
Swift.Array:1:23: note: generic struct 'Array' does not conform to the 'Sendable' protocol
@frozen public struct Array<Element> : _DestructorSafeContainer {
                      ^
/Users/gunn.kim/study/BobCam/BobCam-iOS/BobCamAgent/BobCamAgent/ParameterTuning/GroundTruthManager.swift:119:9: warning: no 'async' operations occur within 'await' expression
        await cacheQueue.async {
        ^
/Users/gunn.kim/study/BobCam/BobCam-iOS/BobCamAgent/BobCamAgent/ParameterTuning/GroundTruthManager.swift:373:13: warning: initialization of variable 'temporalAccuracySum' was never used; consider replacing with assignment to '_' or removing it
        var temporalAccuracySum = 0.0
        ~~~~^~~~~~~~~~~~~~~~~~~
        _

SwiftCompile normal arm64 /Users/gunn.kim/study/BobCam/BobCam-iOS/BobCamAgent/BobCamAgent/ParameterTuning/OptimizationEngine.swift (in target 'BobCamAgent' from project 'BobCamAgent')
    cd /Users/gunn.kim/study/BobCam/BobCam-iOS/BobCamAgent
    
/Users/gunn.kim/study/BobCam/BobCam-iOS/BobCamAgent/BobCamAgent/ParameterTuning/OptimizationEngine.swift:467:13: warning: initialization of immutable value 'sorted' was never used; consider replacing with assignment to '_' or removing it
        let sorted = data.sorted()
        ~~~~^~~~~~
        _
/Users/gunn.kim/study/BobCam/BobCam-iOS/BobCamAgent/BobCamAgent/ParameterTuning/OptimizationEngine.swift:626:42: warning: reference to captured var 'iteration' in concurrently-executing code; this is an error in the Swift 6 language mode
                currentProgress = Double(iteration) / Double(configuration.maxIterations)
                                         ^

SwiftCompile normal arm64 Compiling\ DebugSettings.swift,\ LandmarksOverlayView.swift /Users/gunn.kim/study/BobCam/BobCam-iOS/BobCamAgent/BobCamAgent/DebugOverlay/DebugSettings.swift /Users/gunn.kim/study/BobCam/BobCam-iOS/BobCamAgent/BobCamAgent/DebugOverlay/LandmarksOverlayView.swift (in target 'BobCamAgent' from project 'BobCamAgent')

SwiftCompile normal arm64 /Users/gunn.kim/study/BobCam/BobCam-iOS/BobCamAgent/BobCamAgent/DebugOverlay/DebugSettings.swift (in target 'BobCamAgent' from project 'BobCamAgent')
    cd /Users/gunn.kim/study/BobCam/BobCam-iOS/BobCamAgent
    

SwiftCompile normal arm64 /Users/gunn.kim/study/BobCam/BobCam-iOS/BobCamAgent/BobCamAgent/DebugOverlay/LandmarksOverlayView.swift (in target 'BobCamAgent' from project 'BobCamAgent')
    cd /Users/gunn.kim/study/BobCam/BobCam-iOS/BobCamAgent
    

SwiftCompile normal arm64 Compiling\ ContentView+Debug.swift,\ DebugCameraView.swift /Users/gunn.kim/study/BobCam/BobCam-iOS/BobCamAgent/BobCamAgent/DebugOverlay/ContentView+Debug.swift /Users/gunn.kim/study/BobCam/BobCam-iOS/BobCamAgent/BobCamAgent/DebugOverlay/DebugCameraView.swift (in target 'BobCamAgent' from project 'BobCamAgent')

SwiftCompile normal arm64 /Users/gunn.kim/study/BobCam/BobCam-iOS/BobCamAgent/BobCamAgent/DebugOverlay/ContentView+Debug.swift (in target 'BobCamAgent' from project 'BobCamAgent')
    cd /Users/gunn.kim/study/BobCam/BobCam-iOS/BobCamAgent
    

SwiftCompile normal arm64 /Users/gunn.kim/study/BobCam/BobCam-iOS/BobCamAgent/BobCamAgent/DebugOverlay/DebugCameraView.swift (in target 'BobCamAgent' from project 'BobCamAgent')
    cd /Users/gunn.kim/study/BobCam/BobCam-iOS/BobCamAgent
    
/Users/gunn.kim/study/BobCam/BobCam-iOS/BobCamAgent/BobCamAgent/FeedbackBannerView.swift:63:6: warning: previewLayout is ignored in a #Preview macro. Use the `traits` argument of the macro to provide the desired layout, e.g. `.sizeThatFitsLayout. (from macro 'Preview')
    .previewLayout(.sizeThatFits)
     ^

SwiftCompile normal arm64 Compiling\ DebugIntegrationGuide.swift,\ DebugOverlayView.swift /Users/gunn.kim/study/BobCam/BobCam-iOS/BobCamAgent/BobCamAgent/DebugOverlay/DebugIntegrationGuide.swift /Users/gunn.kim/study/BobCam/BobCam-iOS/BobCamAgent/BobCamAgent/DebugOverlay/DebugOverlayView.swift (in target 'BobCamAgent' from project 'BobCamAgent')
SwiftCompile normal arm64 /Users/gunn.kim/study/BobCam/BobCam-iOS/BobCamAgent/BobCamAgent/DebugOverlay/DebugIntegrationGuide.swift (in target 'BobCamAgent' from project 'BobCamAgent')
    cd /Users/gunn.kim/study/BobCam/BobCam-iOS/BobCamAgent
    

SwiftCompile normal arm64 /Users/gunn.kim/study/BobCam/BobCam-iOS/BobCamAgent/BobCamAgent/DebugOverlay/DebugOverlayView.swift (in target 'BobCamAgent' from project 'BobCamAgent')
    cd /Users/gunn.kim/study/BobCam/BobCam-iOS/BobCamAgent
    
/Users/gunn.kim/study/BobCam/BobCam-iOS/BobCamAgent/BobCamAgent/FeedbackBannerView.swift:63:6: warning: previewLayout is ignored in a #Preview macro. Use the `traits` argument of the macro to provide the desired layout, e.g. `.sizeThatFitsLayout. (from macro 'Preview')
    .previewLayout(.sizeThatFits)
     ^

SwiftEmitModule normal arm64 Emitting\ module\ for\ BobCamAgent (in target 'BobCamAgent' from project 'BobCamAgent')

EmitSwiftModule normal arm64 (in target 'BobCamAgent' from project 'BobCamAgent')
    cd /Users/gunn.kim/study/BobCam/BobCam-iOS/BobCamAgent
    
/Users/gunn.kim/study/BobCam/BobCam-iOS/BobCamAgent/BobCamAgent/FeedbackBannerView.swift:63:6: warning: previewLayout is ignored in a #Preview macro. Use the `traits` argument of the macro to provide the desired layout, e.g. `.sizeThatFitsLayout. (from macro 'Preview')
    .previewLayout(.sizeThatFits)
     ^

SwiftCompile normal arm64 Compiling\ ParameterTuningUI.swift,\ TuningIntegration.swift /Users/gunn.kim/study/BobCam/BobCam-iOS/BobCamAgent/BobCamAgent/ParameterTuning/ParameterTuningUI.swift /Users/gunn.kim/study/BobCam/BobCam-iOS/BobCamAgent/BobCamAgent/ParameterTuning/TuningIntegration.swift (in target 'BobCamAgent' from project 'BobCamAgent')
SwiftCompile normal arm64 /Users/gunn.kim/study/BobCam/BobCam-iOS/BobCamAgent/BobCamAgent/ParameterTuning/ParameterTuningUI.swift (in target 'BobCamAgent' from project 'BobCamAgent')
    cd /Users/gunn.kim/study/BobCam/BobCam-iOS/BobCamAgent
    
/Users/gunn.kim/study/BobCam/BobCam-iOS/BobCamAgent/BobCamAgent/ParameterTuning/ParameterTuningUI.swift:115:55: warning: non-sendable result type '[(CVPixelBuffer, TimeInterval)]' (aka 'Array<(CVBuffer, Double)>') cannot be sent from nonisolated context in call to instance method 'extractFramesFromDataset'; this is an error in the Swift 6 language mode
                let frames = await groundTruthManager.extractFramesFromDataset(dataset)
                                                      ^
Swift.Array:1:23: note: generic struct 'Array' does not conform to the 'Sendable' protocol
@frozen public struct Array<Element> : _DestructorSafeContainer {
                      ^

SwiftCompile normal arm64 /Users/gunn.kim/study/BobCam/BobCam-iOS/BobCamAgent/BobCamAgent/ParameterTuning/TuningIntegration.swift (in target 'BobCamAgent' from project 'BobCamAgent')
    cd /Users/gunn.kim/study/BobCam/BobCam-iOS/BobCamAgent
    
/Users/gunn.kim/study/BobCam/BobCam-iOS/BobCamAgent/BobCamAgent/ParameterTuning/TuningIntegration.swift:527:28: warning: value 'config' was defined but never used; consider replacing with boolean test
                    if let config = tuningManager.optimizedConfiguration {
                       ~~~~^~~~~~~~~
                                                                         != nil

SwiftDriverJobDiscovery normal arm64 Compiling AccuracyMonitor.swift, PerformanceMonitor.swift (in target 'BobCamAgent' from project 'BobCamAgent')

SwiftCompile normal arm64 Compiling\ OptimizationRunner.swift,\ ParameterTuningFramework.swift /Users/gunn.kim/study/BobCam/BobCam-iOS/BobCamAgent/BobCamAgent/ParameterTuning/OptimizationRunner.swift /Users/gunn.kim/study/BobCam/BobCam-iOS/BobCamAgent/BobCamAgent/ParameterTuning/ParameterTuningFramework.swift (in target 'BobCamAgent' from project 'BobCamAgent')

SwiftCompile normal arm64 /Users/gunn.kim/study/BobCam/BobCam-iOS/BobCamAgent/BobCamAgent/ParameterTuning/OptimizationRunner.swift (in target 'BobCamAgent' from project 'BobCamAgent')
    cd /Users/gunn.kim/study/BobCam/BobCam-iOS/BobCamAgent
    

SwiftCompile normal arm64 /Users/gunn.kim/study/BobCam/BobCam-iOS/BobCamAgent/BobCamAgent/ParameterTuning/ParameterTuningFramework.swift (in target 'BobCamAgent' from project 'BobCamAgent')
    cd /Users/gunn.kim/study/BobCam/BobCam-iOS/BobCamAgent
    
/Users/gunn.kim/study/BobCam/BobCam-iOS/BobCamAgent/BobCamAgent/ParameterTuning/ParameterTuningFramework.swift:208:13: warning: variable 'jitterSum' was never mutated; consider changing to 'let' constant
        var jitterSum = 0.0
        ~~~ ^
        let

SwiftDriverJobDiscovery normal arm64 Compiling CircularBuffer.swift, MetricsCalculator.swift (in target 'BobCamAgent' from project 'BobCamAgent')

SwiftDriverJobDiscovery normal arm64 Emitting module for BobCamAgent (in target 'BobCamAgent' from project 'BobCamAgent')

SwiftDriver\ Compilation\ Requirements BobCamAgent normal arm64 com.apple.xcode.tools.swift.compiler (in target 'BobCamAgent' from project 'BobCamAgent')
    cd /Users/gunn.kim/study/BobCam/BobCam-iOS/BobCamAgent
    builtin-Swift-Compilation-Requirements -- /Applications/Xcode.app/Contents/Developer/Toolchains/XcodeDefault.xctoolchain/usr/bin/swiftc -module-name BobCamAgent -Onone -enforce-exclusivity\=checked @/Users/gunn.kim/Library/Developer/Xcode/DerivedData/BobCamAgent-elvzdrtgzbztmwhjwnkkxvaocirp/Build/Intermediates.noindex/ArchiveIntermediates/BobCamAgent/IntermediateBuildFilesPath/BobCamAgent.build/Debug-iphoneos/BobCamAgent.build/Objects-normal/arm64/BobCamAgent.SwiftFileList -DDEBUG -enable-bare-slash-regex -enable-experimental-feature DebugDescriptionMacro -sdk /Applications/Xcode.app/Contents/Developer/Platforms/iPhoneOS.platform/Developer/SDKs/iPhoneOS18.5.sdk -target arm64-apple-ios15.0 -g -module-cache-path /Users/gunn.kim/Library/Developer/Xcode/DerivedData/ModuleCache.noindex -Xfrontend -serialize-debugging-options -enable-testing -swift-version 5 -I /Users/gunn.kim/Library/Developer/Xcode/DerivedData/BobCamAgent-elvzdrtgzbztmwhjwnkkxvaocirp/Build/Intermediates.noindex/ArchiveIntermediates/BobCamAgent/BuildProductsPath/Debug-iphoneos -F /Users/gunn.kim/Library/Developer/Xcode/DerivedData/BobCamAgent-elvzdrtgzbztmwhjwnkkxvaocirp/Build/Intermediates.noindex/ArchiveIntermediates/BobCamAgent/BuildProductsPath/Debug-iphoneos -emit-localized-strings -emit-localized-strings-path /Users/gunn.kim/Library/Developer/Xcode/DerivedData/BobCamAgent-elvzdrtgzbztmwhjwnkkxvaocirp/Build/Intermediates.noindex/ArchiveIntermediates/BobCamAgent/IntermediateBuildFilesPath/BobCamAgent.build/Debug-iphoneos/BobCamAgent.build/Objects-normal/arm64 -c -j12 -enable-batch-mode -incremental -Xcc -ivfsstatcache -Xcc /Users/gunn.kim/Library/Developer/Xcode/DerivedData/SDKStatCaches.noindex/iphoneos18.5-22F76-7fa4eea80a99bbfdc046826b63ec4baf.sdkstatcache -output-file-map /Users/gunn.kim/Library/Developer/Xcode/DerivedData/BobCamAgent-elvzdrtgzbztmwhjwnkkxvaocirp/Build/Intermediates.noindex/ArchiveIntermediates/BobCamAgent/IntermediateBuildFilesPath/BobCamAgent.build/Debug-iphoneos/BobCamAgent.build/Objects-normal/arm64/BobCamAgent-OutputFileMap.json -use-frontend-parseable-output -save-temps -no-color-diagnostics -serialize-diagnostics -emit-dependencies -emit-module -emit-module-path /Users/gunn.kim/Library/Developer/Xcode/DerivedData/BobCamAgent-elvzdrtgzbztmwhjwnkkxvaocirp/Build/Intermediates.noindex/ArchiveIntermediates/BobCamAgent/IntermediateBuildFilesPath/BobCamAgent.build/Debug-iphoneos/BobCamAgent.build/Objects-normal/arm64/BobCamAgent.swiftmodule -validate-clang-modules-once -clang-build-session-file /Users/gunn.kim/Library/Developer/Xcode/DerivedData/ModuleCache.noindex/Session.modulevalidation -Xcc -I/Users/gunn.kim/Library/Developer/Xcode/DerivedData/BobCamAgent-elvzdrtgzbztmwhjwnkkxvaocirp/Build/Intermediates.noindex/ArchiveIntermediates/BobCamAgent/IntermediateBuildFilesPath/BobCamAgent.build/Debug-iphoneos/BobCamAgent.build/swift-overrides.hmap -emit-const-values -Xfrontend -const-gather-protocols-file -Xfrontend /Users/gunn.kim/Library/Developer/Xcode/DerivedData/BobCamAgent-elvzdrtgzbztmwhjwnkkxvaocirp/Build/Intermediates.noindex/ArchiveIntermediates/BobCamAgent/IntermediateBuildFilesPath/BobCamAgent.build/Debug-iphoneos/BobCamAgent.build/Objects-normal/arm64/BobCamAgent_const_extract_protocols.json -Xcc -iquote -Xcc /Users/gunn.kim/Library/Developer/Xcode/DerivedData/BobCamAgent-elvzdrtgzbztmwhjwnkkxvaocirp/Build/Intermediates.noindex/ArchiveIntermediates/BobCamAgent/IntermediateBuildFilesPath/BobCamAgent.build/Debug-iphoneos/BobCamAgent.build/BobCamAgent-generated-files.hmap -Xcc -I/Users/gunn.kim/Library/Developer/Xcode/DerivedData/BobCamAgent-elvzdrtgzbztmwhjwnkkxvaocirp/Build/Intermediates.noindex/ArchiveIntermediates/BobCamAgent/IntermediateBuildFilesPath/BobCamAgent.build/Debug-iphoneos/BobCamAgent.build/BobCamAgent-own-target-headers.hmap -Xcc -I/Users/gunn.kim/Library/Developer/Xcode/DerivedData/BobCamAgent-elvzdrtgzbztmwhjwnkkxvaocirp/Build/Intermediates.noindex/ArchiveIntermediates/BobCamAgent/IntermediateBuildFilesPath/BobCamAgent.build/Debug-iphoneos/BobCamAgent.build/BobCamAgent-all-non-framework-target-headers.hmap -Xcc -ivfsoverlay -Xcc /Users/gunn.kim/Library/Developer/Xcode/DerivedData/BobCamAgent-elvzdrtgzbztmwhjwnkkxvaocirp/Build/Intermediates.noindex/ArchiveIntermediates/BobCamAgent/IntermediateBuildFilesPath/BobCamAgent.build/Debug-iphoneos/BobCamAgent-7bcf04dd287a8a6fc515f927e120d9d2-VFS-iphoneos/all-product-headers.yaml -Xcc -iquote -Xcc /Users/gunn.kim/Library/Developer/Xcode/DerivedData/BobCamAgent-elvzdrtgzbztmwhjwnkkxvaocirp/Build/Intermediates.noindex/ArchiveIntermediates/BobCamAgent/IntermediateBuildFilesPath/BobCamAgent.build/Debug-iphoneos/BobCamAgent.build/BobCamAgent-project-headers.hmap -Xcc -I/Users/gunn.kim/Library/Developer/Xcode/DerivedData/BobCamAgent-elvzdrtgzbztmwhjwnkkxvaocirp/Build/Intermediates.noindex/ArchiveIntermediates/BobCamAgent/BuildProductsPath/Debug-iphoneos/include -Xcc -I/Users/gunn.kim/Library/Developer/Xcode/DerivedData/BobCamAgent-elvzdrtgzbztmwhjwnkkxvaocirp/Build/Intermediates.noindex/ArchiveIntermediates/BobCamAgent/IntermediateBuildFilesPath/BobCamAgent.build/Debug-iphoneos/BobCamAgent.build/DerivedSources-normal/arm64 -Xcc -I/Users/gunn.kim/Library/Developer/Xcode/DerivedData/BobCamAgent-elvzdrtgzbztmwhjwnkkxvaocirp/Build/Intermediates.noindex/ArchiveIntermediates/BobCamAgent/IntermediateBuildFilesPath/BobCamAgent.build/Debug-iphoneos/BobCamAgent.build/DerivedSources/arm64 -Xcc -I/Users/gunn.kim/Library/Developer/Xcode/DerivedData/BobCamAgent-elvzdrtgzbztmwhjwnkkxvaocirp/Build/Intermediates.noindex/ArchiveIntermediates/BobCamAgent/IntermediateBuildFilesPath/BobCamAgent.build/Debug-iphoneos/BobCamAgent.build/DerivedSources -Xcc -DDEBUG\=1 -Xcc -DCOCOAPODS\=1 -emit-objc-header -emit-objc-header-path /Users/gunn.kim/Library/Developer/Xcode/DerivedData/BobCamAgent-elvzdrtgzbztmwhjwnkkxvaocirp/Build/Intermediates.noindex/ArchiveIntermediates/BobCamAgent/IntermediateBuildFilesPath/BobCamAgent.build/Debug-iphoneos/BobCamAgent.build/Objects-normal/arm64/BobCamAgent-Swift.h -working-directory /Users/gunn.kim/study/BobCam/BobCam-iOS/BobCamAgent -experimental-emit-module-separately -disable-cmo

SwiftMergeGeneratedHeaders /Users/gunn.kim/Library/Developer/Xcode/DerivedData/BobCamAgent-elvzdrtgzbztmwhjwnkkxvaocirp/Build/Intermediates.noindex/ArchiveIntermediates/BobCamAgent/IntermediateBuildFilesPath/BobCamAgent.build/Debug-iphoneos/BobCamAgent.build/DerivedSources/BobCamAgent-Swift.h /Users/gunn.kim/Library/Developer/Xcode/DerivedData/BobCamAgent-elvzdrtgzbztmwhjwnkkxvaocirp/Build/Intermediates.noindex/ArchiveIntermediates/BobCamAgent/IntermediateBuildFilesPath/BobCamAgent.build/Debug-iphoneos/BobCamAgent.build/Objects-normal/arm64/BobCamAgent-Swift.h (in target 'BobCamAgent' from project 'BobCamAgent')
    cd /Users/gunn.kim/study/BobCam/BobCam-iOS/BobCamAgent
    builtin-swiftHeaderTool -arch arm64 /Users/gunn.kim/Library/Developer/Xcode/DerivedData/BobCamAgent-elvzdrtgzbztmwhjwnkkxvaocirp/Build/Intermediates.noindex/ArchiveIntermediates/BobCamAgent/IntermediateBuildFilesPath/BobCamAgent.build/Debug-iphoneos/BobCamAgent.build/Objects-normal/arm64/BobCamAgent-Swift.h -o /Users/gunn.kim/Library/Developer/Xcode/DerivedData/BobCamAgent-elvzdrtgzbztmwhjwnkkxvaocirp/Build/Intermediates.noindex/ArchiveIntermediates/BobCamAgent/IntermediateBuildFilesPath/BobCamAgent.build/Debug-iphoneos/BobCamAgent.build/DerivedSources/BobCamAgent-Swift.h

Copy /Users/gunn.kim/Library/Developer/Xcode/DerivedData/BobCamAgent-elvzdrtgzbztmwhjwnkkxvaocirp/Build/Intermediates.noindex/ArchiveIntermediates/BobCamAgent/BuildProductsPath/Debug-iphoneos/BobCamAgent.swiftmodule/arm64-apple-ios.swiftmodule /Users/gunn.kim/Library/Developer/Xcode/DerivedData/BobCamAgent-elvzdrtgzbztmwhjwnkkxvaocirp/Build/Intermediates.noindex/ArchiveIntermediates/BobCamAgent/IntermediateBuildFilesPath/BobCamAgent.build/Debug-iphoneos/BobCamAgent.build/Objects-normal/arm64/BobCamAgent.swiftmodule (in target 'BobCamAgent' from project 'BobCamAgent')
    cd /Users/gunn.kim/study/BobCam/BobCam-iOS/BobCamAgent
    builtin-copy -exclude .DS_Store -exclude CVS -exclude .svn -exclude .git -exclude .hg -resolve-src-symlinks -rename /Users/gunn.kim/Library/Developer/Xcode/DerivedData/BobCamAgent-elvzdrtgzbztmwhjwnkkxvaocirp/Build/Intermediates.noindex/ArchiveIntermediates/BobCamAgent/IntermediateBuildFilesPath/BobCamAgent.build/Debug-iphoneos/BobCamAgent.build/Objects-normal/arm64/BobCamAgent.swiftmodule /Users/gunn.kim/Library/Developer/Xcode/DerivedData/BobCamAgent-elvzdrtgzbztmwhjwnkkxvaocirp/Build/Intermediates.noindex/ArchiveIntermediates/BobCamAgent/BuildProductsPath/Debug-iphoneos/BobCamAgent.swiftmodule/arm64-apple-ios.swiftmodule

Copy /Users/gunn.kim/Library/Developer/Xcode/DerivedData/BobCamAgent-elvzdrtgzbztmwhjwnkkxvaocirp/Build/Intermediates.noindex/ArchiveIntermediates/BobCamAgent/BuildProductsPath/Debug-iphoneos/BobCamAgent.swiftmodule/arm64-apple-ios.swiftdoc /Users/gunn.kim/Library/Developer/Xcode/DerivedData/BobCamAgent-elvzdrtgzbztmwhjwnkkxvaocirp/Build/Intermediates.noindex/ArchiveIntermediates/BobCamAgent/IntermediateBuildFilesPath/BobCamAgent.build/Debug-iphoneos/BobCamAgent.build/Objects-normal/arm64/BobCamAgent.swiftdoc (in target 'BobCamAgent' from project 'BobCamAgent')
    cd /Users/gunn.kim/study/BobCam/BobCam-iOS/BobCamAgent
    builtin-copy -exclude .DS_Store -exclude CVS -exclude .svn -exclude .git -exclude .hg -resolve-src-symlinks -rename /Users/gunn.kim/Library/Developer/Xcode/DerivedData/BobCamAgent-elvzdrtgzbztmwhjwnkkxvaocirp/Build/Intermediates.noindex/ArchiveIntermediates/BobCamAgent/IntermediateBuildFilesPath/BobCamAgent.build/Debug-iphoneos/BobCamAgent.build/Objects-normal/arm64/BobCamAgent.swiftdoc /Users/gunn.kim/Library/Developer/Xcode/DerivedData/BobCamAgent-elvzdrtgzbztmwhjwnkkxvaocirp/Build/Intermediates.noindex/ArchiveIntermediates/BobCamAgent/BuildProductsPath/Debug-iphoneos/BobCamAgent.swiftmodule/arm64-apple-ios.swiftdoc

Copy /Users/gunn.kim/Library/Developer/Xcode/DerivedData/BobCamAgent-elvzdrtgzbztmwhjwnkkxvaocirp/Build/Intermediates.noindex/ArchiveIntermediates/BobCamAgent/BuildProductsPath/Debug-iphoneos/BobCamAgent.swiftmodule/arm64-apple-ios.abi.json /Users/gunn.kim/Library/Developer/Xcode/DerivedData/BobCamAgent-elvzdrtgzbztmwhjwnkkxvaocirp/Build/Intermediates.noindex/ArchiveIntermediates/BobCamAgent/IntermediateBuildFilesPath/BobCamAgent.build/Debug-iphoneos/BobCamAgent.build/Objects-normal/arm64/BobCamAgent.abi.json (in target 'BobCamAgent' from project 'BobCamAgent')
    cd /Users/gunn.kim/study/BobCam/BobCam-iOS/BobCamAgent
    builtin-copy -exclude .DS_Store -exclude CVS -exclude .svn -exclude .git -exclude .hg -resolve-src-symlinks -rename /Users/gunn.kim/Library/Developer/Xcode/DerivedData/BobCamAgent-elvzdrtgzbztmwhjwnkkxvaocirp/Build/Intermediates.noindex/ArchiveIntermediates/BobCamAgent/IntermediateBuildFilesPath/BobCamAgent.build/Debug-iphoneos/BobCamAgent.build/Objects-normal/arm64/BobCamAgent.abi.json /Users/gunn.kim/Library/Developer/Xcode/DerivedData/BobCamAgent-elvzdrtgzbztmwhjwnkkxvaocirp/Build/Intermediates.noindex/ArchiveIntermediates/BobCamAgent/BuildProductsPath/Debug-iphoneos/BobCamAgent.swiftmodule/arm64-apple-ios.abi.json

PrecompileModule /Users/gunn.kim/Library/Developer/Xcode/DerivedData/BobCamAgent-elvzdrtgzbztmwhjwnkkxvaocirp/Build/Intermediates.noindex/ArchiveIntermediates/BobCamAgent/IntermediateBuildFilesPath/ExplicitPrecompiledModules/ptrcheck-67ST0G46IMOQO9ALNOFN6ULDN.scan
    cd /Users/gunn.kim/study/BobCam/BobCam-iOS/BobCamAgent/Pods
    builtin-precompileModule /Users/gunn.kim/Library/Developer/Xcode/DerivedData/BobCamAgent-elvzdrtgzbztmwhjwnkkxvaocirp/Build/Intermediates.noindex/ArchiveIntermediates/BobCamAgent/IntermediateBuildFilesPath/ExplicitPrecompiledModules/ptrcheck-67ST0G46IMOQO9ALNOFN6ULDN.scan

PrecompileModule /Users/gunn.kim/Library/Developer/Xcode/DerivedData/BobCamAgent-elvzdrtgzbztmwhjwnkkxvaocirp/Build/Intermediates.noindex/ArchiveIntermediates/BobCamAgent/IntermediateBuildFilesPath/ExplicitPrecompiledModules/_float-BQ9AE18YI8CMNWHYMLD15W1YG.scan
    cd /Users/gunn.kim/study/BobCam/BobCam-iOS/BobCamAgent/Pods
    builtin-precompileModule /Users/gunn.kim/Library/Developer/Xcode/DerivedData/BobCamAgent-elvzdrtgzbztmwhjwnkkxvaocirp/Build/Intermediates.noindex/ArchiveIntermediates/BobCamAgent/IntermediateBuildFilesPath/ExplicitPrecompiledModules/_float-BQ9AE18YI8CMNWHYMLD15W1YG.scan

PrecompileModule /Users/gunn.kim/Library/Developer/Xcode/DerivedData/BobCamAgent-elvzdrtgzbztmwhjwnkkxvaocirp/Build/Intermediates.noindex/ArchiveIntermediates/BobCamAgent/IntermediateBuildFilesPath/ExplicitPrecompiledModules/ptrauth-9SMHTZ06CV4CZVPU7M46OSCGQ.scan
    cd /Users/gunn.kim/study/BobCam/BobCam-iOS/BobCamAgent/Pods
    builtin-precompileModule /Users/gunn.kim/Library/Developer/Xcode/DerivedData/BobCamAgent-elvzdrtgzbztmwhjwnkkxvaocirp/Build/Intermediates.noindex/ArchiveIntermediates/BobCamAgent/IntermediateBuildFilesPath/ExplicitPrecompiledModules/ptrauth-9SMHTZ06CV4CZVPU7M46OSCGQ.scan

SwiftDriverJobDiscovery normal arm64 Compiling BobCamApp.swift, ContentView.swift, CameraService.swift (in target 'BobCamAgent' from project 'BobCamAgent')

PrecompileModule /Users/gunn.kim/Library/Developer/Xcode/DerivedData/BobCamAgent-elvzdrtgzbztmwhjwnkkxvaocirp/Build/Intermediates.noindex/ArchiveIntermediates/BobCamAgent/IntermediateBuildFilesPath/ExplicitPrecompiledModules/_Builtin_iso646-6R5OGSRG3CANET5EBX120JYTV.scan
    cd /Users/gunn.kim/study/BobCam/BobCam-iOS/BobCamAgent/Pods
    builtin-precompileModule /Users/gunn.kim/Library/Developer/Xcode/DerivedData/BobCamAgent-elvzdrtgzbztmwhjwnkkxvaocirp/Build/Intermediates.noindex/ArchiveIntermediates/BobCamAgent/IntermediateBuildFilesPath/ExplicitPrecompiledModules/_Builtin_iso646-6R5OGSRG3CANET5EBX120JYTV.scan

PrecompileModule /Users/gunn.kim/Library/Developer/Xcode/DerivedData/BobCamAgent-elvzdrtgzbztmwhjwnkkxvaocirp/Build/Intermediates.noindex/ArchiveIntermediates/BobCamAgent/IntermediateBuildFilesPath/ExplicitPrecompiledModules/os_availability_internal-8LI8E3MP9Q1GWIJ8WDR3FJUWG.scan
    cd /Users/gunn.kim/study/BobCam/BobCam-iOS/BobCamAgent/Pods
    builtin-precompileModule /Users/gunn.kim/Library/Developer/Xcode/DerivedData/BobCamAgent-elvzdrtgzbztmwhjwnkkxvaocirp/Build/Intermediates.noindex/ArchiveIntermediates/BobCamAgent/IntermediateBuildFilesPath/ExplicitPrecompiledModules/os_availability_internal-8LI8E3MP9Q1GWIJ8WDR3FJUWG.scan

PrecompileModule /Users/gunn.kim/Library/Developer/Xcode/DerivedData/BobCamAgent-elvzdrtgzbztmwhjwnkkxvaocirp/Build/Intermediates.noindex/ArchiveIntermediates/BobCamAgent/IntermediateBuildFilesPath/ExplicitPrecompiledModules/_Builtin_float-4LIA54D1SCMH778F0GWZ4N6J8.scan
    cd /Users/gunn.kim/study/BobCam/BobCam-iOS/BobCamAgent/Pods
    builtin-precompileModule /Users/gunn.kim/Library/Developer/Xcode/DerivedData/BobCamAgent-elvzdrtgzbztmwhjwnkkxvaocirp/Build/Intermediates.noindex/ArchiveIntermediates/BobCamAgent/IntermediateBuildFilesPath/ExplicitPrecompiledModules/_Builtin_float-4LIA54D1SCMH778F0GWZ4N6J8.scan

PrecompileModule /Users/gunn.kim/Library/Developer/Xcode/DerivedData/BobCamAgent-elvzdrtgzbztmwhjwnkkxvaocirp/Build/Intermediates.noindex/ArchiveIntermediates/BobCamAgent/IntermediateBuildFilesPath/ExplicitPrecompiledModules/_Builtin_stddef-OUYSNB9U6KQP8V681RXPEWTG.scan
    cd /Users/gunn.kim/study/BobCam/BobCam-iOS/BobCamAgent/Pods
    builtin-precompileModule /Users/gunn.kim/Library/Developer/Xcode/DerivedData/BobCamAgent-elvzdrtgzbztmwhjwnkkxvaocirp/Build/Intermediates.noindex/ArchiveIntermediates/BobCamAgent/IntermediateBuildFilesPath/ExplicitPrecompiledModules/_Builtin_stddef-OUYSNB9U6KQP8V681RXPEWTG.scan

PrecompileModule /Users/gunn.kim/Library/Developer/Xcode/DerivedData/BobCamAgent-elvzdrtgzbztmwhjwnkkxvaocirp/Build/Intermediates.noindex/ArchiveIntermediates/BobCamAgent/IntermediateBuildFilesPath/ExplicitPrecompiledModules/_Builtin_stdarg-F0QW770BTSM3ALF8Y3C2ZT8LY.scan
    cd /Users/gunn.kim/study/BobCam/BobCam-iOS/BobCamAgent/Pods
    builtin-precompileModule /Users/gunn.kim/Library/Developer/Xcode/DerivedData/BobCamAgent-elvzdrtgzbztmwhjwnkkxvaocirp/Build/Intermediates.noindex/ArchiveIntermediates/BobCamAgent/IntermediateBuildFilesPath/ExplicitPrecompiledModules/_Builtin_stdarg-F0QW770BTSM3ALF8Y3C2ZT8LY.scan

PrecompileModule /Users/gunn.kim/Library/Developer/Xcode/DerivedData/BobCamAgent-elvzdrtgzbztmwhjwnkkxvaocirp/Build/Intermediates.noindex/ArchiveIntermediates/BobCamAgent/IntermediateBuildFilesPath/ExplicitPrecompiledModules/_Builtin_stdbool-AB2ADONW1ZP1FNOGD8KQDPN1Q.scan
    cd /Users/gunn.kim/study/BobCam/BobCam-iOS/BobCamAgent/Pods
    builtin-precompileModule /Users/gunn.kim/Library/Developer/Xcode/DerivedData/BobCamAgent-elvzdrtgzbztmwhjwnkkxvaocirp/Build/Intermediates.noindex/ArchiveIntermediates/BobCamAgent/IntermediateBuildFilesPath/ExplicitPrecompiledModules/_Builtin_stdbool-AB2ADONW1ZP1FNOGD8KQDPN1Q.scan

PrecompileModule /Users/gunn.kim/Library/Developer/Xcode/DerivedData/BobCamAgent-elvzdrtgzbztmwhjwnkkxvaocirp/Build/Intermediates.noindex/ArchiveIntermediates/BobCamAgent/IntermediateBuildFilesPath/ExplicitPrecompiledModules/os_availability-BQ0EAPBZIRPI5ZV92F6WC4N3E.scan
    cd /Users/gunn.kim/study/BobCam/BobCam-iOS/BobCamAgent/Pods
    builtin-precompileModule /Users/gunn.kim/Library/Developer/Xcode/DerivedData/BobCamAgent-elvzdrtgzbztmwhjwnkkxvaocirp/Build/Intermediates.noindex/ArchiveIntermediates/BobCamAgent/IntermediateBuildFilesPath/ExplicitPrecompiledModules/os_availability-BQ0EAPBZIRPI5ZV92F6WC4N3E.scan

PrecompileModule /Users/gunn.kim/Library/Developer/Xcode/DerivedData/BobCamAgent-elvzdrtgzbztmwhjwnkkxvaocirp/Build/Intermediates.noindex/ArchiveIntermediates/BobCamAgent/IntermediateBuildFilesPath/ExplicitPrecompiledModules/TargetConditionals-65V8WZMHT6GAB0T1Z5VDHPZGU.scan
    cd /Users/gunn.kim/study/BobCam/BobCam-iOS/BobCamAgent/Pods
    builtin-precompileModule /Users/gunn.kim/Library/Developer/Xcode/DerivedData/BobCamAgent-elvzdrtgzbztmwhjwnkkxvaocirp/Build/Intermediates.noindex/ArchiveIntermediates/BobCamAgent/IntermediateBuildFilesPath/ExplicitPrecompiledModules/TargetConditionals-65V8WZMHT6GAB0T1Z5VDHPZGU.scan

PrecompileModule /Users/gunn.kim/Library/Developer/Xcode/DerivedData/BobCamAgent-elvzdrtgzbztmwhjwnkkxvaocirp/Build/Intermediates.noindex/ArchiveIntermediates/BobCamAgent/IntermediateBuildFilesPath/ExplicitPrecompiledModules/_fenv-4WY62X1YULTUNFT1PGQ9PS5H5.scan
    cd /Users/gunn.kim/study/BobCam/BobCam-iOS/BobCamAgent/Pods
    builtin-precompileModule /Users/gunn.kim/Library/Developer/Xcode/DerivedData/BobCamAgent-elvzdrtgzbztmwhjwnkkxvaocirp/Build/Intermediates.noindex/ArchiveIntermediates/BobCamAgent/IntermediateBuildFilesPath/ExplicitPrecompiledModules/_fenv-4WY62X1YULTUNFT1PGQ9PS5H5.scan

PrecompileModule /Users/gunn.kim/Library/Developer/Xcode/DerivedData/BobCamAgent-elvzdrtgzbztmwhjwnkkxvaocirp/Build/Intermediates.noindex/ArchiveIntermediates/BobCamAgent/IntermediateBuildFilesPath/ExplicitPrecompiledModules/DarwinFoundation-6ZBJ1CA7GYMLNC5BTXS71IWR1.scan
    cd /Users/gunn.kim/study/BobCam/BobCam-iOS/BobCamAgent/Pods
    builtin-precompileModule /Users/gunn.kim/Library/Developer/Xcode/DerivedData/BobCamAgent-elvzdrtgzbztmwhjwnkkxvaocirp/Build/Intermediates.noindex/ArchiveIntermediates/BobCamAgent/IntermediateBuildFilesPath/ExplicitPrecompiledModules/DarwinFoundation-6ZBJ1CA7GYMLNC5BTXS71IWR1.scan

PrecompileModule /Users/gunn.kim/Library/Developer/Xcode/DerivedData/BobCamAgent-elvzdrtgzbztmwhjwnkkxvaocirp/Build/Intermediates.noindex/ArchiveIntermediates/BobCamAgent/IntermediateBuildFilesPath/ExplicitPrecompiledModules/AvailabilityMacros-7LV2CK9HMH6O3GHQ80867A4S2.scan
    cd /Users/gunn.kim/study/BobCam/BobCam-iOS/BobCamAgent/Pods
    builtin-precompileModule /Users/gunn.kim/Library/Developer/Xcode/DerivedData/BobCamAgent-elvzdrtgzbztmwhjwnkkxvaocirp/Build/Intermediates.noindex/ArchiveIntermediates/BobCamAgent/IntermediateBuildFilesPath/ExplicitPrecompiledModules/AvailabilityMacros-7LV2CK9HMH6O3GHQ80867A4S2.scan

PrecompileModule /Users/gunn.kim/Library/Developer/Xcode/DerivedData/BobCamAgent-elvzdrtgzbztmwhjwnkkxvaocirp/Build/Intermediates.noindex/ArchiveIntermediates/BobCamAgent/IntermediateBuildFilesPath/ExplicitPrecompiledModules/_limits-1K7J0O79P8JTOWKZ89T67PDKG.scan
    cd /Users/gunn.kim/study/BobCam/BobCam-iOS/BobCamAgent/Pods
    builtin-precompileModule /Users/gunn.kim/Library/Developer/Xcode/DerivedData/BobCamAgent-elvzdrtgzbztmwhjwnkkxvaocirp/Build/Intermediates.noindex/ArchiveIntermediates/BobCamAgent/IntermediateBuildFilesPath/ExplicitPrecompiledModules/_limits-1K7J0O79P8JTOWKZ89T67PDKG.scan

PrecompileModule /Users/gunn.kim/Library/Developer/Xcode/DerivedData/BobCamAgent-elvzdrtgzbztmwhjwnkkxvaocirp/Build/Intermediates.noindex/ArchiveIntermediates/BobCamAgent/IntermediateBuildFilesPath/ExplicitPrecompiledModules/_setjmp-89X8257Z18EC5MUZS1398DGEC.scan
    cd /Users/gunn.kim/study/BobCam/BobCam-iOS/BobCamAgent/Pods
    builtin-precompileModule /Users/gunn.kim/Library/Developer/Xcode/DerivedData/BobCamAgent-elvzdrtgzbztmwhjwnkkxvaocirp/Build/Intermediates.noindex/ArchiveIntermediates/BobCamAgent/IntermediateBuildFilesPath/ExplicitPrecompiledModules/_setjmp-89X8257Z18EC5MUZS1398DGEC.scan

PrecompileModule /Users/gunn.kim/Library/Developer/Xcode/DerivedData/BobCamAgent-elvzdrtgzbztmwhjwnkkxvaocirp/Build/Intermediates.noindex/ArchiveIntermediates/BobCamAgent/IntermediateBuildFilesPath/ExplicitPrecompiledModules/uuid-1YPXD3ED3IBU1SU9X006U7SLC.scan
    cd /Users/gunn.kim/study/BobCam/BobCam-iOS/BobCamAgent/Pods
    builtin-precompileModule /Users/gunn.kim/Library/Developer/Xcode/DerivedData/BobCamAgent-elvzdrtgzbztmwhjwnkkxvaocirp/Build/Intermediates.noindex/ArchiveIntermediates/BobCamAgent/IntermediateBuildFilesPath/ExplicitPrecompiledModules/uuid-1YPXD3ED3IBU1SU9X006U7SLC.scan

PrecompileModule /Users/gunn.kim/Library/Developer/Xcode/DerivedData/BobCamAgent-elvzdrtgzbztmwhjwnkkxvaocirp/Build/Intermediates.noindex/ArchiveIntermediates/BobCamAgent/IntermediateBuildFilesPath/ExplicitPrecompiledModules/netinet_in-3WGCJWY719S9FMNOM9SEQ6D4C.scan
    cd /Users/gunn.kim/study/BobCam/BobCam-iOS/BobCamAgent/Pods
    builtin-precompileModule /Users/gunn.kim/Library/Developer/Xcode/DerivedData/BobCamAgent-elvzdrtgzbztmwhjwnkkxvaocirp/Build/Intermediates.noindex/ArchiveIntermediates/BobCamAgent/IntermediateBuildFilesPath/ExplicitPrecompiledModules/netinet_in-3WGCJWY719S9FMNOM9SEQ6D4C.scan

SwiftDriverJobDiscovery normal arm64 Compiling DebugSettings.swift, LandmarksOverlayView.swift (in target 'BobCamAgent' from project 'BobCamAgent')

PrecompileModule /Users/gunn.kim/Library/Developer/Xcode/DerivedData/BobCamAgent-elvzdrtgzbztmwhjwnkkxvaocirp/Build/Intermediates.noindex/ArchiveIntermediates/BobCamAgent/IntermediateBuildFilesPath/ExplicitPrecompiledModules/_strings-EY7IZ4XSN9OZFZBKA0V5WHQ67.scan
    cd /Users/gunn.kim/study/BobCam/BobCam-iOS/BobCamAgent/Pods
    builtin-precompileModule /Users/gunn.kim/Library/Developer/Xcode/DerivedData/BobCamAgent-elvzdrtgzbztmwhjwnkkxvaocirp/Build/Intermediates.noindex/ArchiveIntermediates/BobCamAgent/IntermediateBuildFilesPath/ExplicitPrecompiledModules/_strings-EY7IZ4XSN9OZFZBKA0V5WHQ67.scan

PrecompileModule /Users/gunn.kim/Library/Developer/Xcode/DerivedData/BobCamAgent-elvzdrtgzbztmwhjwnkkxvaocirp/Build/Intermediates.noindex/ArchiveIntermediates/BobCamAgent/IntermediateBuildFilesPath/ExplicitPrecompiledModules/_useconds_t-1MKUWCGQPI6AU9TIWU8TC434X.scan
    cd /Users/gunn.kim/study/BobCam/BobCam-iOS/BobCamAgent/Pods
    builtin-precompileModule /Users/gunn.kim/Library/Developer/Xcode/DerivedData/BobCamAgent-elvzdrtgzbztmwhjwnkkxvaocirp/Build/Intermediates.noindex/ArchiveIntermediates/BobCamAgent/IntermediateBuildFilesPath/ExplicitPrecompiledModules/_useconds_t-1MKUWCGQPI6AU9TIWU8TC434X.scan

PrecompileModule /Users/gunn.kim/Library/Developer/Xcode/DerivedData/BobCamAgent-elvzdrtgzbztmwhjwnkkxvaocirp/Build/Intermediates.noindex/ArchiveIntermediates/BobCamAgent/IntermediateBuildFilesPath/ExplicitPrecompiledModules/_assert-EXEHIODWY22TZ9AQCDVQ5DJ07.scan
    cd /Users/gunn.kim/study/BobCam/BobCam-iOS/BobCamAgent/Pods
    builtin-precompileModule /Users/gunn.kim/Library/Developer/Xcode/DerivedData/BobCamAgent-elvzdrtgzbztmwhjwnkkxvaocirp/Build/Intermediates.noindex/ArchiveIntermediates/BobCamAgent/IntermediateBuildFilesPath/ExplicitPrecompiledModules/_assert-EXEHIODWY22TZ9AQCDVQ5DJ07.scan

PrecompileModule /Users/gunn.kim/Library/Developer/Xcode/DerivedData/BobCamAgent-elvzdrtgzbztmwhjwnkkxvaocirp/Build/Intermediates.noindex/ArchiveIntermediates/BobCamAgent/IntermediateBuildFilesPath/ExplicitPrecompiledModules/_sys_select-518Z8HD03197BEY9T0G3NKFUD.scan
    cd /Users/gunn.kim/study/BobCam/BobCam-iOS/BobCamAgent/Pods
    builtin-precompileModule /Users/gunn.kim/Library/Developer/Xcode/DerivedData/BobCamAgent-elvzdrtgzbztmwhjwnkkxvaocirp/Build/Intermediates.noindex/ArchiveIntermediates/BobCamAgent/IntermediateBuildFilesPath/ExplicitPrecompiledModules/_sys_select-518Z8HD03197BEY9T0G3NKFUD.scan

PrecompileModule /Users/gunn.kim/Library/Developer/Xcode/DerivedData/BobCamAgent-elvzdrtgzbztmwhjwnkkxvaocirp/Build/Intermediates.noindex/ArchiveIntermediates/BobCamAgent/IntermediateBuildFilesPath/ExplicitPrecompiledModules/_locale-84FO4GW1FEOT6O4JYM8MP7W03.scan
    cd /Users/gunn.kim/study/BobCam/BobCam-iOS/BobCamAgent/Pods
    builtin-precompileModule /Users/gunn.kim/Library/Developer/Xcode/DerivedData/BobCamAgent-elvzdrtgzbztmwhjwnkkxvaocirp/Build/Intermediates.noindex/ArchiveIntermediates/BobCamAgent/IntermediateBuildFilesPath/ExplicitPrecompiledModules/_locale-84FO4GW1FEOT6O4JYM8MP7W03.scan

PrecompileModule /Users/gunn.kim/Library/Developer/Xcode/DerivedData/BobCamAgent-elvzdrtgzbztmwhjwnkkxvaocirp/Build/Intermediates.noindex/ArchiveIntermediates/BobCamAgent/IntermediateBuildFilesPath/ExplicitPrecompiledModules/mach-CZ989GLBMWWB7X4883JFFMD3Q.scan
    cd /Users/gunn.kim/study/BobCam/BobCam-iOS/BobCamAgent/Pods
    builtin-precompileModule /Users/gunn.kim/Library/Developer/Xcode/DerivedData/BobCamAgent-elvzdrtgzbztmwhjwnkkxvaocirp/Build/Intermediates.noindex/ArchiveIntermediates/BobCamAgent/IntermediateBuildFilesPath/ExplicitPrecompiledModules/mach-CZ989GLBMWWB7X4883JFFMD3Q.scan

PrecompileModule /Users/gunn.kim/Library/Developer/Xcode/DerivedData/BobCamAgent-elvzdrtgzbztmwhjwnkkxvaocirp/Build/Intermediates.noindex/ArchiveIntermediates/BobCamAgent/IntermediateBuildFilesPath/ExplicitPrecompiledModules/sys_time-25DP4CPHRD9FBZ53AZ6CG7DG9.scan
    cd /Users/gunn.kim/study/BobCam/BobCam-iOS/BobCamAgent/Pods
    builtin-precompileModule /Users/gunn.kim/Library/Developer/Xcode/DerivedData/BobCamAgent-elvzdrtgzbztmwhjwnkkxvaocirp/Build/Intermediates.noindex/ArchiveIntermediates/BobCamAgent/IntermediateBuildFilesPath/ExplicitPrecompiledModules/sys_time-25DP4CPHRD9FBZ53AZ6CG7DG9.scan

SwiftDriverJobDiscovery normal arm64 Compiling ContentView+Debug.swift, DebugCameraView.swift (in target 'BobCamAgent' from project 'BobCamAgent')

PrecompileModule /Users/gunn.kim/Library/Developer/Xcode/DerivedData/BobCamAgent-elvzdrtgzbztmwhjwnkkxvaocirp/Build/Intermediates.noindex/ArchiveIntermediates/BobCamAgent/IntermediateBuildFilesPath/ExplicitPrecompiledModules/alloca-5IK0HPRTSY8O0PNRT153RWHYU.scan
    cd /Users/gunn.kim/study/BobCam/BobCam-iOS/BobCamAgent/Pods
    builtin-precompileModule /Users/gunn.kim/Library/Developer/Xcode/DerivedData/BobCamAgent-elvzdrtgzbztmwhjwnkkxvaocirp/Build/Intermediates.noindex/ArchiveIntermediates/BobCamAgent/IntermediateBuildFilesPath/ExplicitPrecompiledModules/alloca-5IK0HPRTSY8O0PNRT153RWHYU.scan

PrecompileModule /Users/gunn.kim/Library/Developer/Xcode/DerivedData/BobCamAgent-elvzdrtgzbztmwhjwnkkxvaocirp/Build/Intermediates.noindex/ArchiveIntermediates/BobCamAgent/IntermediateBuildFilesPath/ExplicitPrecompiledModules/_complex-3NDMSP58W2C6KF1W8071XHVS1.scan
    cd /Users/gunn.kim/study/BobCam/BobCam-iOS/BobCamAgent/Pods
    builtin-precompileModule /Users/gunn.kim/Library/Developer/Xcode/DerivedData/BobCamAgent-elvzdrtgzbztmwhjwnkkxvaocirp/Build/Intermediates.noindex/ArchiveIntermediates/BobCamAgent/IntermediateBuildFilesPath/ExplicitPrecompiledModules/_complex-3NDMSP58W2C6KF1W8071XHVS1.scan

PrecompileModule /Users/gunn.kim/Library/Developer/Xcode/DerivedData/BobCamAgent-elvzdrtgzbztmwhjwnkkxvaocirp/Build/Intermediates.noindex/ArchiveIntermediates/BobCamAgent/IntermediateBuildFilesPath/ExplicitPrecompiledModules/_stdint-8E7OS6GDDLD4DEO4N7H935Q4M.scan
    cd /Users/gunn.kim/study/BobCam/BobCam-iOS/BobCamAgent/Pods
    builtin-precompileModule /Users/gunn.kim/Library/Developer/Xcode/DerivedData/BobCamAgent-elvzdrtgzbztmwhjwnkkxvaocirp/Build/Intermediates.noindex/ArchiveIntermediates/BobCamAgent/IntermediateBuildFilesPath/ExplicitPrecompiledModules/_stdint-8E7OS6GDDLD4DEO4N7H935Q4M.scan

PrecompileModule /Users/gunn.kim/Library/Developer/Xcode/DerivedData/BobCamAgent-elvzdrtgzbztmwhjwnkkxvaocirp/Build/Intermediates.noindex/ArchiveIntermediates/BobCamAgent/IntermediateBuildFilesPath/ExplicitPrecompiledModules/xlocale-1IMMFQZNAHO72XCVXH8F9QDGH.scan
    cd /Users/gunn.kim/study/BobCam/BobCam-iOS/BobCamAgent/Pods
    builtin-precompileModule /Users/gunn.kim/Library/Developer/Xcode/DerivedData/BobCamAgent-elvzdrtgzbztmwhjwnkkxvaocirp/Build/Intermediates.noindex/ArchiveIntermediates/BobCamAgent/IntermediateBuildFilesPath/ExplicitPrecompiledModules/xlocale-1IMMFQZNAHO72XCVXH8F9QDGH.scan

PrecompileModule /Users/gunn.kim/Library/Developer/Xcode/DerivedData/BobCamAgent-elvzdrtgzbztmwhjwnkkxvaocirp/Build/Intermediates.noindex/ArchiveIntermediates/BobCamAgent/IntermediateBuildFilesPath/ExplicitPrecompiledModules/_errno-4AF3I5F5PTGIZ2TS875J3SD8K.scan
    cd /Users/gunn.kim/study/BobCam/BobCam-iOS/BobCamAgent/Pods
    builtin-precompileModule /Users/gunn.kim/Library/Developer/Xcode/DerivedData/BobCamAgent-elvzdrtgzbztmwhjwnkkxvaocirp/Build/Intermediates.noindex/ArchiveIntermediates/BobCamAgent/IntermediateBuildFilesPath/ExplicitPrecompiledModules/_errno-4AF3I5F5PTGIZ2TS875J3SD8K.scan

PrecompileModule /Users/gunn.kim/Library/Developer/Xcode/DerivedData/BobCamAgent-elvzdrtgzbztmwhjwnkkxvaocirp/Build/Intermediates.noindex/ArchiveIntermediates/BobCamAgent/IntermediateBuildFilesPath/ExplicitPrecompiledModules/_Builtin_limits-AWRL4V595ZSGFQJGCDWBYSM98.scan
    cd /Users/gunn.kim/study/BobCam/BobCam-iOS/BobCamAgent/Pods
    builtin-precompileModule /Users/gunn.kim/Library/Developer/Xcode/DerivedData/BobCamAgent-elvzdrtgzbztmwhjwnkkxvaocirp/Build/Intermediates.noindex/ArchiveIntermediates/BobCamAgent/IntermediateBuildFilesPath/ExplicitPrecompiledModules/_Builtin_limits-AWRL4V595ZSGFQJGCDWBYSM98.scan

PrecompileModule /Users/gunn.kim/Library/Developer/Xcode/DerivedData/BobCamAgent-elvzdrtgzbztmwhjwnkkxvaocirp/Build/Intermediates.noindex/ArchiveIntermediates/BobCamAgent/IntermediateBuildFilesPath/ExplicitPrecompiledModules/_math-6AQ633YMOZI7SN9NVANB7A5CF.scan
    cd /Users/gunn.kim/study/BobCam/BobCam-iOS/BobCamAgent/Pods
    builtin-precompileModule /Users/gunn.kim/Library/Developer/Xcode/DerivedData/BobCamAgent-elvzdrtgzbztmwhjwnkkxvaocirp/Build/Intermediates.noindex/ArchiveIntermediates/BobCamAgent/IntermediateBuildFilesPath/ExplicitPrecompiledModules/_math-6AQ633YMOZI7SN9NVANB7A5CF.scan

PrecompileModule /Users/gunn.kim/Library/Developer/Xcode/DerivedData/BobCamAgent-elvzdrtgzbztmwhjwnkkxvaocirp/Build/Intermediates.noindex/ArchiveIntermediates/BobCamAgent/IntermediateBuildFilesPath/ExplicitPrecompiledModules/runetype-C11UYG32X0DHUTCM72MYWO3HS.scan
    cd /Users/gunn.kim/study/BobCam/BobCam-iOS/BobCamAgent/Pods
    builtin-precompileModule /Users/gunn.kim/Library/Developer/Xcode/DerivedData/BobCamAgent-elvzdrtgzbztmwhjwnkkxvaocirp/Build/Intermediates.noindex/ArchiveIntermediates/BobCamAgent/IntermediateBuildFilesPath/ExplicitPrecompiledModules/runetype-C11UYG32X0DHUTCM72MYWO3HS.scan

PrecompileModule /Users/gunn.kim/Library/Developer/Xcode/DerivedData/BobCamAgent-elvzdrtgzbztmwhjwnkkxvaocirp/Build/Intermediates.noindex/ArchiveIntermediates/BobCamAgent/IntermediateBuildFilesPath/ExplicitPrecompiledModules/_Builtin_stdint-3OXE1NLSM8YBMS90OQA79XNOB.scan
    cd /Users/gunn.kim/study/BobCam/BobCam-iOS/BobCamAgent/Pods
    builtin-precompileModule /Users/gunn.kim/Library/Developer/Xcode/DerivedData/BobCamAgent-elvzdrtgzbztmwhjwnkkxvaocirp/Build/Intermediates.noindex/ArchiveIntermediates/BobCamAgent/IntermediateBuildFilesPath/ExplicitPrecompiledModules/_Builtin_stdint-3OXE1NLSM8YBMS90OQA79XNOB.scan

PrecompileModule /Users/gunn.kim/Library/Developer/Xcode/DerivedData/BobCamAgent-elvzdrtgzbztmwhjwnkkxvaocirp/Build/Intermediates.noindex/ArchiveIntermediates/BobCamAgent/IntermediateBuildFilesPath/ExplicitPrecompiledModules/sys_types-4GKNKL50L1487AISXT18AK23.scan
    cd /Users/gunn.kim/study/BobCam/BobCam-iOS/BobCamAgent/Pods
    builtin-precompileModule /Users/gunn.kim/Library/Developer/Xcode/DerivedData/BobCamAgent-elvzdrtgzbztmwhjwnkkxvaocirp/Build/Intermediates.noindex/ArchiveIntermediates/BobCamAgent/IntermediateBuildFilesPath/ExplicitPrecompiledModules/sys_types-4GKNKL50L1487AISXT18AK23.scan

PrecompileModule /Users/gunn.kim/Library/Developer/Xcode/DerivedData/BobCamAgent-elvzdrtgzbztmwhjwnkkxvaocirp/Build/Intermediates.noindex/ArchiveIntermediates/BobCamAgent/IntermediateBuildFilesPath/ExplicitPrecompiledModules/_ctype-CSAGC8MM1VGRR0QXXNY7Z8ZUI.scan
    cd /Users/gunn.kim/study/BobCam/BobCam-iOS/BobCamAgent/Pods
    builtin-precompileModule /Users/gunn.kim/Library/Developer/Xcode/DerivedData/BobCamAgent-elvzdrtgzbztmwhjwnkkxvaocirp/Build/Intermediates.noindex/ArchiveIntermediates/BobCamAgent/IntermediateBuildFilesPath/ExplicitPrecompiledModules/_ctype-CSAGC8MM1VGRR0QXXNY7Z8ZUI.scan

PrecompileModule /Users/gunn.kim/Library/Developer/Xcode/DerivedData/BobCamAgent-elvzdrtgzbztmwhjwnkkxvaocirp/Build/Intermediates.noindex/ArchiveIntermediates/BobCamAgent/IntermediateBuildFilesPath/ExplicitPrecompiledModules/_tgmath-31O7MSTWI3M19CXHOJ1ML7H4Q.scan
    cd /Users/gunn.kim/study/BobCam/BobCam-iOS/BobCamAgent/Pods
    builtin-precompileModule /Users/gunn.kim/Library/Developer/Xcode/DerivedData/BobCamAgent-elvzdrtgzbztmwhjwnkkxvaocirp/Build/Intermediates.noindex/ArchiveIntermediates/BobCamAgent/IntermediateBuildFilesPath/ExplicitPrecompiledModules/_tgmath-31O7MSTWI3M19CXHOJ1ML7H4Q.scan

PrecompileModule /Users/gunn.kim/Library/Developer/Xcode/DerivedData/BobCamAgent-elvzdrtgzbztmwhjwnkkxvaocirp/Build/Intermediates.noindex/ArchiveIntermediates/BobCamAgent/IntermediateBuildFilesPath/ExplicitPrecompiledModules/_inttypes-C21K2YUOC5E8LNOWW1CS778AN.scan
    cd /Users/gunn.kim/study/BobCam/BobCam-iOS/BobCamAgent/Pods
    builtin-precompileModule /Users/gunn.kim/Library/Developer/Xcode/DerivedData/BobCamAgent-elvzdrtgzbztmwhjwnkkxvaocirp/Build/Intermediates.noindex/ArchiveIntermediates/BobCamAgent/IntermediateBuildFilesPath/ExplicitPrecompiledModules/_inttypes-C21K2YUOC5E8LNOWW1CS778AN.scan

PrecompileModule /Users/gunn.kim/Library/Developer/Xcode/DerivedData/BobCamAgent-elvzdrtgzbztmwhjwnkkxvaocirp/Build/Intermediates.noindex/ArchiveIntermediates/BobCamAgent/IntermediateBuildFilesPath/ExplicitPrecompiledModules/_Builtin_stdatomic-9S6JKITSVR5O9THQJOR3RWY00.scan
    cd /Users/gunn.kim/study/BobCam/BobCam-iOS/BobCamAgent/Pods
    builtin-precompileModule /Users/gunn.kim/Library/Developer/Xcode/DerivedData/BobCamAgent-elvzdrtgzbztmwhjwnkkxvaocirp/Build/Intermediates.noindex/ArchiveIntermediates/BobCamAgent/IntermediateBuildFilesPath/ExplicitPrecompiledModules/_Builtin_stdatomic-9S6JKITSVR5O9THQJOR3RWY00.scan

PrecompileModule /Users/gunn.kim/Library/Developer/Xcode/DerivedData/BobCamAgent-elvzdrtgzbztmwhjwnkkxvaocirp/Build/Intermediates.noindex/ArchiveIntermediates/BobCamAgent/IntermediateBuildFilesPath/ExplicitPrecompiledModules/_string-A1P32OHY1EAO0FNAR97C9UIC6.scan
    cd /Users/gunn.kim/study/BobCam/BobCam-iOS/BobCamAgent/Pods
    builtin-precompileModule /Users/gunn.kim/Library/Developer/Xcode/DerivedData/BobCamAgent-elvzdrtgzbztmwhjwnkkxvaocirp/Build/Intermediates.noindex/ArchiveIntermediates/BobCamAgent/IntermediateBuildFilesPath/ExplicitPrecompiledModules/_string-A1P32OHY1EAO0FNAR97C9UIC6.scan

PrecompileModule /Users/gunn.kim/Library/Developer/Xcode/DerivedData/BobCamAgent-elvzdrtgzbztmwhjwnkkxvaocirp/Build/Intermediates.noindex/ArchiveIntermediates/BobCamAgent/IntermediateBuildFilesPath/ExplicitPrecompiledModules/_signal-RAE3R0079JSEUY7A2U1H430E.scan
    cd /Users/gunn.kim/study/BobCam/BobCam-iOS/BobCamAgent/Pods
    builtin-precompileModule /Users/gunn.kim/Library/Developer/Xcode/DerivedData/BobCamAgent-elvzdrtgzbztmwhjwnkkxvaocirp/Build/Intermediates.noindex/ArchiveIntermediates/BobCamAgent/IntermediateBuildFilesPath/ExplicitPrecompiledModules/_signal-RAE3R0079JSEUY7A2U1H430E.scan

PrecompileModule /Users/gunn.kim/Library/Developer/Xcode/DerivedData/BobCamAgent-elvzdrtgzbztmwhjwnkkxvaocirp/Build/Intermediates.noindex/ArchiveIntermediates/BobCamAgent/IntermediateBuildFilesPath/ExplicitPrecompiledModules/_stdio-2U1YSWYTJLRVJZM8AKFVCIGGT.scan
    cd /Users/gunn.kim/study/BobCam/BobCam-iOS/BobCamAgent/Pods
    builtin-precompileModule /Users/gunn.kim/Library/Developer/Xcode/DerivedData/BobCamAgent-elvzdrtgzbztmwhjwnkkxvaocirp/Build/Intermediates.noindex/ArchiveIntermediates/BobCamAgent/IntermediateBuildFilesPath/ExplicitPrecompiledModules/_stdio-2U1YSWYTJLRVJZM8AKFVCIGGT.scan

SwiftDriverJobDiscovery normal arm64 Compiling FeedbackBannerView.swift, StatusBar.swift, VideoPickerView.swift (in target 'BobCamAgent' from project 'BobCamAgent')

PrecompileModule /Users/gunn.kim/Library/Developer/Xcode/DerivedData/BobCamAgent-elvzdrtgzbztmwhjwnkkxvaocirp/Build/Intermediates.noindex/ArchiveIntermediates/BobCamAgent/IntermediateBuildFilesPath/ExplicitPrecompiledModules/sys_resource-7Z3FYIMKBCVZ28NHOD0W7RI3O.scan
    cd /Users/gunn.kim/study/BobCam/BobCam-iOS/BobCamAgent/Pods
    builtin-precompileModule /Users/gunn.kim/Library/Developer/Xcode/DerivedData/BobCamAgent-elvzdrtgzbztmwhjwnkkxvaocirp/Build/Intermediates.noindex/ArchiveIntermediates/BobCamAgent/IntermediateBuildFilesPath/ExplicitPrecompiledModules/sys_resource-7Z3FYIMKBCVZ28NHOD0W7RI3O.scan

PrecompileModule /Users/gunn.kim/Library/Developer/Xcode/DerivedData/BobCamAgent-elvzdrtgzbztmwhjwnkkxvaocirp/Build/Intermediates.noindex/ArchiveIntermediates/BobCamAgent/IntermediateBuildFilesPath/ExplicitPrecompiledModules/nl_types-1I87HBWL1KVNBPGOVSW0LRKQ0.scan
    cd /Users/gunn.kim/study/BobCam/BobCam-iOS/BobCamAgent/Pods
    builtin-precompileModule /Users/gunn.kim/Library/Developer/Xcode/DerivedData/BobCamAgent-elvzdrtgzbztmwhjwnkkxvaocirp/Build/Intermediates.noindex/ArchiveIntermediates/BobCamAgent/IntermediateBuildFilesPath/ExplicitPrecompiledModules/nl_types-1I87HBWL1KVNBPGOVSW0LRKQ0.scan

PrecompileModule /Users/gunn.kim/Library/Developer/Xcode/DerivedData/BobCamAgent-elvzdrtgzbztmwhjwnkkxvaocirp/Build/Intermediates.noindex/ArchiveIntermediates/BobCamAgent/IntermediateBuildFilesPath/ExplicitPrecompiledModules/_time-CZ7DLY1H9DUKYIKSLD7VOIGRQ.scan
    cd /Users/gunn.kim/study/BobCam/BobCam-iOS/BobCamAgent/Pods
    builtin-precompileModule /Users/gunn.kim/Library/Developer/Xcode/DerivedData/BobCamAgent-elvzdrtgzbztmwhjwnkkxvaocirp/Build/Intermediates.noindex/ArchiveIntermediates/BobCamAgent/IntermediateBuildFilesPath/ExplicitPrecompiledModules/_time-CZ7DLY1H9DUKYIKSLD7VOIGRQ.scan

PrecompileModule /Users/gunn.kim/Library/Developer/Xcode/DerivedData/BobCamAgent-elvzdrtgzbztmwhjwnkkxvaocirp/Build/Intermediates.noindex/ArchiveIntermediates/BobCamAgent/IntermediateBuildFilesPath/ExplicitPrecompiledModules/_Builtin_tgmath-8LTUNR5OZRUOZNPMQ8P1MPN85.scan
    cd /Users/gunn.kim/study/BobCam/BobCam-iOS/BobCamAgent/Pods
    builtin-precompileModule /Users/gunn.kim/Library/Developer/Xcode/DerivedData/BobCamAgent-elvzdrtgzbztmwhjwnkkxvaocirp/Build/Intermediates.noindex/ArchiveIntermediates/BobCamAgent/IntermediateBuildFilesPath/ExplicitPrecompiledModules/_Builtin_tgmath-8LTUNR5OZRUOZNPMQ8P1MPN85.scan

PrecompileModule /Users/gunn.kim/Library/Developer/Xcode/DerivedData/BobCamAgent-elvzdrtgzbztmwhjwnkkxvaocirp/Build/Intermediates.noindex/ArchiveIntermediates/BobCamAgent/IntermediateBuildFilesPath/ExplicitPrecompiledModules/_Builtin_inttypes-3MVZCWLDO25PPBTVR5WZJM5CG.scan
    cd /Users/gunn.kim/study/BobCam/BobCam-iOS/BobCamAgent/Pods
    builtin-precompileModule /Users/gunn.kim/Library/Developer/Xcode/DerivedData/BobCamAgent-elvzdrtgzbztmwhjwnkkxvaocirp/Build/Intermediates.noindex/ArchiveIntermediates/BobCamAgent/IntermediateBuildFilesPath/ExplicitPrecompiledModules/_Builtin_inttypes-3MVZCWLDO25PPBTVR5WZJM5CG.scan

PrecompileModule /Users/gunn.kim/Library/Developer/Xcode/DerivedData/BobCamAgent-elvzdrtgzbztmwhjwnkkxvaocirp/Build/Intermediates.noindex/ArchiveIntermediates/BobCamAgent/IntermediateBuildFilesPath/ExplicitPrecompiledModules/__wctype-3WBHXC8I34O6K6OVEADDMKXSK.scan
    cd /Users/gunn.kim/study/BobCam/BobCam-iOS/BobCamAgent/Pods
    builtin-precompileModule /Users/gunn.kim/Library/Developer/Xcode/DerivedData/BobCamAgent-elvzdrtgzbztmwhjwnkkxvaocirp/Build/Intermediates.noindex/ArchiveIntermediates/BobCamAgent/IntermediateBuildFilesPath/ExplicitPrecompiledModules/__wctype-3WBHXC8I34O6K6OVEADDMKXSK.scan

PrecompileModule /Users/gunn.kim/Library/Developer/Xcode/DerivedData/BobCamAgent-elvzdrtgzbztmwhjwnkkxvaocirp/Build/Intermediates.noindex/ArchiveIntermediates/BobCamAgent/IntermediateBuildFilesPath/ExplicitPrecompiledModules/gethostuuid-59MTSSBDHV3AGPXI6YUT65P7Y.scan
    cd /Users/gunn.kim/study/BobCam/BobCam-iOS/BobCamAgent/Pods
    builtin-precompileModule /Users/gunn.kim/Library/Developer/Xcode/DerivedData/BobCamAgent-elvzdrtgzbztmwhjwnkkxvaocirp/Build/Intermediates.noindex/ArchiveIntermediates/BobCamAgent/IntermediateBuildFilesPath/ExplicitPrecompiledModules/gethostuuid-59MTSSBDHV3AGPXI6YUT65P7Y.scan

PrecompileModule /Users/gunn.kim/Library/Developer/Xcode/DerivedData/BobCamAgent-elvzdrtgzbztmwhjwnkkxvaocirp/Build/Intermediates.noindex/ArchiveIntermediates/BobCamAgent/IntermediateBuildFilesPath/ExplicitPrecompiledModules/pthread-AX5XHNC89AJBRPGZZ8OY7CRSC.scan
    cd /Users/gunn.kim/study/BobCam/BobCam-iOS/BobCamAgent/Pods
    builtin-precompileModule /Users/gunn.kim/Library/Developer/Xcode/DerivedData/BobCamAgent-elvzdrtgzbztmwhjwnkkxvaocirp/Build/Intermediates.noindex/ArchiveIntermediates/BobCamAgent/IntermediateBuildFilesPath/ExplicitPrecompiledModules/pthread-AX5XHNC89AJBRPGZZ8OY7CRSC.scan

PrecompileModule /Users/gunn.kim/Library/Developer/Xcode/DerivedData/BobCamAgent-elvzdrtgzbztmwhjwnkkxvaocirp/Build/Intermediates.noindex/ArchiveIntermediates/BobCamAgent/IntermediateBuildFilesPath/ExplicitPrecompiledModules/sys_select-539NKXE7LEU1O1B0BC01QV82N.scan
    cd /Users/gunn.kim/study/BobCam/BobCam-iOS/BobCamAgent/Pods
    builtin-precompileModule /Users/gunn.kim/Library/Developer/Xcode/DerivedData/BobCamAgent-elvzdrtgzbztmwhjwnkkxvaocirp/Build/Intermediates.noindex/ArchiveIntermediates/BobCamAgent/IntermediateBuildFilesPath/ExplicitPrecompiledModules/sys_select-539NKXE7LEU1O1B0BC01QV82N.scan

PrecompileModule /Users/gunn.kim/Library/Developer/Xcode/DerivedData/BobCamAgent-elvzdrtgzbztmwhjwnkkxvaocirp/Build/Intermediates.noindex/ArchiveIntermediates/BobCamAgent/IntermediateBuildFilesPath/ExplicitPrecompiledModules/sys_wait-1XD4A65HLONTYR6VQ3S57N09W.scan
    cd /Users/gunn.kim/study/BobCam/BobCam-iOS/BobCamAgent/Pods
    builtin-precompileModule /Users/gunn.kim/Library/Developer/Xcode/DerivedData/BobCamAgent-elvzdrtgzbztmwhjwnkkxvaocirp/Build/Intermediates.noindex/ArchiveIntermediates/BobCamAgent/IntermediateBuildFilesPath/ExplicitPrecompiledModules/sys_wait-1XD4A65HLONTYR6VQ3S57N09W.scan

PrecompileModule /Users/gunn.kim/Library/Developer/Xcode/DerivedData/BobCamAgent-elvzdrtgzbztmwhjwnkkxvaocirp/Build/Intermediates.noindex/ArchiveIntermediates/BobCamAgent/IntermediateBuildFilesPath/ExplicitPrecompiledModules/_wchar-BJXT4XRO1E1TLAEV2W2ZUMM5W.scan
    cd /Users/gunn.kim/study/BobCam/BobCam-iOS/BobCamAgent/Pods
    builtin-precompileModule /Users/gunn.kim/Library/Developer/Xcode/DerivedData/BobCamAgent-elvzdrtgzbztmwhjwnkkxvaocirp/Build/Intermediates.noindex/ArchiveIntermediates/BobCamAgent/IntermediateBuildFilesPath/ExplicitPrecompiledModules/_wchar-BJXT4XRO1E1TLAEV2W2ZUMM5W.scan

PrecompileModule /Users/gunn.kim/Library/Developer/Xcode/DerivedData/BobCamAgent-elvzdrtgzbztmwhjwnkkxvaocirp/Build/Intermediates.noindex/ArchiveIntermediates/BobCamAgent/IntermediateBuildFilesPath/ExplicitPrecompiledModules/_wctype-3XLRLHON4W9DVCCZNVU4U65WW.scan
    cd /Users/gunn.kim/study/BobCam/BobCam-iOS/BobCamAgent/Pods
    builtin-precompileModule /Users/gunn.kim/Library/Developer/Xcode/DerivedData/BobCamAgent-elvzdrtgzbztmwhjwnkkxvaocirp/Build/Intermediates.noindex/ArchiveIntermediates/BobCamAgent/IntermediateBuildFilesPath/ExplicitPrecompiledModules/_wctype-3XLRLHON4W9DVCCZNVU4U65WW.scan

PrecompileModule /Users/gunn.kim/Library/Developer/Xcode/DerivedData/BobCamAgent-elvzdrtgzbztmwhjwnkkxvaocirp/Build/Intermediates.noindex/ArchiveIntermediates/BobCamAgent/IntermediateBuildFilesPath/ExplicitPrecompiledModules/unistd-ERDSZ5RLACGRSEN2NN56HHQO1.scan
    cd /Users/gunn.kim/study/BobCam/BobCam-iOS/BobCamAgent/Pods
    builtin-precompileModule /Users/gunn.kim/Library/Developer/Xcode/DerivedData/BobCamAgent-elvzdrtgzbztmwhjwnkkxvaocirp/Build/Intermediates.noindex/ArchiveIntermediates/BobCamAgent/IntermediateBuildFilesPath/ExplicitPrecompiledModules/unistd-ERDSZ5RLACGRSEN2NN56HHQO1.scan

PrecompileModule /Users/gunn.kim/Library/Developer/Xcode/DerivedData/BobCamAgent-elvzdrtgzbztmwhjwnkkxvaocirp/Build/Intermediates.noindex/ArchiveIntermediates/BobCamAgent/IntermediateBuildFilesPath/ExplicitPrecompiledModules/_stdlib-6WNWLCAY2W2PIMZ6RSB56TM9M.scan
    cd /Users/gunn.kim/study/BobCam/BobCam-iOS/BobCamAgent/Pods
    builtin-precompileModule /Users/gunn.kim/Library/Developer/Xcode/DerivedData/BobCamAgent-elvzdrtgzbztmwhjwnkkxvaocirp/Build/Intermediates.noindex/ArchiveIntermediates/BobCamAgent/IntermediateBuildFilesPath/ExplicitPrecompiledModules/_stdlib-6WNWLCAY2W2PIMZ6RSB56TM9M.scan

PrecompileModule /Users/gunn.kim/Library/Developer/Xcode/DerivedData/BobCamAgent-elvzdrtgzbztmwhjwnkkxvaocirp/Build/Intermediates.noindex/ArchiveIntermediates/BobCamAgent/IntermediateBuildFilesPath/ExplicitPrecompiledModules/Darwin-5T2O3TDUDDM34EON7G3EPX42S.scan
    cd /Users/gunn.kim/study/BobCam/BobCam-iOS/BobCamAgent/Pods
    builtin-precompileModule /Users/gunn.kim/Library/Developer/Xcode/DerivedData/BobCamAgent-elvzdrtgzbztmwhjwnkkxvaocirp/Build/Intermediates.noindex/ArchiveIntermediates/BobCamAgent/IntermediateBuildFilesPath/ExplicitPrecompiledModules/Darwin-5T2O3TDUDDM34EON7G3EPX42S.scan

SwiftDriverJobDiscovery normal arm64 Compiling CameraView.swift, VisionService.swift, VideoService.swift (in target 'BobCamAgent' from project 'BobCamAgent')

SwiftDriverJobDiscovery normal arm64 Compiling GroundTruthManager.swift, OptimizationEngine.swift (in target 'BobCamAgent' from project 'BobCamAgent')

PrecompileModule /Users/gunn.kim/Library/Developer/Xcode/DerivedData/BobCamAgent-elvzdrtgzbztmwhjwnkkxvaocirp/Build/Intermediates.noindex/ArchiveIntermediates/BobCamAgent/IntermediateBuildFilesPath/ExplicitPrecompiledModules/ObjectiveC-CSIXHKDRZ7PFCEQTIN4MNHTHM.scan
    cd /Users/gunn.kim/study/BobCam/BobCam-iOS/BobCamAgent/Pods
    builtin-precompileModule /Users/gunn.kim/Library/Developer/Xcode/DerivedData/BobCamAgent-elvzdrtgzbztmwhjwnkkxvaocirp/Build/Intermediates.noindex/ArchiveIntermediates/BobCamAgent/IntermediateBuildFilesPath/ExplicitPrecompiledModules/ObjectiveC-CSIXHKDRZ7PFCEQTIN4MNHTHM.scan

PrecompileModule /Users/gunn.kim/Library/Developer/Xcode/DerivedData/BobCamAgent-elvzdrtgzbztmwhjwnkkxvaocirp/Build/Intermediates.noindex/ArchiveIntermediates/BobCamAgent/IntermediateBuildFilesPath/ExplicitPrecompiledModules/os_object-DSHR8204C5E8KYH8PVSWEDY3B.scan
    cd /Users/gunn.kim/study/BobCam/BobCam-iOS/BobCamAgent/Pods
    builtin-precompileModule /Users/gunn.kim/Library/Developer/Xcode/DerivedData/BobCamAgent-elvzdrtgzbztmwhjwnkkxvaocirp/Build/Intermediates.noindex/ArchiveIntermediates/BobCamAgent/IntermediateBuildFilesPath/ExplicitPrecompiledModules/os_object-DSHR8204C5E8KYH8PVSWEDY3B.scan

PrecompileModule /Users/gunn.kim/Library/Developer/Xcode/DerivedData/BobCamAgent-elvzdrtgzbztmwhjwnkkxvaocirp/Build/Intermediates.noindex/ArchiveIntermediates/BobCamAgent/IntermediateBuildFilesPath/ExplicitPrecompiledModules/os_workgroup-7BUV6P7K6JOYEZQU9MMTALPSI.scan
    cd /Users/gunn.kim/study/BobCam/BobCam-iOS/BobCamAgent/Pods
    builtin-precompileModule /Users/gunn.kim/Library/Developer/Xcode/DerivedData/BobCamAgent-elvzdrtgzbztmwhjwnkkxvaocirp/Build/Intermediates.noindex/ArchiveIntermediates/BobCamAgent/IntermediateBuildFilesPath/ExplicitPrecompiledModules/os_workgroup-7BUV6P7K6JOYEZQU9MMTALPSI.scan

PrecompileModule /Users/gunn.kim/Library/Developer/Xcode/DerivedData/BobCamAgent-elvzdrtgzbztmwhjwnkkxvaocirp/Build/Intermediates.noindex/ArchiveIntermediates/BobCamAgent/IntermediateBuildFilesPath/ExplicitPrecompiledModules/Dispatch-2UMSWE9IQH6JE2SYOA2IM2RMT.scan
    cd /Users/gunn.kim/study/BobCam/BobCam-iOS/BobCamAgent/Pods
    builtin-precompileModule /Users/gunn.kim/Library/Developer/Xcode/DerivedData/BobCamAgent-elvzdrtgzbztmwhjwnkkxvaocirp/Build/Intermediates.noindex/ArchiveIntermediates/BobCamAgent/IntermediateBuildFilesPath/ExplicitPrecompiledModules/Dispatch-2UMSWE9IQH6JE2SYOA2IM2RMT.scan

PrecompileModule /Users/gunn.kim/Library/Developer/Xcode/DerivedData/BobCamAgent-elvzdrtgzbztmwhjwnkkxvaocirp/Build/Intermediates.noindex/ArchiveIntermediates/BobCamAgent/IntermediateBuildFilesPath/ExplicitPrecompiledModules/CoreFoundation-BQ2GK9TR4IEYAI42GBA96UWPI.scan
    cd /Users/gunn.kim/study/BobCam/BobCam-iOS/BobCamAgent/Pods
    builtin-precompileModule /Users/gunn.kim/Library/Developer/Xcode/DerivedData/BobCamAgent-elvzdrtgzbztmwhjwnkkxvaocirp/Build/Intermediates.noindex/ArchiveIntermediates/BobCamAgent/IntermediateBuildFilesPath/ExplicitPrecompiledModules/CoreFoundation-BQ2GK9TR4IEYAI42GBA96UWPI.scan

PrecompileModule /Users/gunn.kim/Library/Developer/Xcode/DerivedData/BobCamAgent-elvzdrtgzbztmwhjwnkkxvaocirp/Build/Intermediates.noindex/ArchiveIntermediates/BobCamAgent/IntermediateBuildFilesPath/ExplicitPrecompiledModules/XPC-BGHDIMLD1WUMWDUWABSG22HI9.scan
    cd /Users/gunn.kim/study/BobCam/BobCam-iOS/BobCamAgent/Pods
    builtin-precompileModule /Users/gunn.kim/Library/Developer/Xcode/DerivedData/BobCamAgent-elvzdrtgzbztmwhjwnkkxvaocirp/Build/Intermediates.noindex/ArchiveIntermediates/BobCamAgent/IntermediateBuildFilesPath/ExplicitPrecompiledModules/XPC-BGHDIMLD1WUMWDUWABSG22HI9.scan

PrecompileModule /Users/gunn.kim/Library/Developer/Xcode/DerivedData/BobCamAgent-elvzdrtgzbztmwhjwnkkxvaocirp/Build/Intermediates.noindex/ArchiveIntermediates/BobCamAgent/IntermediateBuildFilesPath/ExplicitPrecompiledModules/Security-BJUM1FRH7HOKG30TSTLA27O4T.scan
    cd /Users/gunn.kim/study/BobCam/BobCam-iOS/BobCamAgent/Pods
    builtin-precompileModule /Users/gunn.kim/Library/Developer/Xcode/DerivedData/BobCamAgent-elvzdrtgzbztmwhjwnkkxvaocirp/Build/Intermediates.noindex/ArchiveIntermediates/BobCamAgent/IntermediateBuildFilesPath/ExplicitPrecompiledModules/Security-BJUM1FRH7HOKG30TSTLA27O4T.scan

PrecompileModule /Users/gunn.kim/Library/Developer/Xcode/DerivedData/BobCamAgent-elvzdrtgzbztmwhjwnkkxvaocirp/Build/Intermediates.noindex/ArchiveIntermediates/BobCamAgent/IntermediateBuildFilesPath/ExplicitPrecompiledModules/CFNetwork-3WMRUAQRRKKUDNHLUPAOMV6NV.scan
    cd /Users/gunn.kim/study/BobCam/BobCam-iOS/BobCamAgent/Pods
    builtin-precompileModule /Users/gunn.kim/Library/Developer/Xcode/DerivedData/BobCamAgent-elvzdrtgzbztmwhjwnkkxvaocirp/Build/Intermediates.noindex/ArchiveIntermediates/BobCamAgent/IntermediateBuildFilesPath/ExplicitPrecompiledModules/CFNetwork-3WMRUAQRRKKUDNHLUPAOMV6NV.scan

PrecompileModule /Users/gunn.kim/Library/Developer/Xcode/DerivedData/BobCamAgent-elvzdrtgzbztmwhjwnkkxvaocirp/Build/Intermediates.noindex/ArchiveIntermediates/BobCamAgent/IntermediateBuildFilesPath/ExplicitPrecompiledModules/Foundation-4PQ6Z6DW5ZZ2QXJRU9UW6OD8T.scan
    cd /Users/gunn.kim/study/BobCam/BobCam-iOS/BobCamAgent/Pods
    builtin-precompileModule /Users/gunn.kim/Library/Developer/Xcode/DerivedData/BobCamAgent-elvzdrtgzbztmwhjwnkkxvaocirp/Build/Intermediates.noindex/ArchiveIntermediates/BobCamAgent/IntermediateBuildFilesPath/ExplicitPrecompiledModules/Foundation-4PQ6Z6DW5ZZ2QXJRU9UW6OD8T.scan

CompileC /Users/gunn.kim/Library/Developer/Xcode/DerivedData/BobCamAgent-elvzdrtgzbztmwhjwnkkxvaocirp/Build/Intermediates.noindex/ArchiveIntermediates/BobCamAgent/IntermediateBuildFilesPath/Pods.build/Debug-iphoneos/Pods-BobCamAgent.build/Objects-normal/arm64/Pods-BobCamAgent-dummy.o /Users/gunn.kim/study/BobCam/BobCam-iOS/BobCamAgent/Pods/Target\ Support\ Files/Pods-BobCamAgent/Pods-BobCamAgent-dummy.m normal arm64 objective-c com.apple.compilers.llvm.clang.1_0.compiler (in target 'Pods-BobCamAgent' from project 'Pods')
    cd /Users/gunn.kim/study/BobCam/BobCam-iOS/BobCamAgent/Pods
    
    Using response file: /Users/gunn.kim/Library/Developer/Xcode/DerivedData/BobCamAgent-elvzdrtgzbztmwhjwnkkxvaocirp/Build/Intermediates.noindex/ArchiveIntermediates/BobCamAgent/IntermediateBuildFilesPath/Pods.build/Debug-iphoneos/Pods-BobCamAgent.build/Objects-normal/arm64/e6072d4f65d7061329687fe24e3d63a7-common-args.resp
    
    /Applications/Xcode.app/Contents/Developer/Toolchains/XcodeDefault.xctoolchain/usr/bin/clang -x objective-c -ivfsstatcache /Users/gunn.kim/Library/Developer/Xcode/DerivedData/SDKStatCaches.noindex/iphoneos18.5-22F76-7fa4eea80a99bbfdc046826b63ec4baf.sdkstatcache -fmessage-length\=0 -fdiagnostics-show-note-include-stack -fmacro-backtrace-limit\=0 -fno-color-diagnostics -fmodules-prune-interval\=86400 -fmodules-prune-after\=345600 -fbuild-session-file\=/Users/gunn.kim/Library/Developer/Xcode/DerivedData/ModuleCache.noindex/Session.modulevalidation -fmodules-validate-once-per-build-session -Wnon-modular-include-in-framework-module -Werror\=non-modular-include-in-framework-module -Wno-trigraphs -Wno-missing-field-initializers -Wno-missing-prototypes -Werror\=return-type -Wdocumentation -Wunreachable-code -Wno-implicit-atomic-properties -Werror\=deprecated-objc-isa-usage -Wno-objc-interface-ivars -Werror\=objc-root-class -Wno-arc-repeated-use-of-weak -Wimplicit-retain-self -Wduplicate-method-match -Wno-missing-braces -Wparentheses -Wswitch -Wunused-function -Wno-unused-label -Wno-unused-parameter -Wunused-variable -Wunused-value -Wempty-body -Wuninitialized -Wconditional-uninitialized -Wno-unknown-pragmas -Wno-shadow -Wno-four-char-constants -Wno-conversion -Wconstant-conversion -Wint-conversion -Wbool-conversion -Wenum-conversion -Wno-float-conversion -Wnon-literal-null-conversion -Wobjc-literal-conversion -Wshorten-64-to-32 -Wpointer-sign -Wno-newline-eof -Wno-selector -Wno-strict-selector-match -Wundeclared-selector -Wdeprecated-implementations -Wno-implicit-fallthrough -fstrict-aliasing -Wprotocol -Wdeprecated-declarations -Wno-sign-conversion -Winfinite-recursion -Wcomma -Wblock-capture-autoreleasing -Wstrict-prototypes -Wno-semicolon-before-method-body -Wunguarded-availability @/Users/gunn.kim/Library/Developer/Xcode/DerivedData/BobCamAgent-elvzdrtgzbztmwhjwnkkxvaocirp/Build/Intermediates.noindex/ArchiveIntermediates/BobCamAgent/IntermediateBuildFilesPath/Pods.build/Debug-iphoneos/Pods-BobCamAgent.build/Objects-normal/arm64/e6072d4f65d7061329687fe24e3d63a7-common-args.resp -MMD -MT dependencies -MF /Users/gunn.kim/Library/Developer/Xcode/DerivedData/BobCamAgent-elvzdrtgzbztmwhjwnkkxvaocirp/Build/Intermediates.noindex/ArchiveIntermediates/BobCamAgent/IntermediateBuildFilesPath/Pods.build/Debug-iphoneos/Pods-BobCamAgent.build/Objects-normal/arm64/Pods-BobCamAgent-dummy.d --serialize-diagnostics /Users/gunn.kim/Library/Developer/Xcode/DerivedData/BobCamAgent-elvzdrtgzbztmwhjwnkkxvaocirp/Build/Intermediates.noindex/ArchiveIntermediates/BobCamAgent/IntermediateBuildFilesPath/Pods.build/Debug-iphoneos/Pods-BobCamAgent.build/Objects-normal/arm64/Pods-BobCamAgent-dummy.dia -c /Users/gunn.kim/study/BobCam/BobCam-iOS/BobCamAgent/Pods/Target\ Support\ Files/Pods-BobCamAgent/Pods-BobCamAgent-dummy.m -o /Users/gunn.kim/Library/Developer/Xcode/DerivedData/BobCamAgent-elvzdrtgzbztmwhjwnkkxvaocirp/Build/Intermediates.noindex/ArchiveIntermediates/BobCamAgent/IntermediateBuildFilesPath/Pods.build/Debug-iphoneos/Pods-BobCamAgent.build/Objects-normal/arm64/Pods-BobCamAgent-dummy.o

Libtool /Users/gunn.kim/Library/Developer/Xcode/DerivedData/BobCamAgent-elvzdrtgzbztmwhjwnkkxvaocirp/Build/Intermediates.noindex/ArchiveIntermediates/BobCamAgent/IntermediateBuildFilesPath/UninstalledProducts/iphoneos/Pods_BobCamAgent.framework/Pods_BobCamAgent normal (in target 'Pods-BobCamAgent' from project 'Pods')
    cd /Users/gunn.kim/study/BobCam/BobCam-iOS/BobCamAgent/Pods
    /Applications/Xcode.app/Contents/Developer/Toolchains/XcodeDefault.xctoolchain/usr/bin/libtool -static -arch_only arm64 -D -syslibroot /Applications/Xcode.app/Contents/Developer/Platforms/iPhoneOS.platform/Developer/SDKs/iPhoneOS18.5.sdk -L/Users/gunn.kim/Library/Developer/Xcode/DerivedData/BobCamAgent-elvzdrtgzbztmwhjwnkkxvaocirp/Build/Intermediates.noindex/ArchiveIntermediates/BobCamAgent/BuildProductsPath/Debug-iphoneos -filelist /Users/gunn.kim/Library/Developer/Xcode/DerivedData/BobCamAgent-elvzdrtgzbztmwhjwnkkxvaocirp/Build/Intermediates.noindex/ArchiveIntermediates/BobCamAgent/IntermediateBuildFilesPath/Pods.build/Debug-iphoneos/Pods-BobCamAgent.build/Objects-normal/arm64/Pods_BobCamAgent.LinkFileList -framework Foundation -dependency_info /Users/gunn.kim/Library/Developer/Xcode/DerivedData/BobCamAgent-elvzdrtgzbztmwhjwnkkxvaocirp/Build/Intermediates.noindex/ArchiveIntermediates/BobCamAgent/IntermediateBuildFilesPath/Pods.build/Debug-iphoneos/Pods-BobCamAgent.build/Objects-normal/arm64/Pods_BobCamAgent_libtool_dependency_info.dat -o /Users/gunn.kim/Library/Developer/Xcode/DerivedData/BobCamAgent-elvzdrtgzbztmwhjwnkkxvaocirp/Build/Intermediates.noindex/ArchiveIntermediates/BobCamAgent/IntermediateBuildFilesPath/UninstalledProducts/iphoneos/Pods_BobCamAgent.framework/Pods_BobCamAgent

SetOwnerAndGroup gunn.kim:staff /Users/gunn.kim/Library/Developer/Xcode/DerivedData/BobCamAgent-elvzdrtgzbztmwhjwnkkxvaocirp/Build/Intermediates.noindex/ArchiveIntermediates/BobCamAgent/IntermediateBuildFilesPath/UninstalledProducts/iphoneos/Pods_BobCamAgent.framework (in target 'Pods-BobCamAgent' from project 'Pods')
    cd /Users/gunn.kim/study/BobCam/BobCam-iOS/BobCamAgent/Pods
    /usr/sbin/chown -RH gunn.kim:staff /Users/gunn.kim/Library/Developer/Xcode/DerivedData/BobCamAgent-elvzdrtgzbztmwhjwnkkxvaocirp/Build/Intermediates.noindex/ArchiveIntermediates/BobCamAgent/IntermediateBuildFilesPath/UninstalledProducts/iphoneos/Pods_BobCamAgent.framework

SetMode u+w,go-w,a+rX /Users/gunn.kim/Library/Developer/Xcode/DerivedData/BobCamAgent-elvzdrtgzbztmwhjwnkkxvaocirp/Build/Intermediates.noindex/ArchiveIntermediates/BobCamAgent/IntermediateBuildFilesPath/UninstalledProducts/iphoneos/Pods_BobCamAgent.framework (in target 'Pods-BobCamAgent' from project 'Pods')
    cd /Users/gunn.kim/study/BobCam/BobCam-iOS/BobCamAgent/Pods
    /bin/chmod -RH u+w,go-w,a+rX /Users/gunn.kim/Library/Developer/Xcode/DerivedData/BobCamAgent-elvzdrtgzbztmwhjwnkkxvaocirp/Build/Intermediates.noindex/ArchiveIntermediates/BobCamAgent/IntermediateBuildFilesPath/UninstalledProducts/iphoneos/Pods_BobCamAgent.framework

RegisterExecutionPolicyException /Users/gunn.kim/Library/Developer/Xcode/DerivedData/BobCamAgent-elvzdrtgzbztmwhjwnkkxvaocirp/Build/Intermediates.noindex/ArchiveIntermediates/BobCamAgent/IntermediateBuildFilesPath/UninstalledProducts/iphoneos/Pods_BobCamAgent.framework (in target 'Pods-BobCamAgent' from project 'Pods')
    cd /Users/gunn.kim/study/BobCam/BobCam-iOS/BobCamAgent/Pods
    builtin-RegisterExecutionPolicyException /Users/gunn.kim/Library/Developer/Xcode/DerivedData/BobCamAgent-elvzdrtgzbztmwhjwnkkxvaocirp/Build/Intermediates.noindex/ArchiveIntermediates/BobCamAgent/IntermediateBuildFilesPath/UninstalledProducts/iphoneos/Pods_BobCamAgent.framework

SwiftDriverJobDiscovery normal arm64 Compiling VideoSelectionService.swift, OnboardingView.swift, SettingsView.swift (in target 'BobCamAgent' from project 'BobCamAgent')

Touch /Users/gunn.kim/Library/Developer/Xcode/DerivedData/BobCamAgent-elvzdrtgzbztmwhjwnkkxvaocirp/Build/Intermediates.noindex/ArchiveIntermediates/BobCamAgent/IntermediateBuildFilesPath/UninstalledProducts/iphoneos/Pods_BobCamAgent.framework (in target 'Pods-BobCamAgent' from project 'Pods')
    cd /Users/gunn.kim/study/BobCam/BobCam-iOS/BobCamAgent/Pods
    /usr/bin/touch -c /Users/gunn.kim/Library/Developer/Xcode/DerivedData/BobCamAgent-elvzdrtgzbztmwhjwnkkxvaocirp/Build/Intermediates.noindex/ArchiveIntermediates/BobCamAgent/IntermediateBuildFilesPath/UninstalledProducts/iphoneos/Pods_BobCamAgent.framework

ProcessInfoPlistFile /Users/gunn.kim/Library/Developer/Xcode/DerivedData/BobCamAgent-elvzdrtgzbztmwhjwnkkxvaocirp/Build/Intermediates.noindex/ArchiveIntermediates/BobCamAgent/InstallationBuildProductsLocation/Applications/BobCamAgent.app/Info.plist /Users/gunn.kim/study/BobCam/BobCam-iOS/BobCamAgent/BobCamAgent/Info.plist (in target 'BobCamAgent' from project 'BobCamAgent')
    cd /Users/gunn.kim/study/BobCam/BobCam-iOS/BobCamAgent
    builtin-infoPlistUtility /Users/gunn.kim/study/BobCam/BobCam-iOS/BobCamAgent/BobCamAgent/Info.plist -producttype com.apple.product-type.application -genpkginfo /Users/gunn.kim/Library/Developer/Xcode/DerivedData/BobCamAgent-elvzdrtgzbztmwhjwnkkxvaocirp/Build/Intermediates.noindex/ArchiveIntermediates/BobCamAgent/InstallationBuildProductsLocation/Applications/BobCamAgent.app/PkgInfo -expandbuildsettings -format binary -platform iphoneos -requiredArchitecture arm64 -o /Users/gunn.kim/Library/Developer/Xcode/DerivedData/BobCamAgent-elvzdrtgzbztmwhjwnkkxvaocirp/Build/Intermediates.noindex/ArchiveIntermediates/BobCamAgent/InstallationBuildProductsLocation/Applications/BobCamAgent.app/Info.plist

CopyStringsFile /Users/gunn.kim/Library/Developer/Xcode/DerivedData/BobCamAgent-elvzdrtgzbztmwhjwnkkxvaocirp/Build/Intermediates.noindex/ArchiveIntermediates/BobCamAgent/InstallationBuildProductsLocation/Applications/BobCamAgent.app/ko.lproj/Localizable.strings /Users/gunn.kim/study/BobCam/BobCam-iOS/BobCamAgent/BobCamAgent/ko.lproj/Localizable.strings (in target 'BobCamAgent' from project 'BobCamAgent')
    cd /Users/gunn.kim/study/BobCam/BobCam-iOS/BobCamAgent
    builtin-copyStrings --validate --outputencoding binary --outfilename Localizable.strings --outdir /Users/gunn.kim/Library/Developer/Xcode/DerivedData/BobCamAgent-elvzdrtgzbztmwhjwnkkxvaocirp/Build/Intermediates.noindex/ArchiveIntermediates/BobCamAgent/InstallationBuildProductsLocation/Applications/BobCamAgent.app/ko.lproj -- /Users/gunn.kim/study/BobCam/BobCam-iOS/BobCamAgent/BobCamAgent/ko.lproj/Localizable.strings
/Users/gunn.kim/study/BobCam/BobCam-iOS/BobCamAgent/BobCamAgent/ko.lproj/Localizable.strings:1:1: note: detected encoding of input file as Unicode (UTF-8) (in target 'BobCamAgent' from project 'BobCamAgent')

CopyStringsFile /Users/gunn.kim/Library/Developer/Xcode/DerivedData/BobCamAgent-elvzdrtgzbztmwhjwnkkxvaocirp/Build/Intermediates.noindex/ArchiveIntermediates/BobCamAgent/InstallationBuildProductsLocation/Applications/BobCamAgent.app/en.lproj/Localizable.strings /Users/gunn.kim/study/BobCam/BobCam-iOS/BobCamAgent/BobCamAgent/en.lproj/Localizable.strings (in target 'BobCamAgent' from project 'BobCamAgent')
    cd /Users/gunn.kim/study/BobCam/BobCam-iOS/BobCamAgent
    builtin-copyStrings --validate --outputencoding binary --outfilename Localizable.strings --outdir /Users/gunn.kim/Library/Developer/Xcode/DerivedData/BobCamAgent-elvzdrtgzbztmwhjwnkkxvaocirp/Build/Intermediates.noindex/ArchiveIntermediates/BobCamAgent/InstallationBuildProductsLocation/Applications/BobCamAgent.app/en.lproj -- /Users/gunn.kim/study/BobCam/BobCam-iOS/BobCamAgent/BobCamAgent/en.lproj/Localizable.strings
/Users/gunn.kim/study/BobCam/BobCam-iOS/BobCamAgent/BobCamAgent/en.lproj/Localizable.strings:1:1: note: detected encoding of input file as Unicode (UTF-8) (in target 'BobCamAgent' from project 'BobCamAgent')

SwiftDriverJobDiscovery normal arm64 Compiling DebugIntegrationGuide.swift, DebugOverlayView.swift (in target 'BobCamAgent' from project 'BobCamAgent')

SwiftDriverJobDiscovery normal arm64 Compiling OptimizationRunner.swift, ParameterTuningFramework.swift (in target 'BobCamAgent' from project 'BobCamAgent')

SwiftDriverJobDiscovery normal arm64 Compiling ParameterTuningUI.swift, TuningIntegration.swift (in target 'BobCamAgent' from project 'BobCamAgent')

SwiftDriver\ Compilation BobCamAgent normal arm64 com.apple.xcode.tools.swift.compiler (in target 'BobCamAgent' from project 'BobCamAgent')
    cd /Users/gunn.kim/study/BobCam/BobCam-iOS/BobCamAgent
    builtin-Swift-Compilation -- /Applications/Xcode.app/Contents/Developer/Toolchains/XcodeDefault.xctoolchain/usr/bin/swiftc -module-name BobCamAgent -Onone -enforce-exclusivity\=checked @/Users/gunn.kim/Library/Developer/Xcode/DerivedData/BobCamAgent-elvzdrtgzbztmwhjwnkkxvaocirp/Build/Intermediates.noindex/ArchiveIntermediates/BobCamAgent/IntermediateBuildFilesPath/BobCamAgent.build/Debug-iphoneos/BobCamAgent.build/Objects-normal/arm64/BobCamAgent.SwiftFileList -DDEBUG -enable-bare-slash-regex -enable-experimental-feature DebugDescriptionMacro -sdk /Applications/Xcode.app/Contents/Developer/Platforms/iPhoneOS.platform/Developer/SDKs/iPhoneOS18.5.sdk -target arm64-apple-ios15.0 -g -module-cache-path /Users/gunn.kim/Library/Developer/Xcode/DerivedData/ModuleCache.noindex -Xfrontend -serialize-debugging-options -enable-testing -swift-version 5 -I /Users/gunn.kim/Library/Developer/Xcode/DerivedData/BobCamAgent-elvzdrtgzbztmwhjwnkkxvaocirp/Build/Intermediates.noindex/ArchiveIntermediates/BobCamAgent/BuildProductsPath/Debug-iphoneos -F /Users/gunn.kim/Library/Developer/Xcode/DerivedData/BobCamAgent-elvzdrtgzbztmwhjwnkkxvaocirp/Build/Intermediates.noindex/ArchiveIntermediates/BobCamAgent/BuildProductsPath/Debug-iphoneos -emit-localized-strings -emit-localized-strings-path /Users/gunn.kim/Library/Developer/Xcode/DerivedData/BobCamAgent-elvzdrtgzbztmwhjwnkkxvaocirp/Build/Intermediates.noindex/ArchiveIntermediates/BobCamAgent/IntermediateBuildFilesPath/BobCamAgent.build/Debug-iphoneos/BobCamAgent.build/Objects-normal/arm64 -c -j12 -enable-batch-mode -incremental -Xcc -ivfsstatcache -Xcc /Users/gunn.kim/Library/Developer/Xcode/DerivedData/SDKStatCaches.noindex/iphoneos18.5-22F76-7fa4eea80a99bbfdc046826b63ec4baf.sdkstatcache -output-file-map /Users/gunn.kim/Library/Developer/Xcode/DerivedData/BobCamAgent-elvzdrtgzbztmwhjwnkkxvaocirp/Build/Intermediates.noindex/ArchiveIntermediates/BobCamAgent/IntermediateBuildFilesPath/BobCamAgent.build/Debug-iphoneos/BobCamAgent.build/Objects-normal/arm64/BobCamAgent-OutputFileMap.json -use-frontend-parseable-output -save-temps -no-color-diagnostics -serialize-diagnostics -emit-dependencies -emit-module -emit-module-path /Users/gunn.kim/Library/Developer/Xcode/DerivedData/BobCamAgent-elvzdrtgzbztmwhjwnkkxvaocirp/Build/Intermediates.noindex/ArchiveIntermediates/BobCamAgent/IntermediateBuildFilesPath/BobCamAgent.build/Debug-iphoneos/BobCamAgent.build/Objects-normal/arm64/BobCamAgent.swiftmodule -validate-clang-modules-once -clang-build-session-file /Users/gunn.kim/Library/Developer/Xcode/DerivedData/ModuleCache.noindex/Session.modulevalidation -Xcc -I/Users/gunn.kim/Library/Developer/Xcode/DerivedData/BobCamAgent-elvzdrtgzbztmwhjwnkkxvaocirp/Build/Intermediates.noindex/ArchiveIntermediates/BobCamAgent/IntermediateBuildFilesPath/BobCamAgent.build/Debug-iphoneos/BobCamAgent.build/swift-overrides.hmap -emit-const-values -Xfrontend -const-gather-protocols-file -Xfrontend /Users/gunn.kim/Library/Developer/Xcode/DerivedData/BobCamAgent-elvzdrtgzbztmwhjwnkkxvaocirp/Build/Intermediates.noindex/ArchiveIntermediates/BobCamAgent/IntermediateBuildFilesPath/BobCamAgent.build/Debug-iphoneos/BobCamAgent.build/Objects-normal/arm64/BobCamAgent_const_extract_protocols.json -Xcc -iquote -Xcc /Users/gunn.kim/Library/Developer/Xcode/DerivedData/BobCamAgent-elvzdrtgzbztmwhjwnkkxvaocirp/Build/Intermediates.noindex/ArchiveIntermediates/BobCamAgent/IntermediateBuildFilesPath/BobCamAgent.build/Debug-iphoneos/BobCamAgent.build/BobCamAgent-generated-files.hmap -Xcc -I/Users/gunn.kim/Library/Developer/Xcode/DerivedData/BobCamAgent-elvzdrtgzbztmwhjwnkkxvaocirp/Build/Intermediates.noindex/ArchiveIntermediates/BobCamAgent/IntermediateBuildFilesPath/BobCamAgent.build/Debug-iphoneos/BobCamAgent.build/BobCamAgent-own-target-headers.hmap -Xcc -I/Users/gunn.kim/Library/Developer/Xcode/DerivedData/BobCamAgent-elvzdrtgzbztmwhjwnkkxvaocirp/Build/Intermediates.noindex/ArchiveIntermediates/BobCamAgent/IntermediateBuildFilesPath/BobCamAgent.build/Debug-iphoneos/BobCamAgent.build/BobCamAgent-all-non-framework-target-headers.hmap -Xcc -ivfsoverlay -Xcc /Users/gunn.kim/Library/Developer/Xcode/DerivedData/BobCamAgent-elvzdrtgzbztmwhjwnkkxvaocirp/Build/Intermediates.noindex/ArchiveIntermediates/BobCamAgent/IntermediateBuildFilesPath/BobCamAgent.build/Debug-iphoneos/BobCamAgent-7bcf04dd287a8a6fc515f927e120d9d2-VFS-iphoneos/all-product-headers.yaml -Xcc -iquote -Xcc /Users/gunn.kim/Library/Developer/Xcode/DerivedData/BobCamAgent-elvzdrtgzbztmwhjwnkkxvaocirp/Build/Intermediates.noindex/ArchiveIntermediates/BobCamAgent/IntermediateBuildFilesPath/BobCamAgent.build/Debug-iphoneos/BobCamAgent.build/BobCamAgent-project-headers.hmap -Xcc -I/Users/gunn.kim/Library/Developer/Xcode/DerivedData/BobCamAgent-elvzdrtgzbztmwhjwnkkxvaocirp/Build/Intermediates.noindex/ArchiveIntermediates/BobCamAgent/BuildProductsPath/Debug-iphoneos/include -Xcc -I/Users/gunn.kim/Library/Developer/Xcode/DerivedData/BobCamAgent-elvzdrtgzbztmwhjwnkkxvaocirp/Build/Intermediates.noindex/ArchiveIntermediates/BobCamAgent/IntermediateBuildFilesPath/BobCamAgent.build/Debug-iphoneos/BobCamAgent.build/DerivedSources-normal/arm64 -Xcc -I/Users/gunn.kim/Library/Developer/Xcode/DerivedData/BobCamAgent-elvzdrtgzbztmwhjwnkkxvaocirp/Build/Intermediates.noindex/ArchiveIntermediates/BobCamAgent/IntermediateBuildFilesPath/BobCamAgent.build/Debug-iphoneos/BobCamAgent.build/DerivedSources/arm64 -Xcc -I/Users/gunn.kim/Library/Developer/Xcode/DerivedData/BobCamAgent-elvzdrtgzbztmwhjwnkkxvaocirp/Build/Intermediates.noindex/ArchiveIntermediates/BobCamAgent/IntermediateBuildFilesPath/BobCamAgent.build/Debug-iphoneos/BobCamAgent.build/DerivedSources -Xcc -DDEBUG\=1 -Xcc -DCOCOAPODS\=1 -emit-objc-header -emit-objc-header-path /Users/gunn.kim/Library/Developer/Xcode/DerivedData/BobCamAgent-elvzdrtgzbztmwhjwnkkxvaocirp/Build/Intermediates.noindex/ArchiveIntermediates/BobCamAgent/IntermediateBuildFilesPath/BobCamAgent.build/Debug-iphoneos/BobCamAgent.build/Objects-normal/arm64/BobCamAgent-Swift.h -working-directory /Users/gunn.kim/study/BobCam/BobCam-iOS/BobCamAgent -experimental-emit-module-separately -disable-cmo

Ld /Users/gunn.kim/Library/Developer/Xcode/DerivedData/BobCamAgent-elvzdrtgzbztmwhjwnkkxvaocirp/Build/Intermediates.noindex/ArchiveIntermediates/BobCamAgent/InstallationBuildProductsLocation/Applications/BobCamAgent.app/BobCamAgent normal (in target 'BobCamAgent' from project 'BobCamAgent')
    cd /Users/gunn.kim/study/BobCam/BobCam-iOS/BobCamAgent
    /Applications/Xcode.app/Contents/Developer/Toolchains/XcodeDefault.xctoolchain/usr/bin/clang -Xlinker -reproducible -target arm64-apple-ios15.0 -isysroot /Applications/Xcode.app/Contents/Developer/Platforms/iPhoneOS.platform/Developer/SDKs/iPhoneOS18.5.sdk -O0 -L/Users/gunn.kim/Library/Developer/Xcode/DerivedData/BobCamAgent-elvzdrtgzbztmwhjwnkkxvaocirp/Build/Intermediates.noindex/ArchiveIntermediates/BobCamAgent/IntermediateBuildFilesPath/EagerLinkingTBDs/Debug-iphoneos -L/Users/gunn.kim/Library/Developer/Xcode/DerivedData/BobCamAgent-elvzdrtgzbztmwhjwnkkxvaocirp/Build/Intermediates.noindex/ArchiveIntermediates/BobCamAgent/BuildProductsPath/Debug-iphoneos -F/Users/gunn.kim/Library/Developer/Xcode/DerivedData/BobCamAgent-elvzdrtgzbztmwhjwnkkxvaocirp/Build/Intermediates.noindex/ArchiveIntermediates/BobCamAgent/IntermediateBuildFilesPath/EagerLinkingTBDs/Debug-iphoneos -F/Users/gunn.kim/Library/Developer/Xcode/DerivedData/BobCamAgent-elvzdrtgzbztmwhjwnkkxvaocirp/Build/Intermediates.noindex/ArchiveIntermediates/BobCamAgent/BuildProductsPath/Debug-iphoneos -filelist /Users/gunn.kim/Library/Developer/Xcode/DerivedData/BobCamAgent-elvzdrtgzbztmwhjwnkkxvaocirp/Build/Intermediates.noindex/ArchiveIntermediates/BobCamAgent/IntermediateBuildFilesPath/BobCamAgent.build/Debug-iphoneos/BobCamAgent.build/Objects-normal/arm64/BobCamAgent.LinkFileList -Xlinker -rpath -Xlinker @executable_path/Frameworks -Xlinker -rpath -Xlinker @loader_path/Frameworks -dead_strip -Xlinker -object_path_lto -Xlinker /Users/gunn.kim/Library/Developer/Xcode/DerivedData/BobCamAgent-elvzdrtgzbztmwhjwnkkxvaocirp/Build/Intermediates.noindex/ArchiveIntermediates/BobCamAgent/IntermediateBuildFilesPath/BobCamAgent.build/Debug-iphoneos/BobCamAgent.build/Objects-normal/arm64/BobCamAgent_lto.o -rdynamic -Xlinker -no_deduplicate -Xlinker -final_output -Xlinker /Applications/BobCamAgent.app/BobCamAgent -Xlinker -dependency_info -Xlinker /Users/gunn.kim/Library/Developer/Xcode/DerivedData/BobCamAgent-elvzdrtgzbztmwhjwnkkxvaocirp/Build/Intermediates.noindex/ArchiveIntermediates/BobCamAgent/IntermediateBuildFilesPath/BobCamAgent.build/Debug-iphoneos/BobCamAgent.build/Objects-normal/arm64/BobCamAgent_dependency_info.dat -fobjc-link-runtime -L/Applications/Xcode.app/Contents/Developer/Toolchains/XcodeDefault.xctoolchain/usr/lib/swift/iphoneos -L/usr/lib/swift -Xlinker -add_ast_path -Xlinker /Users/gunn.kim/Library/Developer/Xcode/DerivedData/BobCamAgent-elvzdrtgzbztmwhjwnkkxvaocirp/Build/Intermediates.noindex/ArchiveIntermediates/BobCamAgent/IntermediateBuildFilesPath/BobCamAgent.build/Debug-iphoneos/BobCamAgent.build/Objects-normal/arm64/BobCamAgent.swiftmodule -framework Pods_BobCamAgent -Xlinker -no_adhoc_codesign -o /Users/gunn.kim/Library/Developer/Xcode/DerivedData/BobCamAgent-elvzdrtgzbztmwhjwnkkxvaocirp/Build/Intermediates.noindex/ArchiveIntermediates/BobCamAgent/InstallationBuildProductsLocation/Applications/BobCamAgent.app/BobCamAgent

CopySwiftLibs /Users/gunn.kim/Library/Developer/Xcode/DerivedData/BobCamAgent-elvzdrtgzbztmwhjwnkkxvaocirp/Build/Intermediates.noindex/ArchiveIntermediates/BobCamAgent/InstallationBuildProductsLocation/Applications/BobCamAgent.app (in target 'BobCamAgent' from project 'BobCamAgent')
    cd /Users/gunn.kim/study/BobCam/BobCam-iOS/BobCamAgent
    builtin-swiftStdLibTool --copy --verbose --sign E49944925F946698B4A142A6CBA2442A820F3F74 --scan-executable /Users/gunn.kim/Library/Developer/Xcode/DerivedData/BobCamAgent-elvzdrtgzbztmwhjwnkkxvaocirp/Build/Intermediates.noindex/ArchiveIntermediates/BobCamAgent/InstallationBuildProductsLocation/Applications/BobCamAgent.app/BobCamAgent --scan-folder /Users/gunn.kim/Library/Developer/Xcode/DerivedData/BobCamAgent-elvzdrtgzbztmwhjwnkkxvaocirp/Build/Intermediates.noindex/ArchiveIntermediates/BobCamAgent/InstallationBuildProductsLocation/Applications/BobCamAgent.app/Frameworks --scan-folder /Users/gunn.kim/Library/Developer/Xcode/DerivedData/BobCamAgent-elvzdrtgzbztmwhjwnkkxvaocirp/Build/Intermediates.noindex/ArchiveIntermediates/BobCamAgent/InstallationBuildProductsLocation/Applications/BobCamAgent.app/PlugIns --scan-folder /Users/gunn.kim/Library/Developer/Xcode/DerivedData/BobCamAgent-elvzdrtgzbztmwhjwnkkxvaocirp/Build/Intermediates.noindex/ArchiveIntermediates/BobCamAgent/InstallationBuildProductsLocation/Applications/BobCamAgent.app/SystemExtensions --scan-folder /Users/gunn.kim/Library/Developer/Xcode/DerivedData/BobCamAgent-elvzdrtgzbztmwhjwnkkxvaocirp/Build/Intermediates.noindex/ArchiveIntermediates/BobCamAgent/InstallationBuildProductsLocation/Applications/BobCamAgent.app/Extensions --scan-folder /Users/gunn.kim/Library/Developer/Xcode/DerivedData/BobCamAgent-elvzdrtgzbztmwhjwnkkxvaocirp/Build/Intermediates.noindex/ArchiveIntermediates/BobCamAgent/BuildProductsPath/Debug-iphoneos/Pods_BobCamAgent.framework --platform iphoneos --toolchain /Applications/Xcode.app/Contents/Developer/Toolchains/XcodeDefault.xctoolchain --destination /Users/gunn.kim/Library/Developer/Xcode/DerivedData/BobCamAgent-elvzdrtgzbztmwhjwnkkxvaocirp/Build/Intermediates.noindex/ArchiveIntermediates/BobCamAgent/InstallationBuildProductsLocation/Applications/BobCamAgent.app/Frameworks --unsigned-destination /Users/gunn.kim/Library/Developer/Xcode/DerivedData/BobCamAgent-elvzdrtgzbztmwhjwnkkxvaocirp/Build/Intermediates.noindex/ArchiveIntermediates/BobCamAgent/BuildProductsPath/SwiftSupport --strip-bitcode --strip-bitcode-tool /Applications/Xcode.app/Contents/Developer/Toolchains/XcodeDefault.xctoolchain/usr/bin/bitcode_strip --emit-dependency-info /Users/gunn.kim/Library/Developer/Xcode/DerivedData/BobCamAgent-elvzdrtgzbztmwhjwnkkxvaocirp/Build/Intermediates.noindex/ArchiveIntermediates/BobCamAgent/IntermediateBuildFilesPath/BobCamAgent.build/Debug-iphoneos/BobCamAgent.build/SwiftStdLibToolInputDependencies.dep --filter-for-swift-os

ExtractAppIntentsMetadata (in target 'BobCamAgent' from project 'BobCamAgent')
    cd /Users/gunn.kim/study/BobCam/BobCam-iOS/BobCamAgent
    /Applications/Xcode.app/Contents/Developer/Toolchains/XcodeDefault.xctoolchain/usr/bin/appintentsmetadataprocessor --toolchain-dir /Applications/Xcode.app/Contents/Developer/Toolchains/XcodeDefault.xctoolchain --module-name BobCamAgent --sdk-root /Applications/Xcode.app/Contents/Developer/Platforms/iPhoneOS.platform/Developer/SDKs/iPhoneOS18.5.sdk --xcode-version 16F6 --platform-family iOS --deployment-target 15.0 --bundle-identifier com.bobcam.ios.app --output /Users/gunn.kim/Library/Developer/Xcode/DerivedData/BobCamAgent-elvzdrtgzbztmwhjwnkkxvaocirp/Build/Intermediates.noindex/ArchiveIntermediates/BobCamAgent/InstallationBuildProductsLocation/Applications/BobCamAgent.app --target-triple arm64-apple-ios15.0 --binary-file /Users/gunn.kim/Library/Developer/Xcode/DerivedData/BobCamAgent-elvzdrtgzbztmwhjwnkkxvaocirp/Build/Intermediates.noindex/ArchiveIntermediates/BobCamAgent/InstallationBuildProductsLocation/Applications/BobCamAgent.app/BobCamAgent --dependency-file /Users/gunn.kim/Library/Developer/Xcode/DerivedData/BobCamAgent-elvzdrtgzbztmwhjwnkkxvaocirp/Build/Intermediates.noindex/ArchiveIntermediates/BobCamAgent/IntermediateBuildFilesPath/BobCamAgent.build/Debug-iphoneos/BobCamAgent.build/Objects-normal/arm64/BobCamAgent_dependency_info.dat --stringsdata-file /Users/gunn.kim/Library/Developer/Xcode/DerivedData/BobCamAgent-elvzdrtgzbztmwhjwnkkxvaocirp/Build/Intermediates.noindex/ArchiveIntermediates/BobCamAgent/IntermediateBuildFilesPath/BobCamAgent.build/Debug-iphoneos/BobCamAgent.build/Objects-normal/arm64/ExtractedAppShortcutsMetadata.stringsdata --source-file-list /Users/gunn.kim/Library/Developer/Xcode/DerivedData/BobCamAgent-elvzdrtgzbztmwhjwnkkxvaocirp/Build/Intermediates.noindex/ArchiveIntermediates/BobCamAgent/IntermediateBuildFilesPath/BobCamAgent.build/Debug-iphoneos/BobCamAgent.build/Objects-normal/arm64/BobCamAgent.SwiftFileList --metadata-file-list /Users/gunn.kim/Library/Developer/Xcode/DerivedData/BobCamAgent-elvzdrtgzbztmwhjwnkkxvaocirp/Build/Intermediates.noindex/ArchiveIntermediates/BobCamAgent/IntermediateBuildFilesPath/BobCamAgent.build/Debug-iphoneos/BobCamAgent.build/BobCamAgent.DependencyMetadataFileList --static-metadata-file-list /Users/gunn.kim/Library/Developer/Xcode/DerivedData/BobCamAgent-elvzdrtgzbztmwhjwnkkxvaocirp/Build/Intermediates.noindex/ArchiveIntermediates/BobCamAgent/IntermediateBuildFilesPath/BobCamAgent.build/Debug-iphoneos/BobCamAgent.build/BobCamAgent.DependencyStaticMetadataFileList --swift-const-vals-list /Users/gunn.kim/Library/Developer/Xcode/DerivedData/BobCamAgent-elvzdrtgzbztmwhjwnkkxvaocirp/Build/Intermediates.noindex/ArchiveIntermediates/BobCamAgent/IntermediateBuildFilesPath/BobCamAgent.build/Debug-iphoneos/BobCamAgent.build/Objects-normal/arm64/BobCamAgent.SwiftConstValuesFileList --compile-time-extraction --deployment-aware-processing --validate-assistant-intents --no-app-shortcuts-localization
2025-08-22 16:51:15.315 appintentsmetadataprocessor[87861:10553848] Starting appintentsmetadataprocessor export
2025-08-22 16:51:15.317 appintentsmetadataprocessor[87861:10553848] warning: Metadata extraction skipped. No AppIntents.framework dependency found.

AppIntentsSSUTraining (in target 'BobCamAgent' from project 'BobCamAgent')
    cd /Users/gunn.kim/study/BobCam/BobCam-iOS/BobCamAgent
    /Applications/Xcode.app/Contents/Developer/Toolchains/XcodeDefault.xctoolchain/usr/bin/appintentsnltrainingprocessor --infoplist-path /Users/gunn.kim/Library/Developer/Xcode/DerivedData/BobCamAgent-elvzdrtgzbztmwhjwnkkxvaocirp/Build/Intermediates.noindex/ArchiveIntermediates/BobCamAgent/InstallationBuildProductsLocation/Applications/BobCamAgent.app/Info.plist --temp-dir-path /Users/gunn.kim/Library/Developer/Xcode/DerivedData/BobCamAgent-elvzdrtgzbztmwhjwnkkxvaocirp/Build/Intermediates.noindex/ArchiveIntermediates/BobCamAgent/IntermediateBuildFilesPath/BobCamAgent.build/Debug-iphoneos/BobCamAgent.build/ssu --bundle-id com.bobcam.ios.app --product-path /Users/gunn.kim/Library/Developer/Xcode/DerivedData/BobCamAgent-elvzdrtgzbztmwhjwnkkxvaocirp/Build/Intermediates.noindex/ArchiveIntermediates/BobCamAgent/InstallationBuildProductsLocation/Applications/BobCamAgent.app --extracted-metadata-path /Users/gunn.kim/Library/Developer/Xcode/DerivedData/BobCamAgent-elvzdrtgzbztmwhjwnkkxvaocirp/Build/Intermediates.noindex/ArchiveIntermediates/BobCamAgent/InstallationBuildProductsLocation/Applications/BobCamAgent.app/Metadata.appintents --deployment-postprocessing --metadata-file-list /Users/gunn.kim/Library/Developer/Xcode/DerivedData/BobCamAgent-elvzdrtgzbztmwhjwnkkxvaocirp/Build/Intermediates.noindex/ArchiveIntermediates/BobCamAgent/IntermediateBuildFilesPath/BobCamAgent.build/Debug-iphoneos/BobCamAgent.build/BobCamAgent.DependencyMetadataFileList --archive-ssu-assets
2025-08-22 16:51:15.337 appintentsnltrainingprocessor[87862:10553850] Parsing options for appintentsnltrainingprocessor
2025-08-22 16:51:15.337 appintentsnltrainingprocessor[87862:10553850] No AppShortcuts found - Skipping.

SetOwnerAndGroup gunn.kim:staff /Users/gunn.kim/Library/Developer/Xcode/DerivedData/BobCamAgent-elvzdrtgzbztmwhjwnkkxvaocirp/Build/Intermediates.noindex/ArchiveIntermediates/BobCamAgent/InstallationBuildProductsLocation/Applications/BobCamAgent.app (in target 'BobCamAgent' from project 'BobCamAgent')
    cd /Users/gunn.kim/study/BobCam/BobCam-iOS/BobCamAgent
    /usr/sbin/chown -RH gunn.kim:staff /Users/gunn.kim/Library/Developer/Xcode/DerivedData/BobCamAgent-elvzdrtgzbztmwhjwnkkxvaocirp/Build/Intermediates.noindex/ArchiveIntermediates/BobCamAgent/InstallationBuildProductsLocation/Applications/BobCamAgent.app

SetMode u+w,go-w,a+rX /Users/gunn.kim/Library/Developer/Xcode/DerivedData/BobCamAgent-elvzdrtgzbztmwhjwnkkxvaocirp/Build/Intermediates.noindex/ArchiveIntermediates/BobCamAgent/InstallationBuildProductsLocation/Applications/BobCamAgent.app (in target 'BobCamAgent' from project 'BobCamAgent')
    cd /Users/gunn.kim/study/BobCam/BobCam-iOS/BobCamAgent
    /bin/chmod -RH u+w,go-w,a+rX /Users/gunn.kim/Library/Developer/Xcode/DerivedData/BobCamAgent-elvzdrtgzbztmwhjwnkkxvaocirp/Build/Intermediates.noindex/ArchiveIntermediates/BobCamAgent/InstallationBuildProductsLocation/Applications/BobCamAgent.app

CodeSign /Users/gunn.kim/Library/Developer/Xcode/DerivedData/BobCamAgent-elvzdrtgzbztmwhjwnkkxvaocirp/Build/Intermediates.noindex/ArchiveIntermediates/BobCamAgent/InstallationBuildProductsLocation/Applications/BobCamAgent.app (in target 'BobCamAgent' from project 'BobCamAgent')
    cd /Users/gunn.kim/study/BobCam/BobCam-iOS/BobCamAgent
    
    Signing Identity:     "Apple Development: adalgu@gmail.com (9YSSHCTP98)"
    Provisioning Profile: "iOS Team Provisioning Profile: com.bobcam.ios.app"
                          (6b32fc7f-1ec8-4dba-98f7-119db86d75f1)
    
    /usr/bin/codesign --force --sign E49944925F946698B4A142A6CBA2442A820F3F74 --entitlements /Users/gunn.kim/Library/Developer/Xcode/DerivedData/BobCamAgent-elvzdrtgzbztmwhjwnkkxvaocirp/Build/Intermediates.noindex/ArchiveIntermediates/BobCamAgent/IntermediateBuildFilesPath/BobCamAgent.build/Debug-iphoneos/BobCamAgent.build/BobCamAgent.app.xcent --generate-entitlement-der /Users/gunn.kim/Library/Developer/Xcode/DerivedData/BobCamAgent-elvzdrtgzbztmwhjwnkkxvaocirp/Build/Intermediates.noindex/ArchiveIntermediates/BobCamAgent/InstallationBuildProductsLocation/Applications/BobCamAgent.app

RegisterExecutionPolicyException /Users/gunn.kim/Library/Developer/Xcode/DerivedData/BobCamAgent-elvzdrtgzbztmwhjwnkkxvaocirp/Build/Intermediates.noindex/ArchiveIntermediates/BobCamAgent/InstallationBuildProductsLocation/Applications/BobCamAgent.app (in target 'BobCamAgent' from project 'BobCamAgent')
    cd /Users/gunn.kim/study/BobCam/BobCam-iOS/BobCamAgent
    builtin-RegisterExecutionPolicyException /Users/gunn.kim/Library/Developer/Xcode/DerivedData/BobCamAgent-elvzdrtgzbztmwhjwnkkxvaocirp/Build/Intermediates.noindex/ArchiveIntermediates/BobCamAgent/InstallationBuildProductsLocation/Applications/BobCamAgent.app

Validate /Users/gunn.kim/Library/Developer/Xcode/DerivedData/BobCamAgent-elvzdrtgzbztmwhjwnkkxvaocirp/Build/Intermediates.noindex/ArchiveIntermediates/BobCamAgent/InstallationBuildProductsLocation/Applications/BobCamAgent.app (in target 'BobCamAgent' from project 'BobCamAgent')
    cd /Users/gunn.kim/study/BobCam/BobCam-iOS/BobCamAgent
    builtin-validationUtility /Users/gunn.kim/Library/Developer/Xcode/DerivedData/BobCamAgent-elvzdrtgzbztmwhjwnkkxvaocirp/Build/Intermediates.noindex/ArchiveIntermediates/BobCamAgent/InstallationBuildProductsLocation/Applications/BobCamAgent.app -infoplist-subpath Info.plist

Touch /Users/gunn.kim/Library/Developer/Xcode/DerivedData/BobCamAgent-elvzdrtgzbztmwhjwnkkxvaocirp/Build/Intermediates.noindex/ArchiveIntermediates/BobCamAgent/InstallationBuildProductsLocation/Applications/BobCamAgent.app (in target 'BobCamAgent' from project 'BobCamAgent')
    cd /Users/gunn.kim/study/BobCam/BobCam-iOS/BobCamAgent
    /usr/bin/touch -c /Users/gunn.kim/Library/Developer/Xcode/DerivedData/BobCamAgent-elvzdrtgzbztmwhjwnkkxvaocirp/Build/Intermediates.noindex/ArchiveIntermediates/BobCamAgent/InstallationBuildProductsLocation/Applications/BobCamAgent.app

** INSTALL SUCCEEDED **

